category,company,date,end_location,end_time,id,kilometres,notes,start_location,start_time
business,,2026-01-07,"3420, 3420, Quadra Street, Saanich, British Columbia",22:46,12655632-c5cb-4818-832e-338246f78645,8.5,Home,"2289, Covington Place, Saanich, British Columbia",22:34
business,,2026-01-07,"2296, Covington Place, Saanich, British Columbia",22:34,a3c8ba78-6e31-4016-ac8b-aeffc31f0c19,10.7,Dropping off delivery,"Delicious Pizza & Pasta, Delicious Pizza & Pasta, Delicious Pizza & Pasta, 3388 Douglas Street, Saanich",22:15
business,,2026-01-07,"Delicious Pizza & Pasta, Delicious Pizza & Pasta, 3388 Douglas Street, Saanich",22:15,525c7414-c3eb-4d82-9682-59e945eb87fc,0.6,Picking up food,"McDonald's, McDonald's, McDonald's, McDonald's, McDonald's, 3465 Saanich Road, Saanich",22:12
business,,2026-01-07,"McDonald's, McDonald's, McDonald's, McDonald's, 3465 Saanich Road, Saanich",22:12,25b0bc04-376b-46ba-86c2-4ef719b2292c,1.2,Going to hot zone,"270, Nicola Place, Saanich, British Columbia",21:57
business,,2026-01-07,"270, Nicola Place, Saanich, British Columbia",21:56,35a25feb-d4a9-4375-aa33-eff9cab128dd,1.2,Dropping off delivery,"3400, Douglas Street, Saanich, British Columbia",21:54
business,,2026-01-07,"Oak Street, Saanich, British Columbia",21:49,c22e48db-7268-4c9a-99eb-a6c3b1f6d2b4,2.3,Picking up food,"1406, Merritt Place, Victoria, British Columbia",21:38
business,,2026-01-07,"1406, Merritt Place, Victoria, British Columbia",21:38,14740d4a-5e58-44a3-83cf-ee43a9f8c694,3.6,Dropping off delivery,"A&W, Cedar Hill Cross Road, Saanich",21:30
business,,2026-01-07,"A&W, Cedar Hill Cross Road, Saanich",21:30,86d42b5b-5b57-46cd-9c4d-c2cc689a2eeb,1.6,Picking up food,"McKenzie Avenue, Saanich, British Columbia",21:26
business,,2026-01-07,"McKenzie Avenue, Saanich, British Columbia",21:26,101a9beb-a41f-42d9-a418-133993c3b6ad,3.8,,"Alumni Chip Trail, Saanich, British Columbia",21:18
business,,2026-01-07,"Alumni Chip Trail, Saanich, British Columbia",21:18,af9c1e61-d022-4f47-9df8-2e2ea0499f20,1.5,Dropping off delivery,"3811, Kremlin Street, Saanich, British Columbia",21:09
business,,2026-01-07,"1760, Broadmead Avenue, Saanich, British Columbia",21:07,f545633c-bcc1-4827-9c15-3c0923487d83,1.2,Dropping off delivery,"Stamboul Street, Saanich, British Columbia",21:02
business,,2026-01-07,"Kisber Avenue, Saanich, British Columbia",21:02,57ba867e-61fe-4891-bf6f-08a6a5609be3,1,Picking up food,"Popeyes, 1646 McKenzie Avenue, Saanich",20:50
business,,2026-01-07,"Popeyes, 1646 McKenzie Avenue, Saanich",20:50,c3b49143-c5ef-4815-b568-95546e1548c2,0.1,,"1654, McKenzie Avenue, Saanich, British Columbia",20:42
business,,2026-01-07,"1654, McKenzie Avenue, Saanich, British Columbia",20:42,10e10630-cac2-4ce6-a883-5c1cc1b94167,1,Picking up food,"McDonald's, 1567 Cedar Hill Cross Road, Victoria",20:18
business,,2026-01-07,"1567, Cedar Hill Cross Road, Victoria, British Columbia",20:18,fb2e5da5-86fc-43a2-9d35-bef4ef01ffb8,0.2,Picking up food,"Stamboul Street, Saanich, British Columbia",20:15
business,,2026-01-07,"Stamboul Street, Saanich, British Columbia",20:15,87f12490-166d-45d9-a1a3-a4ba23ee14ec,3.5,Dropping off delivery,"White Spot, 1871 Fort Street, Victoria",19:42
business,,2026-01-07,"White Spot, 1871 Fort Street, Victoria",19:42,7faf93ed-58d7-4e5e-b892-177812335023,0.5,Picking up food,"2226, Shelbourne Street, Victoria, British Columbia",19:38
business,,2026-01-07,"Shelbourne Street, Victoria, British Columbia",19:38,9e8225df-0b56-40c9-ad1a-9f8cd43b2dab,2.6,Dropping off delivery,"Unit 1490, 1490-1475, Ocean View Road, Saanich, British Columbia",19:17
business,,2026-01-07,"Unit 1490, 1490-1475, Ocean View Road, Saanich, British Columbia",19:17,c339d6f0-7160-42cf-af5f-c15c2d383b46,2.4,Dropping off delivery,"Bin 4 Burger Lounge, Bin 4 Burger Lounge, Bin 4 Burger Lounge, Maple Street, Saanich",19:09
business,,2026-01-07,"Bin 4 Burger Lounge, Bin 4 Burger Lounge, Bin 4 Burger Lounge, Maple Street, Saanich",19:09,babf710d-04c0-44a2-99a8-794772322c0b,0.8,Picking up food,"3420, Quadra Street, Saanich, British Columbia",18:55
business,,2026-01-06,"3420, Quadra Street, Saanich, British Columbia",23:05,7b6096fa-046e-4ebb-9eb7-434478cf80ae,1.6,Home,"Unit 1702, 1702-Newton Street, Saanich, British Columbia",22:55
business,,2026-01-06,"Unit 1702, 1702-Newton Street, Saanich, British Columbia",22:52,25edc986-a612-4b5c-959b-8152f25ebda2,2.6,Dropping off delivery,"2643, Prior Street, Victoria, British Columbia",22:42
business,,2026-01-06,"Unit 1702, 1702-Newton Street, Saanich, British Columbia",22:52,5037cad9-2321-481b-875b-e6de15c18c8e,2.6,Dropping off delivery,"2643, Prior Street, Victoria, British Columbia",22:42
business,,2026-01-06,"Newton Street, Saanich, British Columbia",22:52,a86c51f2-9b22-436d-b7c8-d319a73fa52a,2.6,Dropping off delivery,"2643, Prior Street, Victoria, British Columbia",22:42
business,,2026-01-06,"2643, Prior Street, Victoria, British Columbia",22:42,e604d8df-4ce2-48f9-82f2-f1db50122953,1.3,Dropping off delivery,"2950, Douglas Street, Victoria, British Columbia",22:35
business,,2026-01-06,"Delicious Pizza & Pasta, 3388 Douglas Street, Saanich",22:23,ef32855c-0a4b-4aff-97e4-d39cf6ec3337,0.3,Picking up food,"McDonald's, McDonald's, McDonald's, 3465 Saanich Road, Saanich",22:20
business,,2026-01-06,"3558, Elliston Avenue, Saanich, British Columbia",21:59,6049e800-e351-4e34-8ee1-6c893b87b59d,2.4,Dropping off delivery,"Shark club, 2852, Douglas Street, Victoria, British Columbia",21:51
business,,2026-01-06,"Shark club, 2852, Douglas Street, Victoria, British Columbia",21:50,813fd309-bcd1-4875-9704-d42af57edad4,1.5,Picking up food,"160 Wilson street, Wilson Street, Victoria, British Columbia",21:40
business,,2026-01-06,"Shark club, 2852, Douglas Street, Victoria, British Columbia",21:50,e8b94192-5978-4c3b-90a0-916643824dcb,1.5,Picking up food,"160 Wilson street, Wilson Street, Victoria, British Columbia",21:40
business,,2026-01-06,"160 Wilson street, Wilson Street, Victoria, British Columbia",21:39,d51bf44f-3f82-4dfd-b290-adecc08e6fa2,3.4,Dropping off delivery,"Canadian Brewhouse & Grill, Canadian Brewhouse & Grill, Douglas Street, Saanich",21:07
business,,2026-01-06,"160 Wilson street, Wilson Street, Victoria, British Columbia",21:39,7864728c-457a-4091-adb5-8966d008cf85,3.4,Dropping off delivery,"Canadian Brewhouse & Grill, Canadian Brewhouse & Grill, Douglas Street, Saanich",21:07
business,,2026-01-06,"Canadian Brewhouse & Grill, Douglas Street, Saanich",21:06,17c37969-c1a6-452b-848f-256f60e12b61,1.2,Picking up food,"501, 501, 501 Ker Avenue, Saanich",20:56
business,,2026-01-06,"501, 501 Ker Avenue, Saanich",20:53,eb8925a7-1650-412d-8df9-e96696514c96,1.9,Dropping off delivery,"Dairy Queen, Dairy Queen, Glentana Road, View Royal",20:45
business,,2026-01-06,"Dairy Queen, Glentana Road, View Royal",20:45,9e35af7a-3a59-413d-afa6-95d9c603529f,0.6,Picking up food,"1293 craigflower, Craigflower Road, Esquimalt, British Columbia",20:37
business,,2026-01-06,"1293 craigflower, Craigflower Road, Esquimalt, British Columbia",20:37,c0b4a197-5604-41a7-830b-dbd291dec734,3,Dropping off delivery,"Tudor House Liquor Store, Tudor House Liquor Store, 533 Lyall Street, Esquimalt",20:29
business,,2026-01-06,"1293 craigflower, Craigflower Road, Esquimalt, British Columbia",20:37,731e2aa2-2b57-43e1-869e-ba28d50ed375,3,Dropping off delivery,"Tudor House Liquor Store, Tudor House Liquor Store, 533 Lyall Street, Esquimalt",20:29
business,,2026-01-06,"1293 craigflower, Craigflower Road, Esquimalt, British Columbia",20:37,2e2f7a95-0f2c-43bf-9821-b7d71f7c10bc,3,Dropping off delivery,"Tudor House Liquor Store, Tudor House Liquor Store, 533 Lyall Street, Esquimalt",20:29
business,,2026-01-06,"Tudor House Liquor Store, 533 Lyall Street, Esquimalt",20:28,c4a1183a-ea02-4d22-a1e3-b18acb34dbc3,3.1,Picking up food,"45, 45, 45 Gorge Road East, Victoria",20:09
business,,2026-01-06,"45, 45 Gorge Road East, Victoria",20:08,346dbe8e-52fe-483d-aa30-845cf6aae325,1.2,Dropping off delivery,"Audley Street, Saanich, British Columbia",19:57
business,,2026-01-06,"Audley Street, Saanich, British Columbia",19:57,ec875325-30ea-45ff-9a1c-af29c4b6917d,6.3,,"940, Lovat Avenue, Saanich, British Columbia",19:29
business,,2026-01-06,"940, Lovat Avenue, Saanich, British Columbia",19:29,a9337d71-5fe8-4352-9035-c0d4ca532042,1.4,Dropping off delivery,"Cascadia Liquor Store, Uptown Boulevard, Saanich",19:19
business,,2026-01-06,"Uptown Boulevard, Saanich, British Columbia",19:17,244e0ce2-4d00-4746-8255-a7235a1e34b1,1,Picking up food,"Blanshard Street, Saanich, British Columbia",19:11
personal,,2026-01-14,"3420, Quadra Street, Saanich, British Columbia",22:39,814e3900-7069-47b9-9569-b2db38b77e95,2.5,Home,"3313, Cedar Hill Road, Saanich, British Columbia",22:33
business,,2026-01-14,"3313, Cedar Hill Road, Saanich, British Columbia",22:31,3746adf9-3caa-40dd-8a05-6e69f81085f5,3.9,Dropping off delivery,"Esso, 4001 Quadra Street, Saanich",22:23
business,,2026-01-14,"Esso, 4001 Quadra Street, Saanich",22:22,488384dd-c913-4aea-ae92-8d76f2b18301,0.1,Picking up food,"Dairy Queen, Dairy Queen, Dairy Queen, Dairy Queen, Dairy Queen, Dairy Queen, 3993 Quadra Street, Saanich",22:21
business,,2026-01-14,"Dairy Queen, Dairy Queen, Dairy Queen, Dairy Queen, Dairy Queen, 3993 Quadra Street, Saanich",22:09,14122843-0132-41f0-b63f-8be66d77ae92,3,Going to hot zone,"4541, Chatterton Way, Saanich, British Columbia",21:59
business,,2026-01-14,"4541, Chatterton Way, Saanich, British Columbia",21:59,9009074a-db66-4aca-93e5-7d99c9299d87,3.7,,"659, Hess Crescent, Saanich, British Columbia",21:48
business,,2026-01-14,"659, Hess Crescent, Saanich, British Columbia",21:48,faccc08f-370c-4b79-b41a-8a72a16b3591,3.5,Dropping off delivery,"7-Eleven, Douglas Street, Saanich",21:41
business,,2026-01-14,"7-Eleven, Douglas Street, Saanich",21:41,59d0a28b-4b15-42d6-9b40-9d727ebb1423,2.3,Picking up food,"Indian Aroma Restaurant, 612 Fisgard Street, Victoria",21:32
business,,2026-01-14,"Indian Aroma Restaurant, 612 Fisgard Street, Victoria, BC, V8W 1S7, 612 Fisgard Street, Victoria, British Columbia, V8W 1S7",21:31,41170804-8ed8-4f37-8b82-6fe9fcdd7eb9,0.5,,"827 Princess Avenue, Victoria, BC, V8T 4H9, Victoria, British Columbia, V8T 4H9",21:28
business,,2026-01-14,"827, Princess Avenue, Victoria, British Columbia",21:27,d0ff6be4-05c5-4606-a226-e669e8a665f0,2.8,Dropping off delivery,"Pinhalla, 516 Fisgard Street, Victoria",21:17
business,,2026-01-14,"Pinhalla, 516 Fisgard Street, Victoria",21:16,e7193629-7541-45ea-aaed-11368324b9a1,0.4,Picking up food,"629, Pandora Avenue, Victoria, British Columbia",21:09
business,,2026-01-14,"629, Pandora Avenue, Victoria, British Columbia",21:09,fa7ccc19-694d-4959-8cdc-aba12ad482f5,1.6,Going to hot zone,"1330, Pandora Avenue, Victoria, British Columbia",21:04
business,,2026-01-14,"1334, Pandora Avenue, Victoria, British Columbia",21:02,b35f762b-d77c-4a48-ab5e-da6504ac2034,4.3,Dropping off delivery,"Bin 4 Burger Lounge, Maple Street, Saanich",20:50
business,,2026-01-14,"Bin 4 Burger Lounge, Maple Street, Saanich",20:50,a27d4ab2-5950-4f0c-bed6-c775d6d5f4d4,0.7,Picking up food,"McDonald's, McDonald's, McDonald's, McDonald's, McDonald's, McDonald's, McDonald's, McDonald's, McDonald's, McDonald's, McDonald's, McDonald's, McDonald's, McDonald's, McDonald's, McDonald's, McDonald's, McDonald's, McDonald's, McDonald's, McDonald's, McDonald's, McDonald's, McDonald's, McDonald's, McDonald's, McDonald's, 3465 Saanich Road, Saanich",20:41
business,,2026-01-14,"McDonald's, McDonald's, McDonald's, McDonald's, McDonald's, McDonald's, McDonald's, McDonald's, McDonald's, McDonald's, McDonald's, McDonald's, McDonald's, McDonald's, McDonald's, McDonald's, McDonald's, McDonald's, McDonald's, McDonald's, McDonald's, McDonald's, McDonald's, McDonald's, McDonald's, McDonald's, 3465 Saanich Road, Saanich",20:41,0bf4457e-5c25-4182-aa92-56254cab57c8,1.7,Going to hot zone,"215, Sims Avenue, Saanich, British Columbia",20:36
business,,2026-01-14,"220, Sims Avenue, Saanich, British Columbia",20:34,c1cf9ab8-d6d6-4be4-945d-ae8a42da7533,1.9,Dropping off delivery,"3500 Uptown Boulevard, Saanich, BC, V8Z 3L0, Saanich, British Columbia, V8Z 3L0",20:22
business,,2026-01-14,"3500, Uptown Boulevard, Saanich, British Columbia",20:22,8d891e7f-a437-41ce-be5e-779ee219ed2a,0.5,Picking up food,"McDonald's, McDonald's, McDonald's, McDonald's, McDonald's, McDonald's, McDonald's, McDonald's, McDonald's, McDonald's, McDonald's, McDonald's, McDonald's, McDonald's, McDonald's, McDonald's, McDonald's, McDonald's, McDonald's, McDonald's, McDonald's, McDonald's, McDonald's, McDonald's, McDonald's, 3465 Saanich Road, Saanich",20:19
business,,2026-01-14,"McDonald's, McDonald's, McDonald's, McDonald's, McDonald's, McDonald's, McDonald's, McDonald's, McDonald's, McDonald's, McDonald's, McDonald's, McDonald's, McDonald's, McDonald's, McDonald's, McDonald's, McDonald's, McDonald's, McDonald's, McDonald's, McDonald's, McDonald's, McDonald's, 3465 Saanich Road, Saanich",20:19,33262968-1cce-498c-852a-c8b445930eb7,1,Going to hot zone,"961, 961, Tattersall Drive, Saanich, British Columbia",20:14
business,,2026-01-14,"961, Tattersall Drive, Saanich, British Columbia",20:13,e132e63b-e5b5-455d-8377-2d9f43842d68,1,Dropping off delivery,"McDonald's, McDonald's, McDonald's, McDonald's, McDonald's, McDonald's, McDonald's, McDonald's, McDonald's, McDonald's, McDonald's, McDonald's, McDonald's, McDonald's, McDonald's, McDonald's, McDonald's, McDonald's, McDonald's, McDonald's, McDonald's, McDonald's, McDonald's, 3465 Saanich Road, Saanich",20:09
business,,2026-01-14,"McDonald's, McDonald's, McDonald's, McDonald's, McDonald's, McDonald's, McDonald's, McDonald's, McDonald's, McDonald's, McDonald's, McDonald's, McDonald's, McDonald's, McDonald's, McDonald's, McDonald's, McDonald's, McDonald's, McDonald's, McDonald's, McDonald's, McDonald's, 3465 Saanich Road, Saanich",20:08,617e8929-287a-4612-a6b9-33df6e05be4c,1.7,Picking up food,"3420, 3420, 3420, 3420, 3420, Quadra Street, Saanich, British Columbia",19:56
business,,2026-01-13,"3420, 3420, 3420, 3420, Quadra Street, Saanich, British Columbia",22:54,b09799a0-1645-471d-b1bb-092fa9bc4afd,2.3,Home,"Sevenoaks Road, Saanich, BC, V8X 3G5, Saanich, British Columbia, V8X 3G5",22:49
business,,2026-01-13,"Sevenoaks Road, Saanich, British Columbia",22:47,d11b5fb5-333e-4713-8a7c-865014ebda59,1.1,Dropping off delivery,"Dairy Queen, Dairy Queen, Dairy Queen, Dairy Queen, 3993 Quadra Street, Saanich",22:43
business,,2026-01-13,"Dairy Queen, Dairy Queen, Dairy Queen, Dairy Queen, 3993 Quadra Street, Saanich",22:27,32ab4432-0b60-489a-a266-417094f93610,3,Picking up food,"McDonald's, McDonald's, McDonald's, McDonald's, McDonald's, McDonald's, McDonald's, McDonald's, McDonald's, McDonald's, McDonald's, McDonald's, McDonald's, McDonald's, McDonald's, McDonald's, McDonald's, McDonald's, McDonald's, McDonald's, McDonald's, McDonald's, 3465 Saanich Road, Saanich",22:21
business,,2026-01-13,"McDonald's, McDonald's, McDonald's, McDonald's, McDonald's, McDonald's, McDonald's, McDonald's, McDonald's, McDonald's, McDonald's, McDonald's, McDonald's, McDonald's, McDonald's, McDonald's, McDonald's, McDonald's, McDonald's, McDonald's, McDonald's, 3465 Saanich Road, Saanich",22:15,41895463-74bc-424d-bc78-d6fb0b3d52e4,11.7,Going to hot zone,"3053, Westridge Place, Highlands, British Columbia",21:56
business,,2026-01-13,"3053, Westridge Place, Highlands, British Columbia",21:55,7c223cc7-b519-46e8-b7c0-fa5dc7d3bf3b,8.3,Dropping off delivery,"The liquor co, The liquor co, 4144, Wilkinson Road, Saanich, British Columbia",21:41
business,,2026-01-13,"4144, Wilkinson Road, Saanich, British Columbia",21:39,09c16254-856f-41c7-8649-8f6c5c1ca636,1.5,Picking up food,"The liquor co, 4144, Wilkinson Road, Saanich, British Columbia",21:37
business,,2026-01-13,"The liquor co, 4144, Wilkinson Road, Saanich, British Columbia",21:37,714a5d87-c5d7-4a59-9c60-5886e25fd455,1.5,Picking up food,"4193 Carey Road, Saanich, BC, V8Z 6E5, Saanich, British Columbia, V8Z 6E5",21:32
business,,2026-01-13,"4193, Carey Road, Saanich, British Columbia",21:29,3941774c-4cb1-477e-adc4-1bcb7f2a7cf7,1.6,Dropping off delivery,"4291, Glanford Avenue, Saanich, British Columbia",21:25
business,,2026-01-13,"4291, Glanford Avenue, Saanich, British Columbia",21:23,296e26ce-b66c-4489-8ec2-fc246527abc4,5.8,Picking up food,"4011, 4011, Bow Road, Saanich, British Columbia",21:15
business,,2026-01-13,"4011, Bow Road, Saanich, British Columbia",21:13,556bad56-ef7f-49b7-b84c-979aafd4fd8a,2.9,Dropping off delivery,"Dairy Queen, Dairy Queen, Dairy Queen, 3993 Quadra Street, Saanich",21:03
business,,2026-01-13,"Dairy Queen, Dairy Queen, Dairy Queen, 3993 Quadra Street, Saanich",21:03,7366c7f2-8c77-448a-b7f3-66e94bb015eb,6.5,Picking up food,"7, 7, Stillwater Road, View Royal, British Columbia",20:54
business,,2026-01-13,"7, Stillwater Road, View Royal, British Columbia",20:53,37bbae05-a073-4a9d-a614-a18c93f9c722,1.3,Dropping off delivery,"Craigflower Road, Esquimalt, British Columbia",20:44
business,,2026-01-13,"Craigflower Road, Esquimalt, British Columbia",20:43,b57c7cac-a409-4085-b21c-def152be1716,4.6,Dropping off delivery,"Noodle Box, Uptown Boulevard, Saanich",20:35
business,,2026-01-13,"Noodle Box, Uptown Boulevard, Saanich",20:35,7eea8d9b-0e62-4eec-af9b-668dc667405c,0.4,Picking up food,"McDonald's, McDonald's, McDonald's, McDonald's, McDonald's, McDonald's, McDonald's, McDonald's, McDonald's, McDonald's, McDonald's, McDonald's, McDonald's, McDonald's, McDonald's, McDonald's, McDonald's, McDonald's, McDonald's, McDonald's, 3465 Saanich Road, Saanich",20:17
business,,2026-01-13,"McDonald's, McDonald's, McDonald's, McDonald's, McDonald's, McDonald's, McDonald's, McDonald's, McDonald's, McDonald's, McDonald's, McDonald's, McDonald's, McDonald's, McDonald's, McDonald's, McDonald's, McDonald's, McDonald's, 3465 Saanich Road, Saanich",20:17,1e713aa4-f849-4848-bfe6-b6b8bffbe63c,1.9,Going to hot zone,"3420, 3420, 3420, Quadra Street, Saanich, British Columbia",20:10
business,,2026-01-12,"3420, 3420, Quadra Street, Saanich, British Columbia",22:56,ad215ab2-1074-4624-adb4-8489eddb9fcd,7.4,Home,"4446, Greentree Terrace, Saanich, British Columbia",22:41
business,,2026-01-12,"4446, Greentree Terrace, Saanich, British Columbia",22:41,ea9d5faa-d6f0-420d-bdac-a19c3040e956,0.6,Dropping off delivery,"1883, San Pedro Avenue, Saanich, British Columbia",22:37
business,,2026-01-12,"1883, San Pedro Avenue, Saanich, British Columbia",22:35,c5b97bc1-bcf9-427e-bf30-bfbf26b0bb11,7.1,Dropping off delivery,"Tattersall Drive, Tattersall Drive, Saanich, British Columbia",22:23
business,,2026-01-12,"Tattersall Drive, Saanich, British Columbia",22:22,b40b9f21-8590-4711-a143-8e2c61402222,4.4,Dropping off delivery,"Nubo Japanese Tapas, 739 Pandora Avenue, Victoria",22:14
business,,2026-01-12,"Nubo Japanese Tapas, 739 Pandora Avenue, Victoria",22:14,dcd5ec75-57d2-4f0a-add6-fe25cd28d1e0,0.8,Picking up food,"Leopold's Tavern, 570 Yates Street, Victoria",22:05
business,,2026-01-12,"570, Yates Street, Victoria, British Columbia",22:04,b3f03c66-9e97-40fc-b3fd-b2e2f7257610,0.6,Picking up food,"760, Pandora Avenue, Victoria, British Columbia",21:56
business,,2026-01-12,"760, Pandora Avenue, Victoria, British Columbia",21:51,990e023b-0349-4877-9e4c-c73b60ec8aa1,1.2,Going to hot zone,"Johnson Street, Johnson Street, Victoria, British Columbia",21:43
business,,2026-01-12,"Johnson Street, Victoria, British Columbia",21:42,d979705d-9595-49c4-a67f-4d52e4c6c10b,2.4,Dropping off delivery,"Biryani Palace, 2709 Quadra Street, Victoria",21:34
business,,2026-01-12,"Biryani Palace, 2709 Quadra Street, Victoria",21:33,4640539d-7dc3-42a6-a435-46d86596f289,1.8,Picking up food,"Kings Road, Kings Road, Victoria",21:25
business,,2026-01-12,"Kings Road, Kings Road, Victoria",21:24,1d831baf-8cde-4145-8543-03251bf5269b,3.8,Dropping off delivery,"1723 Christmas Avenue, Saanich, BC, V8P 2P7, Saanich, British Columbia, V8P 2P7",21:15
business,,2026-01-12,"1723, Christmas Avenue, Saanich, British Columbia",21:12,3036481c-3246-4409-bd85-5dc802dd0a12,1.4,Dropping off delivery,"Popeyes, Popeyes, 1646 McKenzie Avenue, Saanich",20:47
business,,2026-01-12,"Popeyes, 1646 McKenzie Avenue, Saanich",20:47,0965746e-0cae-4370-91f3-3db0881566dc,2.6,Going to hot zone,"2425, 2425, Sinclair Road, Saanich, British Columbia",20:33
business,,2026-01-12,"2425, Sinclair Road, Saanich, British Columbia",20:33,e8e8e167-f07b-4dc0-a4cd-b872542d7f69,1.8,Dropping off delivery,"Dave's Hot Chicken, McKenzie Avenue, Saanich",20:24
business,,2026-01-12,"Dave's Hot Chicken, McKenzie Avenue, Saanich",20:24,191de7ea-03e2-4d71-8c73-df5a10d1428f,2.6,Picking up food,"Dairy Queen, Dairy Queen, 3993 Quadra Street, Saanich",20:19
business,,2026-01-12,"Dairy Queen, 3993 Quadra Street, Saanich",20:14,6eeb47e2-669f-4473-87ae-879ccff460f1,1.5,Picking up food,"3420, Quadra Street, Saanich, British Columbia",20:09
business,,2026-01-10,"3420, Quadra Street, Saanich, British Columbia",22:36,684b5f64-3bd1-4a2a-87ae-6da0d0be92d3,4.1,Home,"135, 135, Gorge Road East, Victoria, British Columbia",22:25
business,,2026-01-10,"135, Gorge Road East, Victoria, British Columbia",22:23,c0cb8b40-ab48-4d03-972c-7a93bcde09ab,3.7,Dropping off delivery,"560, Yates Street, Victoria, British Columbia",22:14
business,,2026-01-10,"560, Yates Street, Victoria, British Columbia",22:12,35c8bea4-37a6-41bd-bdb9-467715c1f878,0.3,Picking up food,"555, Johnson Street, Victoria, British Columbia",22:09
business,,2026-01-10,"555, Johnson Street, Victoria, British Columbia",22:03,9e505f0b-31b7-4981-b9ec-baa9aa7f6a84,1.4,Going to hot zone,"701, Esquimalt Road, Victoria, British Columbia",21:38
business,,2026-01-10,"701, Esquimalt Road, Victoria, British Columbia",21:32,88514848-3b8b-4a54-8407-ba8a84c983e5,4.6,Dropping off delivery,"Papa johns, Papa johns, Burnside Road West, Saanich, British Columbia",21:22
business,,2026-01-10,"Papa johns, Burnside Road West, Saanich, British Columbia",21:20,32a69d67-453e-4442-bcc9-49fb2af27016,2.3,Picking up food,"McDonald's, McDonald's, McDonald's, McDonald's, McDonald's, McDonald's, McDonald's, McDonald's, McDonald's, McDonald's, McDonald's, McDonald's, McDonald's, McDonald's, McDonald's, McDonald's, McDonald's, McDonald's, 3465 Saanich Road, Saanich",21:16
business,,2026-01-10,"McDonald's, 3465 Saanich Road, Saanich, BC, V8Z 3L0, 3465 Saanich Road, Saanich, British Columbia, V8Z 3L0",21:12,907195a5-0194-4350-b6ce-d538d3b07a02,2,,"555 Tait Street, Saanich, BC, V8Z 6E2, Saanich, British Columbia, V8Z 6E2",21:02
business,,2026-01-10,"555 Tait Street, Saanich, BC, V8Z 6E2, Saanich, British Columbia, V8Z 6E2",21:11,88969a9e-0e1a-4ca8-b8ba-cdc0114b9bec,1.6,Dropping off delivery,"3896, Carey Road, Saanich, British Columbia",20:54
business,,2026-01-10,"3896, Carey Road, Saanich, British Columbia",20:54,cdf30580-91bb-46e9-bf75-e76dda898585,2.9,,"McDonald's, 3465 Saanich Road, Saanich, BC, V8Z 3L0, 3465 Saanich Road, Saanich, British Columbia, V8Z 3L0",20:45
business,,2026-01-10,"McDonald's, 3465 Saanich Road, Saanich, BC, V8Z 3L0, 3465 Saanich Road, Saanich, British Columbia, V8Z 3L0",20:45,57d9b85b-5bf2-41cb-8b8f-2aa772b47bcf,3.3,Going to hot zone,"1618, Clawthorpe Avenue, Victoria, British Columbia",20:35
business,,2026-01-10,"1618, Clawthorpe Avenue, Victoria, British Columbia",20:33,20861a74-a523-49d7-8804-5c4003da9423,4.4,Dropping off delivery,"Brown's Social House, Brown's Social House, Uptown Boulevard, Saanich",20:25
business,,2026-01-10,"Brown's Social House, Brown's Social House, Uptown Boulevard, Saanich",20:15,0b322241-e2b0-463b-9ef5-17819e920022,0.7,Picking up food,"McDonald's, McDonald's, McDonald's, McDonald's, McDonald's, McDonald's, McDonald's, McDonald's, McDonald's, McDonald's, McDonald's, McDonald's, McDonald's, McDonald's, McDonald's, McDonald's, McDonald's, 3465 Saanich Road, Saanich",20:12
business,,2026-01-10,"McDonald's, McDonald's, McDonald's, McDonald's, McDonald's, McDonald's, McDonald's, McDonald's, McDonald's, McDonald's, McDonald's, McDonald's, McDonald's, McDonald's, McDonald's, McDonald's, 3465 Saanich Road, Saanich",20:03,c06dc0fd-2ce1-4926-a6ec-de8175d11355,1.1,Going to hot zone,"3546, Calumet Avenue, Saanich, British Columbia",19:59
business,,2026-01-10,"3555, Calumet Avenue, Saanich, British Columbia",19:58,4b0401c4-81ce-448b-ba8f-b45463aa1c2b,0.4,Dropping off delivery,"Brown's Social House, Uptown Boulevard, Saanich",19:53
business,,2026-01-10,"Brown's Social House, Uptown Boulevard, Saanich",19:48,acc180dc-34f6-4ea5-a3c4-dca849350750,0.7,Picking up food,"McDonald's, McDonald's, McDonald's, McDonald's, McDonald's, McDonald's, McDonald's, McDonald's, McDonald's, McDonald's, McDonald's, McDonald's, McDonald's, McDonald's, McDonald's, 3465 Saanich Road, Saanich",19:19
business,,2026-01-10,"McDonald's, McDonald's, McDonald's, McDonald's, McDonald's, McDonald's, McDonald's, McDonald's, McDonald's, McDonald's, McDonald's, McDonald's, McDonald's, McDonald's, McDonald's, 3465 Saanich Road, Saanich",19:19,c7fae449-42fc-43eb-bf31-7cd6d3242cb0,3.6,,"1025, Kings Road, Victoria, British Columbia",19:08
business,,2026-01-10,"1025, Kings Road, Victoria, British Columbia",19:08,f367042e-9950-453d-acfd-6988753d5eda,3.7,Dropping off delivery,"Thai Green Elephant, 809 Craigflower Road, Esquimalt",19:01
business,,2026-01-10,"Thai Green Elephant, 809 Craigflower Road, Esquimalt",18:59,4d5fa348-0d11-4321-95a3-552707198877,2.9,Picking up food,"708, Belton Avenue, Victoria, British Columbia",18:48
business,,2026-01-10,"708, Belton Avenue, Victoria, British Columbia",18:46,aab9ad14-e679-481c-b511-a11376e94c20,0.8,Dropping off delivery,"Crown Palace, 405 Craigflower Road, Victoria",18:44
business,,2026-01-10,"Crown Palace, 405 Craigflower Road, Victoria",18:34,82343ec2-4cc6-4662-9266-97d96645ace8,0.2,Picking up food,"679 Craigflower Road, Victoria, BC, V9A 2V8, Victoria, British Columbia, V9A 2V8",18:34
business,,2026-01-10,"679, Craigflower Road, Victoria, British Columbia",18:31,cfe8dab1-535b-43ed-b660-5afbaf4c8fb7,2,Dropping off delivery,"Browns Crafthouse, 184 Wilson Street, Victoria",18:24
business,,2026-01-10,"Browns Crafthouse, 184 Wilson Street, Victoria",18:22,9b190cac-4eaa-4bb2-ba51-e466b9c2d633,0.7,Picking up food,"797, Tyee Road, Victoria, British Columbia",18:19
business,,2026-01-10,"797, Tyee Road, Victoria, British Columbia",18:17,c51fb070-2bb7-4978-b18d-10856e140345,3.4,Dropping off delivery,"McDonald's, McDonald's, McDonald's, McDonald's, McDonald's, McDonald's, McDonald's, McDonald's, McDonald's, McDonald's, McDonald's, McDonald's, McDonald's, McDonald's, 3465 Saanich Road, Saanich",18:03
business,,2026-01-10,"McDonald's, McDonald's, McDonald's, McDonald's, McDonald's, McDonald's, McDonald's, McDonald's, McDonald's, McDonald's, McDonald's, McDonald's, McDonald's, McDonald's, 3465 Saanich Road, Saanich",18:03,f2e3037a-be1a-4a23-87cc-3081a3a87c39,2.9,,"845, Rainbow Crescent, Saanich, British Columbia",17:54
business,,2026-01-10,"845, Rainbow Crescent, Saanich, British Columbia",17:54,264adf63-68dc-468e-a348-cbe40062edc1,1.3,Dropping off delivery,"Royal Spice Fine Indian Cuisine, Blanshard Street, Saanich",17:46
business,,2026-01-10,"Royal Spice Fine Indian Cuisine, Blanshard Street, Saanich",17:44,62d22d0d-5d1d-4b0b-9126-736ac342d64f,2.8,Picking up food,"4058, Carey Road, Saanich, British Columbia",17:33
business,,2026-01-10,"4058, Carey Road, Saanich, British Columbia",17:31,9bc0bf90-1a53-4e75-b005-d8e0dd3fd155,8,Dropping off delivery,"Hillside Avenue, Victoria, British Columbia",17:17
business,,2026-01-10,"Hillside Avenue, Victoria, British Columbia",17:13,84eed27c-fb9d-4ea0-b8f7-7ec40af5ab1c,2,Picking up food,"3232, Cook Street, Saanich, British Columbia",17:08
business,,2026-01-10,"3232, Cook Street, Saanich, British Columbia",17:03,630a165e-aeb4-4e54-be43-6524e2d52200,2.1,Dropping off delivery,"McDonald's, 3465 Saanich Rd, Victoria, BC V8X 1W8, Canada",16:56
business,,2026-01-10,"McDonald's, 3465 Saanich Road, Saanich, BC, V8Z 3L0, 3465 Saanich Road, Saanich, British Columbia, V8Z 3L0",16:55,96abe108-96a7-49f2-b3ca-d9554d476a0f,0.1,,"RBC Royal Bank, 3500 Uptown Boulevard, Saanich, BC, V8Z 0B9, 3500 Uptown Boulevard, Saanich, British Columbia, V8Z 0B9",16:47
business,,2026-01-09,"5177, Cordova Bay Road, Saanich, British Columbia",23:18,d055ebf7-19ca-4201-bdcd-91e5540135f4,12.3,Dropping off delivery,"McKenzie Avenue, Saanich, British Columbia",23:04
business,,2026-01-09,"McKenzie Avenue, Saanich, British Columbia",22:59,7a5ba2d1-4882-426b-aac2-12f342a047b7,0.1,Picking up food,"McKenzie Avenue, Saanich, British Columbia",22:59
business,,2026-01-09,"McKenzie Avenue, Saanich, British Columbia",22:42,fd7904af-c518-445a-97cc-caf92aa581f2,0.1,Going to hot zone,"1660, McKenzie Avenue, Saanich, British Columbia",22:40
business,,2026-01-09,"1663, McKenzie Avenue, Saanich, British Columbia",22:36,766f6c2b-38ad-4c7a-b67a-6be205be5241,3,Dropping off delivery,"Hillside Avenue, Victoria, British Columbia",22:28
business,,2026-01-09,"Hillside Avenue, Victoria, British Columbia",22:24,bef02582-1aa4-41a7-9699-232c7633926c,2.8,Dropping off delivery,"Shark club, Shark club, 2852, Douglas Street, Victoria, British Columbia",22:20
business,,2026-01-09,"Shark club, Shark club, 2852, Douglas Street, Victoria, British Columbia",22:18,14e05b31-03bc-46cc-be1c-3d46d9e66dc0,1.9,Picking up food,"990, Hillside Avenue, Victoria, British Columbia",22:14
business,,2026-01-09,"990, Hillside Avenue, Victoria, British Columbia",22:14,8839fac0-20da-43f0-8927-5eaa323c52ce,1.8,,"2751, Shelbourne Street, Victoria, British Columbia",22:01
business,,2026-01-09,"2751, Shelbourne Street, Victoria, British Columbia",22:01,322b2b71-3e18-4816-bf87-6f6e51ca2cbf,3.2,Dropping off delivery,"Liquor Express, 765 Yates Street, Victoria",21:52
business,,2026-01-09,"Liquor Express, 765 Yates Street, Victoria",21:50,55ba2209-c09d-4f56-b2c1-b5385b78ddd8,3.1,Picking up food,"Kings Road, Victoria, British Columbia",21:45
business,,2026-01-09,"Kings Road, Victoria, British Columbia",21:45,08a3a9d4-1631-48a4-8a9f-fdb413b39205,11.9,,"McDonald's, McDonald's, McDonald's, McDonald's, McDonald's, McDonald's, McDonald's, McDonald's, McDonald's, McDonald's, McDonald's, McDonald's, McDonald's, 3465 Saanich Road, Saanich",21:19
business,,2026-01-09,"McDonald's, McDonald's, McDonald's, McDonald's, McDonald's, McDonald's, McDonald's, McDonald's, McDonald's, McDonald's, McDonald's, McDonald's, McDonald's, 3465 Saanich Road, Saanich",21:19,cf615c3f-fba8-4ce9-95f2-8bb3fe8c42f3,2.4,Going to hot zone,"940, McKenzie Avenue, Saanich, British Columbia",21:00
business,,2026-01-09,"940, McKenzie Avenue, Saanich, British Columbia",21:00,7e052458-e919-4b63-b279-38b2b9a62980,2,Dropping off delivery,"McDonald's, McDonald's, McDonald's, McDonald's, McDonald's, McDonald's, McDonald's, McDonald's, McDonald's, McDonald's, McDonald's, McDonald's, 3465 Saanich Road, Saanich",20:48
business,,2026-01-09,"McDonald's, McDonald's, McDonald's, McDonald's, McDonald's, McDonald's, McDonald's, McDonald's, McDonald's, McDonald's, McDonald's, McDonald's, 3465 Saanich Road, Saanich",20:48,696bcd22-d861-4d30-b3f0-aa575e7f0904,3.8,Picking up food,"4045, Grange Road, Saanich, British Columbia",20:39
business,,2026-01-09,"4045, Grange Road, Saanich, British Columbia",20:39,0643b7fa-d3ef-4589-8ecf-f25b16154823,4.1,,"Cedar Dale, 75 Gorge Road West, Saanich, BC, V9A 1M1, 75 Gorge Road West, Saanich, British Columbia, V9A 1M1",20:30
business,,2026-01-09,"Bin 4 Burger Lounge, Maple Street, Saanich, BC, V8X 1W5, Maple Street, Saanich, British Columbia, V8X 1W5 → Lot 1 Pasta Bar, Blanshard Street, Saanich, BC, V8X 3W4, Blanshard Street, Saanich, British Columbia, V8X 3W4 → Cedar Dale, 75 Gorge Road West, Saanich, BC, V9A 1M1, 75 Gorge Road West, Saanich, British Columbia, V9A 1M1",20:30,9e586493-8bd5-475c-aec2-705a33bdd396,3.2,,"Oakview Manor, 3420 Quadra Street, Saanich, BC, V8X 1G4, 3420 Quadra Street, Saanich, British Columbia, V8X 1G4",20:00
business,,2026-01-08,"Cloverdale Avenue, Saanich, British Columbia",22:59,10b53ff8-4c0b-457d-ad0b-dad823dae1f1,1,Home,"Manchester Road, Victoria, British Columbia",22:51
business,,2026-01-08,"Manchester Road, Victoria, British Columbia",22:51,2a3b5d74-2e16-4f95-8bce-a93cb0048aaa,3.7,Dropping off delivery,"1002, McKenzie Avenue, Saanich, British Columbia",22:42
business,,2026-01-08,"1002, McKenzie Avenue, Saanich, British Columbia",22:41,92d37b13-ff34-4697-88fb-bb3e4edf6121,3.6,Dropping off delivery,"Q Pizza, 4517 West Saanich Road, Saanich",22:35
business,,2026-01-08,"Q Pizza, 4517 West Saanich Road, Saanich",22:35,d211dfa7-600c-413d-9bf8-42eb450410eb,0.5,Picking up food,"McDonald's, 4410 West Saanich Road, Saanich",22:21
business,,2026-01-08,"McDonald's, 4410 West Saanich Road, Saanich",22:21,979ae0e8-de6e-47dd-b8e0-3515fa549f2b,5.1,Picking up food,"McDonald's, McDonald's, McDonald's, McDonald's, McDonald's, McDonald's, McDonald's, McDonald's, McDonald's, McDonald's, McDonald's, 3465 Saanich Road, Saanich",22:12
business,,2026-01-08,"McDonald's, McDonald's, McDonald's, McDonald's, McDonald's, McDonald's, McDonald's, McDonald's, McDonald's, 3465 Saanich Road, Saanich",21:51,04669e2f-683e-4a59-9b0f-dd3b7bd8935c,1.7,,"Unit 219, 219-229, Gorge Road East, Victoria, British Columbia",22:06
business,,2026-01-08,"McDonald's, McDonald's, McDonald's, McDonald's, McDonald's, McDonald's, McDonald's, McDonald's, McDonald's, McDonald's, 3465 Saanich Road, Saanich",22:12,0040cfa7-8b16-45d2-85ef-7c9b076ace8a,1.7,Going to hot zone,"Unit 219, 219-229, Gorge Road East, Victoria, British Columbia",22:06
business,,2026-01-08,"Unit 219, 219-229, Gorge Road East, Victoria, British Columbia",22:06,5331f0c9-23a8-4a42-9154-b3eaf9365016,6.5,,"McDonald's, McDonald's, McDonald's, McDonald's, McDonald's, McDonald's, McDonald's, McDonald's, McDonald's, 3465 Saanich Road, Saanich",21:51
business,,2026-01-08,"Unit 219, 219-229, Gorge Road East, Victoria, British Columbia",22:06,906b1a13-956d-4434-ba75-ae81d531d7c0,1.7,Dropping off delivery,"McDonald's, McDonald's, McDonald's, McDonald's, McDonald's, McDonald's, McDonald's, McDonald's, McDonald's, 3465 Saanich Road, Saanich",21:51
business,,2026-01-08,"Unit 219, 219-229, Gorge Road East, Victoria, British Columbia",22:06,e41a9b21-a1a1-4fe0-9cb7-2b5dda5527fd,1.7,Dropping off delivery,"McDonald's, McDonald's, McDonald's, McDonald's, McDonald's, McDonald's, McDonald's, McDonald's, McDonald's, 3465 Saanich Road, Saanich",21:51
business,,2026-01-08,"McDonald's, McDonald's, McDonald's, McDonald's, McDonald's, McDonald's, McDonald's, McDonald's, McDonald's, 3465 Saanich Road, Saanich",21:51,22769612-8faa-47b9-a786-1b8aadb156dd,4.5,Picking up food,"4275, Westervelt Place, Saanich, British Columbia",21:33
business,,2026-01-08,"4275, Westervelt Place, Saanich, British Columbia",21:33,db198a92-1b1b-4af0-b0ef-938f2dcf763e,0.1,Dropping off delivery,"4264, Westervelt Place, Saanich, British Columbia",21:17
business,,2026-01-08,"4264, Westervelt Place, Saanich, British Columbia",21:17,26bf5522-f9cb-4f4a-9288-4f56f647199c,3,Dropping off delivery,"Glanford Avenue, Saanich, British Columbia",21:11
business,,2026-01-08,"4291, Glanford Avenue, Saanich, British Columbia",21:11,35d0cfe8-923c-4c2d-a945-8b72289f5ab4,6.4,Picking up food,"McDonald's, McDonald's, McDonald's, McDonald's, McDonald's, McDonald's, McDonald's, McDonald's, 3465 Saanich Road, Saanich",21:05
business,,2026-01-08,"McDonald's, McDonald's, McDonald's, McDonald's, McDonald's, McDonald's, McDonald's, 3465 Saanich Road, Saanich",21:05,aca0f8a1-9fcc-49f3-918f-e221bb008db8,1.5,Going to hot zone,"257, Hampton Road, Saanich, British Columbia",20:51
business,,2026-01-08,"257, Hampton Road, Saanich, British Columbia",20:51,cf1c2993-554b-4135-a957-33db799caaae,1.9,Dropping off delivery,"KFC, KFC, 3140 Douglas Street, Victoria",20:37
business,,2026-01-08,"KFC, 3140 Douglas Street, Victoria",20:37,d678cf19-8efc-4ebd-9531-33096c2cd304,1.4,Picking up food,"McDonald's, McDonald's, McDonald's, McDonald's, McDonald's, McDonald's, 3465 Saanich Road, Saanich",20:32
personal,,2026-01-21,"3420, 3420, 3420, 3420, Quadra Street, Saanich, British Columbia",20:46,c9ab25c6-9320-4def-8414-841857df20ee,2.5,Home,"3237 Cedar Hill Road, Saanich, BC, V8T 3J4, Saanich, British Columbia, V8T 3J4",20:42
business,skip,2026-01-21,"3237, Cedar Hill Road, Saanich, British Columbia",20:37,aa8b09bb-ea3b-432e-91ce-548dbf798154,2.8,Dropping off delivery,"Sarpino's Pizzeria, 902 Esquimalt Road, Esquimalt",20:25
business,skip,2026-01-21,"Sarpino's Pizzeria, 902 Esquimalt Road, Esquimalt",20:23,e8bbfe93-41f9-4d4e-8d8f-dac63535bcb1,3.2,Picking up food,"581, Prince Robert Drive, View Royal, British Columbia",20:12
business,skip,2026-01-21,"581, Prince Robert Drive, View Royal, British Columbia",20:10,e660c898-0454-488e-8c2c-236207056ba5,1.3,Dropping off delivery,"280, Island Highway, View Royal, British Columbia",20:07
business,skip,2026-01-21,"280, Island Highway, View Royal, British Columbia",20:01,6e69562c-fb03-447f-98ea-e15ee64cb8c3,8.6,Picking up food,"McKenzie Avenue, Saanich, British Columbia",19:52
business,,2026-01-21,"McKenzie Avenue, Saanich, BC, V8X 3Y1, Saanich, British Columbia, V8X 3Y1",19:52,fcdd6887-bd7b-4072-9019-9eb2539eebb3,2.1,,"555 Kenneth Street, Saanich, BC, V8Z 6Z2, Saanich, British Columbia, V8Z 6Z2",19:48
business,skip,2026-01-21,"555, Kenneth Street, Saanich, British Columbia",19:47,5cd46d18-65c2-4e8f-b2c5-859002034565,3.2,Dropping off delivery,"Dairy Queen, Dairy Queen, 3993 Quadra Street, Saanich",19:40
business,,2026-01-21,"Dairy Queen, 3993 Quadra Street, Saanich",19:39,8cacfe8b-0b90-42b0-a37e-d3bc4233f5fd,1,Going to hot zone,"Corridor Trail, Saanich, British Columbia",19:36
business,,2026-01-21,"Corridor Trail, Saanich, BC, V8X 3G5, Saanich, British Columbia, V8X 3G5",19:38,f2c0b8bf-5ed4-4fd3-bfdd-a3448534f0a1,0.4,,"950 McKenzie Avenue, Saanich, BC, V8X 3G5, Saanich, British Columbia, V8X 3G5",19:34
business,skip,2026-01-21,"950, McKenzie Avenue, Saanich, British Columbia",19:33,2c835dc0-1094-4c2a-b5a7-038f3de59197,2.7,Dropping off delivery,"McDonald's, McDonald's, McDonald's, McDonald's, McDonald's, McDonald's, McDonald's, McDonald's, McDonald's, McDonald's, McDonald's, McDonald's, McDonald's, McDonald's, McDonald's, McDonald's, McDonald's, McDonald's, McDonald's, McDonald's, McDonald's, McDonald's, McDonald's, McDonald's, McDonald's, McDonald's, McDonald's, McDonald's, McDonald's, McDonald's, McDonald's, McDonald's, McDonald's, McDonald's, McDonald's, McDonald's, 3465 Saanich Road, Saanich",19:22
business,,2026-01-21,"McDonald's, McDonald's, McDonald's, McDonald's, McDonald's, McDonald's, McDonald's, McDonald's, McDonald's, McDonald's, McDonald's, McDonald's, McDonald's, McDonald's, McDonald's, McDonald's, McDonald's, McDonald's, McDonald's, McDonald's, McDonald's, McDonald's, McDonald's, McDonald's, McDonald's, McDonald's, McDonald's, McDonald's, McDonald's, McDonald's, McDonald's, McDonald's, McDonald's, McDonald's, McDonald's, 3465 Saanich Road, Saanich",19:21,2a442d9e-144d-44eb-b784-a73308117954,2.7,Going to hot zone,"Gorge Road West, Saanich, British Columbia",19:14
business,skip,2026-01-21,"Gorge Road West, Saanich, British Columbia",19:10,3b8c7f7e-e525-4a7d-872c-d28815aa9187,4.9,Dropping off delivery,"Island Poké, 1674 Douglas Street, Victoria",18:55
business,skip,2026-01-21,"Island Poké, 1674 Douglas Street, Victoria, BC, V8W 2G6, 1674 Douglas Street, Victoria, British Columbia, V8W 2G6",18:55,8e01d70b-d78c-4c89-9912-87693242a1bb,2.1,Picking up food,"785, Caledonia Avenue, Victoria, British Columbia",18:45
business,,2026-01-21,"746, Caledonia Avenue, Victoria, British Columbia",18:42,c272ae7c-c427-4123-8f1d-c5799dbadac2,7.5,Dropping off delivery,"Popeyes, Popeyes, 1646 McKenzie Avenue, Saanich",18:19
business,,2026-01-21,"Popeyes, 1646 McKenzie Avenue, Saanich, BC, V8N 1A7, 1646 McKenzie Avenue, Saanich, British Columbia, V8N 1A7",18:08,b0700e28-eb2e-41da-95e7-3b26da0f76d3,3.4,Going to hot zone,"1649, Brousson Drive, Saanich, British Columbia",17:54
business,,2026-01-21,"1649, Brousson Drive, Saanich, British Columbia",17:54,0bcd85fe-23bf-44c4-939e-46fcbd1ab48e,6.9,Dropping off delivery,"Baan Thai, Baan Thai, Baan Thai, 777 Royal Oak Drive, Saanich",17:44
business,,2026-01-21,"Baan Thai, Baan Thai, Baan Thai, 777 Royal Oak Drive, Saanich",17:44,dc834b2e-56d5-494f-b5b9-eea307a2470b,2.2,,"975 Lakeview Avenue, Saanich, BC, V8X 0A2, Saanich, British Columbia, V8X 0A2",17:38
business,,2026-01-21,"975 Lakeview Avenue, Saanich, BC, V8X 0A2, Saanich, British Columbia, V8X 0A2",17:38,12bcc782-1d95-4ecc-811d-7d593ab00b05,3.1,Picking up food,"Thrifty Foods, 777 Royal Oak Drive, Saanich, BC, V8X 4V1, 777 Royal Oak Drive, Saanich, British Columbia, V8X 4V1",17:24
business,,2026-01-20,"Gorge Road East, Victoria, British Columbia",21:16,1eaee233-8e9e-4ae7-8cb3-7a9e6fe50174,1.9,Dropping off delivery,"Harriet Road, Saanich, British Columbia",21:12
business,,2026-01-20,"107, Burnside Road East, Victoria, British Columbia",21:10,389de9c4-15ee-4f7b-88f6-37eb6685e113,0.3,Dropping off delivery,"KFC, 3140 Douglas Street, Victoria",21:05
business,,2026-01-20,"KFC, 3140 Douglas Street, Victoria",21:03,b01f95c2-4289-4a13-b551-d8bd34a8587c,1.5,Picking up food,"Noodle Box, Noodle Box, Noodle Box, Uptown Boulevard, Saanich",20:59
business,,2026-01-20,"Noodle Box, Noodle Box, Noodle Box, Uptown Boulevard, Saanich",20:52,1dde49d7-be3f-4eb7-9903-e662b035f548,0.5,Picking up food,"McDonald's, McDonald's, McDonald's, McDonald's, McDonald's, McDonald's, McDonald's, McDonald's, McDonald's, McDonald's, McDonald's, McDonald's, McDonald's, McDonald's, McDonald's, McDonald's, McDonald's, McDonald's, McDonald's, McDonald's, McDonald's, McDonald's, McDonald's, McDonald's, McDonald's, McDonald's, McDonald's, McDonald's, McDonald's, McDonald's, McDonald's, McDonald's, McDonald's, McDonald's, 3465 Saanich Road, Saanich",20:35
business,,2026-01-20,"McDonald's, McDonald's, McDonald's, McDonald's, McDonald's, McDonald's, McDonald's, McDonald's, McDonald's, McDonald's, McDonald's, McDonald's, McDonald's, McDonald's, McDonald's, McDonald's, McDonald's, McDonald's, McDonald's, McDonald's, McDonald's, McDonald's, McDonald's, McDonald's, McDonald's, McDonald's, McDonald's, McDonald's, McDonald's, McDonald's, McDonald's, McDonald's, McDonald's, 3465 Saanich Road, Saanich",20:34,a84586ef-d78c-4a5b-83bd-447ee61a1f65,1,Going to hot zone,"3240, Glasgow Avenue, Saanich, British Columbia",20:30
business,,2026-01-20,"3240, Glasgow Avenue, Saanich, British Columbia",20:25,4ea5a5bb-aa39-4970-ab0c-1877aae73da1,1.1,Dropping off delivery,"Canadian Brewhouse & Grill, Douglas Street, Saanich",20:11
business,,2026-01-20,"Canadian Brewhouse & Grill, Douglas Street, Saanich",20:10,53700e4c-b362-4269-aac1-d5cda844c673,0.3,Picking up food,"McDonald's, McDonald's, McDonald's, McDonald's, McDonald's, McDonald's, McDonald's, McDonald's, McDonald's, McDonald's, McDonald's, McDonald's, McDonald's, McDonald's, McDonald's, McDonald's, McDonald's, McDonald's, McDonald's, McDonald's, McDonald's, McDonald's, McDonald's, McDonald's, McDonald's, McDonald's, McDonald's, McDonald's, McDonald's, McDonald's, McDonald's, McDonald's, 3465 Saanich Road, Saanich",19:50
business,,2026-01-20,"McDonald's, McDonald's, McDonald's, McDonald's, McDonald's, McDonald's, McDonald's, McDonald's, McDonald's, McDonald's, McDonald's, McDonald's, McDonald's, McDonald's, McDonald's, McDonald's, McDonald's, McDonald's, McDonald's, McDonald's, McDonald's, McDonald's, McDonald's, McDonald's, McDonald's, McDonald's, McDonald's, McDonald's, McDonald's, McDonald's, McDonald's, 3465 Saanich Road, Saanich",19:49,285a137c-5ec3-4852-981a-d55082179486,14.3,Going to hot zone,"Gowdy Road, Central Saanich, British Columbia",19:31
business,,2026-01-20,"Gowdy Road, Central Saanich, British Columbia",19:31,8a63ffeb-235e-4eab-954f-d22737fd7f1e,4.6,Dropping off delivery,"McDonald's, McDonald's, 2473 Mt Newton Cross Rd, Central Saanich, BC V8M 2B7, Canada",19:12
business,,2026-01-20,"McDonald's, McDonald's, 2473 Mt Newton Cross Rd, Central Saanich, BC V8M 2B7, Canada",19:12,2051ddb7-557c-4812-9bfb-d65e0974c371,4.7,,"7746, East Saanich Road, Central Saanich, British Columbia",18:58
business,,2026-01-20,"7746, East Saanich Road, Central Saanich, British Columbia",18:58,61a3b506-8bfb-4fc2-b87f-f6c58e533864,5.4,Dropping off delivery,"2401, Mount Newton Cross Road, Central Saanich, British Columbia",18:53
business,,2026-01-20,"2401, Mount Newton Cross Road, Central Saanich, British Columbia",18:50,33087b59-b634-4f37-b866-6173ffb6f2fe,0.9,Picking up food,"2500, Hackett Crescent, Central Saanich, British Columbia",18:46
business,,2026-01-20,"2500, Hackett Crescent, Central Saanich, British Columbia",18:40,eb449a30-a71b-427f-a574-b4984122c8f4,7.3,Dropping off delivery,"Villages Pizza, West Saanich Road, Central Saanich",18:27
business,,2026-01-20,"Villages Pizza, West Saanich Road, Central Saanich",18:24,6cb18e4d-41df-46c1-8100-60689d7c7584,2.8,Picking up food,"6790, Jedora Drive, Central Saanich, British Columbia",18:19
business,,2026-01-20,"6790, Jedora Drive, Central Saanich, British Columbia",18:18,63fc5dbd-7ee7-483c-a821-794120c81f4e,12.7,Dropping off delivery,"Baan Thai, Baan Thai, 777 Royal Oak Drive, Saanich",18:03
business,,2026-01-20,"Baan Thai, Baan Thai, 777 Royal Oak Drive, Saanich",18:02,83eea476-f6f7-418b-9118-ecccd32022ba,0.3,Picking up food,"Royal Oak Drive, Saanich, British Columbia",17:54
business,,2026-01-19,"1612, Quadra Street, Victoria, British Columbia",20:57,784ffbab-f979-4331-a3f4-a6544ad93b50,0.6,Dropping off delivery,"View Street, Victoria, BC, V8W 3M9, Victoria, British Columbia, V8W 3M9",20:54
business,,2026-01-19,"View Street, Victoria, British Columbia",20:53,11038ad5-8a1e-478e-bff6-b1961676dab8,3.2,Picking up food,"McKenzie Avenue, Saanich, British Columbia",20:38
business,,2026-01-19,"McKenzie Avenue, Saanich, British Columbia",20:38,ca95dd3e-fe71-446d-a785-d6d13d2a69e9,2.1,Going to hot zone,"1569, Granada Crescent, Saanich, British Columbia",20:17
business,,2026-01-19,"1569, Granada Crescent, Saanich, British Columbia",20:16,d15cf8d4-257d-4677-a83f-53396517ff14,2.8,Dropping off delivery,"Tim Hortons, 3990 Shelbourne Street, Saanich",20:04
business,,2026-01-19,"Tim Hortons, 3990 Shelbourne Street, Saanich",20:04,70f07f92-dfb6-465c-a0ee-931e09ecd784,1.1,Picking up food,"3972, Birchwood Street, Saanich, British Columbia",19:59
business,,2026-01-19,"3972, Birchwood Street, Saanich, British Columbia",19:56,307f7619-e3de-469a-82ac-13cce4958502,8.1,Dropping off delivery,"Baan Thai, 777 Royal Oak Drive, Saanich",19:44
business,,2026-01-19,"Baan Thai, 777 Royal Oak Drive, Saanich",19:42,6caaa759-2848-407c-9a99-890e405d06b7,4.7,Picking up food,"1002, McKenzie Avenue, Saanich, British Columbia",19:34
business,,2026-01-19,"1002, McKenzie Avenue, Saanich, British Columbia",19:31,ee0d53b5-69b2-4c42-bec6-59069b47f97c,2.7,Dropping off delivery,"Papa John's, 1632 McKenzie Avenue, Saanich",19:19
business,,2026-01-19,"Papa John's, 1632 McKenzie Avenue, Saanich",19:19,fff56b02-b90d-41fe-a870-73fa42bb5b16,5,,"1766, Halliday Place, Saanich, British Columbia",19:04
business,,2026-01-19,"1766, Halliday Place, Saanich, British Columbia",19:04,5ebe2fda-2ab8-49d4-9ee0-7e3167f123ed,2.3,Dropping off delivery,"1471 Jamaica Road, Saanich, BC, V8N 2C5, Saanich, British Columbia, V8N 2C5",19:00
business,,2026-01-19,"1471, Jamaica Road, Saanich, British Columbia",18:58,efc499e3-ba5d-46c3-87ed-c1ba814aed55,5.3,Dropping off delivery | Sampan express,"1110, McKenzie Avenue, Saanich, British Columbia",18:46
business,,2026-01-19,"Borden Street, Saanich, British Columbia",18:45,c996bd3d-2a98-4633-8a0f-44e7dfa3ab57,3.7,Picking up food,"Boston Pizza, Boston Pizza, Blanshard Street, Saanich",18:39
business,,2026-01-19,"Boston Pizza, Blanshard Street, Saanich",18:36,2ee9848e-3d83-4ad8-b101-b8a659df163f,1.6,Picking up food,"3420, 3420, 3420, Quadra Street, Saanich, British Columbia",18:31
business,,2026-01-19,"Walmart, Walmart, 3460 Saanich Road, Saanich",18:01,6470f1e5-1524-47d0-873d-d93a4e00146e,3.7,Going to hot zone,"783, Cameo Street, Saanich, British Columbia",17:51
business,,2026-01-19,"783, Cameo Street, Saanich, British Columbia",17:49,bccb1375-9a6f-4ecb-9c12-a94754ef14e4,2.1,Dropping off delivery,"Tandoori Flavour, West Saanich Road, Saanich",17:45
business,,2026-01-19,"Tandoori Flavour, West Saanich Road, Saanich",17:45,440d60cb-f430-47e5-a74f-ab71f2281c67,6.3,Picking up food,"Royal Oak Drive, Saanich, British Columbia",17:22
personal,,2026-01-15,"3420, 3420, Quadra Street, Saanich, British Columbia",23:06,de5c2ae0-ed7c-43f5-a035-0074a7b5380f,6.5,Home,"1728, Kenmore Road, Saanich, British Columbia",22:53
business,,2026-01-15,"1739, Feltham Road, Saanich, British Columbia",22:50,e26f5bc2-c24a-4280-a718-2d8d4c26f1e6,3.2,Dropping off delivery,"Popeyes, 1646 McKenzie Avenue, Saanich",22:39
business,,2026-01-15,"Popeyes, 1646 McKenzie Avenue, Saanich",22:39,6bc14089-2138-416d-aa6f-cce91b63110d,0.4,Picking up food,"Local Pizza, McKenzie Avenue, Saanich",22:35
business,,2026-01-15,"Local Pizza, McKenzie Avenue, Saanich",22:34,79370e79-6a72-460f-90ab-f7aa0d50ad8b,1.7,Picking up food,"4108, Cabot Place, Saanich, British Columbia",22:26
business,,2026-01-15,"4116, Cabot Place, Saanich, British Columbia",22:25,8995993c-e782-4521-b5ae-fd865bc2ed46,1.5,Dropping off delivery,"4105, Mercer Place, Saanich, British Columbia",22:20
business,,2026-01-15,"4105, Mercer Place, Saanich, British Columbia",22:15,1d8aff31-e893-41fe-9d8b-99278cf1dbb9,4.8,Dropping off delivery,"Bin 4 Burger Lounge, Bin 4 Burger Lounge, Maple Street, Saanich",21:48
business,,2026-01-15,"Bin 4 Burger Lounge, Bin 4 Burger Lounge, Maple Street, Saanich",21:47,30e50960-7f3c-48d9-8eb5-5098f527c584,1.9,Picking up food,"Noodle Box, Noodle Box, Uptown Boulevard, Saanich",21:41
business,,2026-01-15,"Noodle Box, Noodle Box, Uptown Boulevard, Saanich",21:41,5526b7e2-df59-48ff-ac17-20f26bd9eb49,0.6,Picking up food,"McDonald's, McDonald's, McDonald's, McDonald's, McDonald's, McDonald's, McDonald's, McDonald's, McDonald's, McDonald's, McDonald's, McDonald's, McDonald's, McDonald's, McDonald's, McDonald's, McDonald's, McDonald's, McDonald's, McDonald's, McDonald's, McDonald's, McDonald's, McDonald's, McDonald's, McDonald's, McDonald's, McDonald's, McDonald's, McDonald's, 3465 Saanich Road, Saanich",21:38
business,,2026-01-15,"McDonald's, McDonald's, McDonald's, McDonald's, McDonald's, McDonald's, McDonald's, McDonald's, McDonald's, McDonald's, McDonald's, McDonald's, McDonald's, McDonald's, McDonald's, McDonald's, McDonald's, McDonald's, McDonald's, McDonald's, McDonald's, McDonald's, McDonald's, McDonald's, McDonald's, McDonald's, McDonald's, McDonald's, McDonald's, McDonald's, 3465 Saanich Road, Saanich",21:38,ad17f045-6ed0-4c2c-862d-e57517611811,0.5,,"Walmart, 3460 Saanich Road, Saanich",20:54
business,,2026-01-15,"Walmart, 3460 Saanich Road, Saanich",20:54,85cd1dcc-cfe5-46ff-b0d4-6867e3330cba,4.3,Picking up food,"1280, Fairlane Terrace, Saanich, British Columbia",20:43
business,,2026-01-15,"1280, Fairlane Terrace, Saanich, British Columbia",20:40,7e610d01-fc0d-4cab-9584-9409bcb70839,2,Dropping off delivery,"1272, Holloway Street, Saanich, British Columbia",20:36
business,,2026-01-15,"1272, Holloway Street, Saanich, British Columbia",20:34,7c81806b-1168-4af3-8f13-ea193ca684c5,7.7,Dropping off delivery,"Leopold's Tavern, Leopold's Tavern, 570 Yates Street, Victoria",20:15
business,,2026-01-15,"Leopold's Tavern, Leopold's Tavern, 570 Yates Street, Victoria",20:15,4892e229-8f8b-4038-9dbf-de1ff5e706a2,0.4,Picking up food,"Earls, 1199 Government Street, Victoria",20:11
business,,2026-01-15,"Earls, 1199 Government Street, Victoria",20:10,4f0dee60-acf6-410c-92e5-73beb7118e1d,0.6,Picking up food,"769, 769, Yates Street, Victoria, British Columbia",20:07
business,,2026-01-15,"769, Yates Street, Victoria, British Columbia",20:06,90ad09c9-eb97-45ec-a2d5-0386441eee41,5.5,Dropping off delivery,"Menbow Ramen Express, Tolmie Avenue, Saanich",19:55
business,,2026-01-15,"Menbow Ramen Express, Tolmie Avenue, Saanich",19:54,4621d7d9-6224-409e-b612-45891e40ecd7,2.3,Picking up food,"McDonald's, McDonald's, McDonald's, McDonald's, McDonald's, McDonald's, McDonald's, McDonald's, McDonald's, McDonald's, McDonald's, McDonald's, McDonald's, McDonald's, McDonald's, McDonald's, McDonald's, McDonald's, McDonald's, McDonald's, McDonald's, McDonald's, McDonald's, McDonald's, McDonald's, McDonald's, McDonald's, McDonald's, McDonald's, 3465 Saanich Road, Saanich",19:50
business,,2026-01-15,"McDonald's, McDonald's, McDonald's, McDonald's, McDonald's, McDonald's, McDonald's, McDonald's, McDonald's, McDonald's, McDonald's, McDonald's, McDonald's, McDonald's, McDonald's, McDonald's, McDonald's, McDonald's, McDonald's, McDonald's, McDonald's, McDonald's, McDonald's, McDonald's, McDonald's, McDonald's, McDonald's, McDonald's, 3465 Saanich Road, Saanich",19:29,6a49b85c-3a0e-4330-bd88-3e8fe20a4c1f,4,Going to hot zone,"3214, Glasgow Avenue, Saanich, British Columbia",18:31
business,,2026-01-15,"3218, Glasgow Avenue, Saanich, British Columbia",18:27,5c6e8ee4-72cb-405a-a93a-f7b3decfe30e,4.9,Dropping off delivery,"Dairy Queen, Dairy Queen, 3993 Quadra Street, Saanich, BC, V8X 1J8, 3993 Quadra Street, Saanich, British Columbia, V8X 1J8",18:19
business,,2026-01-15,"Dairy Queen, 3993 Quadra Street, Saanich, BC, V8X 1J8, 3993 Quadra Street, Saanich, British Columbia, V8X 1J8",18:16,da4c471d-8a90-400b-81bf-580705ee7136,8.1,Going to hot zone,"4504, Edgewood Place, Saanich, British Columbia",17:54
business,,2026-01-15,"4505, Edgewood Place, Saanich, British Columbia",17:51,b340b1ee-34c9-47d4-9f58-c05b9ef3c5ca,1.9,Dropping off delivery,"Poke Fresh, Chatterton Way, Saanich",17:45
business,,2026-01-15,"Poke Fresh, Chatterton Way, Saanich",17:45,d4fa0a4a-025c-429a-b51b-c0c8ed7a19bb,9,Picking up food,"Romeo's Pizza, 777 Royal Oak Drive, Saanich",17:33
personal,,2026-01-28,"3420, Quadra Street, Saanich, British Columbia",20:50,80aada65-b778-43fa-a679-9c50874fe1a8,3.2,Home,"Ring Road, Saanich, British Columbia",20:39
business,uber,2026-01-28,"Ring Road, Saanich, British Columbia",20:30,fc38b230-bef7-4f8f-a2c0-ce42ee91ea3b,1.1,Dropping off delivery,"3558, Redwood Avenue, Oak Bay, British Columbia",20:25
business,uber,2026-01-28,"3558, Redwood Avenue, Oak Bay, British Columbia",20:25,dbd44ece-37ec-460f-aced-7979058e1c5b,3.4,Dropping off delivery,"Teakwood Road, Saanich, British Columbia",19:52
business,uber,2026-01-28,"Teakwood Road, Saanich, British Columbia",19:52,0adac98d-cf18-47b2-b3f4-30c9bb04301b,4,Picking up food,"1610, Wycliffe Place, Saanich, British Columbia",19:41
business,uber,2026-01-28,"1606, Wycliffe Place, Saanich, British Columbia",19:39,fab5453c-6154-484a-9f25-40be41027917,1.1,Dropping off delivery,"Hot House Pizza, Feltham Road, Saanich",19:34
business,skip,2026-01-28,"Hot House Pizza, Feltham Road, Saanich",19:34,516ac494-2833-4a13-a4b7-cdc8e0e48e92,0.8,Picking up food,"Teakwood Road, Saanich, British Columbia",19:28
business,uber,2026-01-28,"Teakwood Road, Saanich, British Columbia",19:02,96d342d3-efeb-459c-889b-f444a0794673,0.4,Picking up food,"1714, McKenzie Avenue, Saanich, British Columbia",18:59
business,uber,2026-01-28,"1714, McKenzie Avenue, Saanich, British Columbia",18:58,daa7fffd-e57d-48e5-91a5-2b0ddbe4e256,2.1,Dropping off delivery,"1530, Church Avenue, Saanich, British Columbia",18:52
business,uber,2026-01-28,"1530, Church Avenue, Saanich, British Columbia",18:50,f7c4a311-87e7-4dc0-8bb7-d1e0f573694e,6.2,Dropping off delivery,"Mason Street, Victoria, British Columbia",18:33
business,uber,2026-01-28,"Mason Street, Victoria, British Columbia",18:33,e9881b1c-8bb3-4f0c-8a83-cf32bff82f35,0.3,Picking up food,"Mason Street, Victoria, British Columbia",18:28
business,uber,2026-01-28,"Mason Street, Victoria, British Columbia",18:28,1c4faa9c-8e1e-4550-9db8-98fe5c1cd36e,0.5,Picking up food,"1229, Pandora Avenue, Victoria, British Columbia",18:26
business,uber,2026-01-28,"1220, Pandora Avenue, Victoria, British Columbia",18:21,8b75003d-d811-47d5-ad9c-ae6c3f2d76fc,4.5,Dropping off delivery,"KFC, 3140 Douglas Street, Victoria",18:01
business,uber,2026-01-28,"KFC, 3140 Douglas Street, Victoria",18:01,25683629-442f-4d03-9804-49c48ffb5af3,0.6,Picking up food,"Lot 1 Pasta Bar, Blanshard Street, Saanich",17:53
business,uber,2026-01-28,"Lot 1 Pasta Bar, Blanshard Street, Saanich",17:52,1bad12bd-d6a3-4e64-ab81-30f6436dd7a1,0.4,Picking up food,"Saanich Road, Saanich, British Columbia",17:50
business,,2026-01-28,"McDonald's, McDonald's, McDonald's, McDonald's, McDonald's, McDonald's, McDonald's, McDonald's, McDonald's, McDonald's, McDonald's, McDonald's, McDonald's, McDonald's, McDonald's, McDonald's, McDonald's, McDonald's, McDonald's, McDonald's, McDonald's, McDonald's, McDonald's, McDonald's, McDonald's, McDonald's, McDonald's, McDonald's, McDonald's, McDonald's, McDonald's, McDonald's, McDonald's, McDonald's, McDonald's, McDonald's, McDonald's, McDonald's, McDonald's, McDonald's, McDonald's, McDonald's, McDonald's, McDonald's, McDonald's, 3465 Saanich Road, Saanich",17:43,e5b0b6f1-240e-4e36-be7a-3392a1c53d8c,6.9,Going to hot zone,"Royal Oak Drive, Saanich, British Columbia",17:30
personal,,2026-01-27,"3420, Quadra Street, Saanich, British Columbia",20:42,385ef17c-ae88-4dc0-bf3d-fc211dd61d98,2,Home,"Saanich Road, Saanich, British Columbia",20:38
business,,2026-01-27,"McDonald's, McDonald's, McDonald's, McDonald's, McDonald's, McDonald's, McDonald's, McDonald's, McDonald's, McDonald's, McDonald's, McDonald's, McDonald's, McDonald's, McDonald's, McDonald's, McDonald's, McDonald's, McDonald's, McDonald's, McDonald's, McDonald's, McDonald's, McDonald's, McDonald's, McDonald's, McDonald's, McDonald's, McDonald's, McDonald's, McDonald's, McDonald's, McDonald's, McDonald's, McDonald's, McDonald's, McDonald's, McDonald's, McDonald's, McDonald's, McDonald's, McDonald's, McDonald's, McDonald's, 3465 Saanich Road, Saanich",20:34,1446acec-3751-4f8c-8865-c9aaa1141745,3.9,Going to hot zone,"756, Daffodil Avenue, Saanich, British Columbia",20:25
business,skip,2026-01-27,"750, Daffodil Avenue, Saanich, British Columbia",20:24,a9753523-379c-407d-9912-e279dc260bad,1.4,Dropping off delivery,"739, Miller Avenue, Saanich, British Columbia",20:18
business,skip,2026-01-27,"739, Miller Avenue, Saanich, British Columbia",20:16,febdb2f6-18c9-48f3-8e4d-ee77b49909bb,2.1,Dropping off delivery,"Greenlea Drive, Saanich, British Columbia",20:11
business,skip,2026-01-27,"Greenlea Drive, Saanich, British Columbia",20:10,cac78561-9d34-4d01-a968-405dc4247cd6,1.1,Picking up food,"4291, Glanford Avenue, Saanich, British Columbia",20:07
business,skip,2026-01-27,"4291, Glanford Avenue, Saanich, British Columbia",20:06,6e09620c-f504-4e51-9929-1cf464bc80fc,4.2,Picking up food,"971 Tulip Avenue, Saanich, BC, V8Z 1M8, Saanich, British Columbia, V8Z 1M8",20:00
business,skip,2026-01-27,"971, Tulip Avenue, Saanich, British Columbia",19:57,8489a74c-df63-4005-8ff0-75c83001314f,2,Dropping off delivery,"4144, Wilkinson Road, Saanich, British Columbia",19:53
business,skip,2026-01-27,"4144, Wilkinson Road, Saanich, British Columbia",19:51,78e69e1f-b131-40a7-ba53-c36f46d60c50,1.7,Picking up food,"Hyacinth Avenue, Saanich, British Columbia",19:48
business,skip,2026-01-27,"Hyacinth Avenue, Saanich, British Columbia",19:46,dbb9f1c1-dd05-4385-80bf-1329dec43aea,3,Dropping off delivery,"Dairy Queen, 2350 Douglas Street, Victoria",19:34
business,,2026-01-27,"Dairy Queen, 2350 Douglas Street, Victoria",19:34,c6156ea5-bc35-4051-a0c5-10e9ebc45a84,3.1,,"821, Tyee Road, Victoria, British Columbia",19:25
business,uber,2026-01-27,"821, Tyee Road, Victoria, British Columbia",19:25,aae1158c-1c07-4985-a073-58445a09d619,3.8,Dropping off delivery,"10 Burnside Road West, Saanich, BC, V9A 1B3, 10 Burnside Road West, Saanich, British Columbia, V9A 1B3",19:19
business,uber,2026-01-27,"10, Burnside Road West, Saanich, British Columbia",19:16,1c1f05e4-19f4-4478-8666-eaefd5734076,0.5,Picking up food,"45, Gorge Road East, Victoria, British Columbia",19:07
business,uber,2026-01-27,"2821, Irma Street, Victoria, British Columbia",19:06,6ad9ec5b-7601-40ee-90d0-0f1b648ac46a,0.9,Dropping off delivery,"3180, Douglas Street, Victoria, British Columbia",19:01
business,uber,2026-01-27,"Alpha Street, Victoria, British Columbia",19:00,e0e92d59-53d3-4539-8d18-53575c244c70,0.6,Picking up food,"McDonald's, McDonald's, McDonald's, McDonald's, McDonald's, McDonald's, McDonald's, McDonald's, McDonald's, McDonald's, McDonald's, McDonald's, McDonald's, McDonald's, McDonald's, McDonald's, McDonald's, McDonald's, McDonald's, McDonald's, McDonald's, McDonald's, McDonald's, McDonald's, McDonald's, McDonald's, McDonald's, McDonald's, McDonald's, McDonald's, McDonald's, McDonald's, McDonald's, McDonald's, McDonald's, McDonald's, McDonald's, McDonald's, McDonald's, McDonald's, McDonald's, McDonald's, McDonald's, 3465 Saanich Road, Saanich",18:59
business,,2026-01-27,"McDonald's, McDonald's, McDonald's, McDonald's, McDonald's, McDonald's, McDonald's, McDonald's, McDonald's, McDonald's, McDonald's, McDonald's, McDonald's, McDonald's, McDonald's, McDonald's, McDonald's, McDonald's, McDonald's, McDonald's, McDonald's, McDonald's, McDonald's, McDonald's, McDonald's, McDonald's, McDonald's, McDonald's, McDonald's, McDonald's, McDonald's, McDonald's, McDonald's, McDonald's, McDonald's, McDonald's, McDonald's, McDonald's, McDonald's, McDonald's, McDonald's, McDonald's, McDonald's, 3465 Saanich Road, Saanich",18:06,a7835075-0fb5-4e6a-a5d4-2e6652273273,7.3,Going to hot zone,"Royal Oak Drive, Saanich, British Columbia",17:55
personal,,2026-01-26,"3420, 3420, 3420, 3420, 3420, Quadra Street, Saanich, British Columbia",20:57,7414196c-6bae-4538-872f-0a321abf5a25,5.8,Home,"West Campus Way, Oak Bay, British Columbia",20:46
business,skip,2026-01-26,"West Campus Way, Oak Bay, British Columbia",20:45,65ef46f1-7a9e-450e-b180-a679469713f9,3.4,Dropping off delivery,"Popeyes, 1646 McKenzie Avenue, Saanich",20:30
business,skip,2026-01-26,"Popeyes, 1646 McKenzie Avenue, Saanich",20:26,1fd801cd-4814-465b-97ed-76ff75d3955a,1.2,Picking up food,"Broadmead Avenue, Saanich, British Columbia",20:20
business,,2026-01-26,"Broadmead Avenue, Saanich, British Columbia",20:19,dd6a5a21-3195-4b98-84b8-db0738fba774,0.9,Going to hot zone,"3954, Shelbourne Street, Saanich, British Columbia",20:14
business,,2026-01-26,"3954, Shelbourne Street, Saanich, British Columbia",20:14,5a80b58d-825b-4669-b074-0bba2524bf63,3.5,Going to hot zone,"4505, Eva Avenue, Saanich, British Columbia",19:55
business,skip,2026-01-26,"4505, Eva Avenue, Saanich, British Columbia",19:52,d43b6d89-d1fa-4139-83c5-e4108eafd5f3,1.7,Dropping off delivery,"1650, Cedar Hill Cross Road, Saanich, British Columbia",19:42
business,skip,2026-01-26,"1650, Cedar Hill Cross Road, Saanich, British Columbia",19:40,ef135488-b90f-47f2-85c1-3e835869a01d,1.8,Picking up food,"1654, McKenzie Avenue, Saanich, British Columbia",19:32
business,,2026-01-26,"1654, McKenzie Avenue, Saanich, British Columbia",19:15,d291656a-8cba-4b93-975f-02e159f30216,0.9,Going to hot zone,"1715, Sprucewood Place, Saanich, British Columbia",19:10
business,uber,2026-01-26,"1712, Sprucewood Place, Saanich, British Columbia",19:10,14d9b80f-4fd4-4531-a44e-7b0553171ae1,4.4,Dropping off delivery,"Shoppers Drug Mart, 1644 Hillside Avenue, Victoria",18:48
business,uber,2026-01-26,"Shelbourne Street, Victoria, British Columbia",18:48,33ff1006-05f7-4fd1-82ff-ff447f66584c,1.5,Picking up food,"Argyle Avenue, Saanich, British Columbia",18:39
business,uber,2026-01-26,"Argyle Avenue, Saanich, British Columbia",18:39,ca12a964-b16b-4b55-b95f-1d07c7a39675,1.1,Dropping off delivery,"1936, Allenby Street, Saanich, British Columbia",18:34
business,,2026-01-26,"Allenby Street, Saanich, British Columbia",18:33,749a39cc-8cbf-46ff-bf40-a725cbf89aab,5.1,Dropping off delivery,"Fort Street, Victoria, British Columbia",18:22
business,,2026-01-26,"Fort Street, Victoria, British Columbia",18:21,1e5094a7-47f4-40e0-8198-6d4ff2c4e77c,1,Picking up food,"941, View Street, Victoria, British Columbia",18:17
business,,2026-01-26,"941, View Street, Victoria, British Columbia",18:13,cc144c8f-ca94-4556-92cc-20727f6410d1,4.6,Dropping off delivery,"Noodle Box, Noodle Box, Noodle Box, Noodle Box, Uptown Boulevard, Saanich",18:01
business,,2026-01-26,"Douglas Street, Saanich, British Columbia",17:57,f5c90f50-2c76-404c-b4dd-7e49211077c0,0.4,Picking up food,"McDonald's, McDonald's, McDonald's, McDonald's, McDonald's, McDonald's, McDonald's, McDonald's, McDonald's, McDonald's, McDonald's, McDonald's, McDonald's, McDonald's, McDonald's, McDonald's, McDonald's, McDonald's, McDonald's, McDonald's, McDonald's, McDonald's, McDonald's, McDonald's, McDonald's, McDonald's, McDonald's, McDonald's, McDonald's, McDonald's, McDonald's, McDonald's, McDonald's, McDonald's, McDonald's, McDonald's, McDonald's, McDonald's, McDonald's, McDonald's, McDonald's, McDonald's, 3465 Saanich Road, Saanich",17:55
business,,2026-01-26,"Saanich Road, Saanich, British Columbia",17:55,7db3adb8-044f-4b9f-9a8c-cd4d1b6a6f02,4.5,Going to hot zone,"Royal Oak Drive, Saanich, British Columbia",17:42
business,,2026-01-23,"McDonald's, 3465 Saanich Road, Saanich, BC, V8Z 3L0, 3465 Saanich Road, Saanich, British Columbia, V8Z 3L0",20:55,00b580c8-f3ff-4bb2-810f-fb649fe273c5,3.8,Going to hot zone,"Skyline Gorge Apartments, 2925 Qu'Appelle Street, Saanich, BC, V9A 1M1, 2925 Qu'Appelle Street, Saanich, British Columbia, V9A 1M1",20:44
business,skip,2026-01-23,"2925, Qu'Appelle Street, Saanich, British Columbia",20:44,038a4b0d-1c8b-4682-8036-52f24058655b,3.5,Dropping off delivery,"Saanich Road, Saanich, British Columbia",20:38
business,,2026-01-23,"McDonald's, McDonald's, McDonald's, McDonald's, McDonald's, McDonald's, McDonald's, McDonald's, McDonald's, McDonald's, McDonald's, McDonald's, McDonald's, McDonald's, McDonald's, McDonald's, McDonald's, McDonald's, McDonald's, McDonald's, McDonald's, McDonald's, McDonald's, McDonald's, McDonald's, McDonald's, McDonald's, McDonald's, McDonald's, McDonald's, McDonald's, McDonald's, McDonald's, McDonald's, McDonald's, McDonald's, McDonald's, McDonald's, McDonald's, McDonald's, McDonald's, 3465 Saanich Road, Saanich",20:28,d5afc45f-887c-4fce-ac90-436e7ff946c6,2.6,Going to hot zone,"3800, Quadra Street, Saanich, British Columbia",20:24
business,skip,2026-01-23,"3800, Quadra Street, Saanich, British Columbia",20:19,e2757803-22d9-4052-b45d-dbdc0c632956,1.8,Dropping off delivery,"Dairy Queen, Dairy Queen, Dairy Queen, 3993 Quadra Street, Saanich",20:16
business,skip,2026-01-23,"Dairy Queen, Dairy Queen, Dairy Queen, 3993 Quadra Street, Saanich",20:09,adae18b2-5a7d-4df4-8bbe-a322b2da377b,1.4,Picking up food,"789, Blackberry Road, Saanich, British Columbia",20:04
business,skip,2026-01-23,"789, Blackberry Road, Saanich, British Columbia",19:58,5f68db87-6e2d-4293-8f44-9b0ead97bcd6,4.8,Dropping off delivery,"Uptown Boulevard, Saanich, British Columbia",19:52
business,skip,2026-01-23,"Uptown Boulevard, Saanich, British Columbia",19:51,509d6da2-3723-4c24-a432-baa49be0aa76,0.2,Picking up food,"Saanich Road, Saanich, British Columbia",19:37
business,,2026-01-23,"McDonald's, McDonald's, McDonald's, McDonald's, McDonald's, McDonald's, McDonald's, McDonald's, McDonald's, McDonald's, McDonald's, McDonald's, McDonald's, McDonald's, McDonald's, McDonald's, McDonald's, McDonald's, McDonald's, McDonald's, McDonald's, McDonald's, McDonald's, McDonald's, McDonald's, McDonald's, McDonald's, McDonald's, McDonald's, McDonald's, McDonald's, McDonald's, McDonald's, McDonald's, McDonald's, McDonald's, McDonald's, McDonald's, McDonald's, McDonald's, 3465 Saanich Road, Saanich",19:37,e8056dbb-b159-4c2f-9314-63e87d56bd62,29.9,Going to hot zone,"1083 Damelart Way, Central Saanich, BC, V8M 1H3, Central Saanich, British Columbia, V8M 1H3",19:16
business,skip,2026-01-23,"1083, Damelart Way, Central Saanich, British Columbia",19:15,5fbebd18-e4eb-4900-91aa-49a39b800e41,10.3,Dropping off delivery,"McDonald's, McDonald's, McDonald's, McDonald's, 2473 Mt Newton Cross Rd, Central Saanich, BC V8M 2B7, Canada",19:05
business,skip,2026-01-23,"McDonald's, McDonald's, McDonald's, McDonald's, 2473 Mt Newton Cross Rd, Central Saanich, BC V8M 2B7, Canada",19:01,67580fc4-21d2-4705-8858-c040b62e75c6,2.5,Picking up food,"Mount Newton Cross Road, British Columbia",18:55
business,skip,2026-01-23,"Mount Newton Cross Road, British Columbia",18:54,c127efdc-a3a9-4f47-83df-18814f881566,11.5,Dropping off delivery,"7105, West Saanich Road, Central Saanich, British Columbia",18:41
business,skip,2026-01-23,"7105, West Saanich Road, Central Saanich, British Columbia",18:37,084513ea-46f6-43a0-b3d4-d9e96b6ef6ff,7,Picking up food,"6725, Central Saanich Road, Central Saanich, British Columbia",18:31
business,skip,2026-01-23,"6725, Central Saanich Road, Central Saanich, British Columbia",18:28,d85472ac-58b5-41ff-b36e-6cb959050841,6,Dropping off delivery,"McDonald's, McDonald's, McDonald's, 2473 Mt Newton Cross Rd, Central Saanich, BC V8M 2B7, Canada",18:22
business,skip,2026-01-23,"McDonald's, McDonald's, McDonald's, 2473 Mt Newton Cross Rd, Central Saanich, BC V8M 2B7, Canada",18:20,67960f7a-6d33-4ef5-9490-79ee1eed0b24,1.8,Picking up food,"Pullock Road, British Columbia",18:16
business,skip,2026-01-23,"Pullock Lane West, British Columbia",18:16,5cc89f8f-d38d-487d-a574-d5b3f51626cb,16.3,Dropping off delivery,"5725, West Saanich Road, Saanich, British Columbia",18:01
business,,2026-01-23,"5725, West Saanich Road, Saanich, British Columbia",18:01,844226e6-290c-4fa7-93c8-a36602972c12,4,,"Interurban Rail Trail, Saanich, British Columbia",17:53
business,skip,2026-01-23,"Interurban Rail Trail, Saanich, British Columbia",17:53,b1292a50-74a5-41fc-855b-c39d8f4df793,11.4,Picking up food,"7088, Wallace Drive, Central Saanich, British Columbia",17:45
business,skip,2026-01-23,"7088, Wallace Drive, Central Saanich, British Columbia",17:41,03f4b5cf-5d9b-4b6a-b73e-d8bf30cd0ded,6.1,Dropping off delivery,"Liquor Express, 2134 Keating Cross Road, Central Saanich, BC, V8M 1Y5, 2134 Keating Cross Road, Central Saanich, British Columbia, V8M 1Y5",17:32
business,skip,2026-01-23,"Liquor Express, 2134 Keating Cross Road, Central Saanich, BC, V8M 1Y5, 2134 Keating Cross Road, Central Saanich, British Columbia, V8M 1Y5",17:31,029b8196-80a9-47b7-9018-c21ae19ba256,14.4,Picking up food,"Royal Oak Drive, Saanich, British Columbia",17:20
business,skip,2026-01-22,"2566, Fifth Street, Victoria, British Columbia",20:28,fe558f5e-f627-4a98-926e-c4e2f1fc3a60,3.1,Dropping off delivery,"KFC, Tolmie Avenue, Saanich",20:22
business,skip,2026-01-22,"KFC, Tolmie Avenue, Saanich",20:17,98ad2509-3eb3-465d-bfde-0865875b6d2a,2,Picking up food,"3149, Stevenson Place, Victoria, British Columbia",20:11
business,skip,2026-01-22,"3154, Stevenson Place, Victoria, British Columbia",20:09,bb07fa03-0846-495f-a24e-06402dfd9aad,4,Dropping off delivery,"McDonald's, McDonald's, McDonald's, McDonald's, McDonald's, McDonald's, McDonald's, McDonald's, McDonald's, McDonald's, McDonald's, McDonald's, McDonald's, McDonald's, McDonald's, McDonald's, McDonald's, McDonald's, McDonald's, McDonald's, McDonald's, McDonald's, McDonald's, McDonald's, McDonald's, McDonald's, McDonald's, McDonald's, McDonald's, McDonald's, McDonald's, McDonald's, McDonald's, McDonald's, McDonald's, McDonald's, McDonald's, McDonald's, McDonald's, 3465 Saanich Road, Saanich",19:27
business,,2026-01-22,"McDonald's, McDonald's, McDonald's, McDonald's, McDonald's, McDonald's, McDonald's, McDonald's, McDonald's, McDonald's, McDonald's, McDonald's, McDonald's, McDonald's, McDonald's, McDonald's, McDonald's, McDonald's, McDonald's, McDonald's, McDonald's, McDonald's, McDonald's, McDonald's, McDonald's, McDonald's, McDonald's, McDonald's, McDonald's, McDonald's, McDonald's, McDonald's, McDonald's, McDonald's, McDonald's, McDonald's, McDonald's, McDonald's, 3465 Saanich Road, Saanich",19:27,11fd843d-07d6-4b20-ab37-40f18cea5183,2.1,Going to hot zone,"970, Topaz Avenue, Victoria, British Columbia",19:20
business,skip,2026-01-22,"970, Topaz Avenue, Victoria, British Columbia",19:14,b24aee06-7627-4b22-85fd-4c1ae4963d75,4.5,Dropping off delivery,"1402, Broad Street, Victoria, British Columbia",19:06
business,skip,2026-01-22,"1402, Broad Street, Victoria, British Columbia",19:05,fbd7920d-a280-4608-b5ff-87205af3f2ad,0.7,Picking up food,"727, Fisgard Street, Victoria, British Columbia",18:58
business,,2026-01-22,"727, Fisgard Street, Victoria, British Columbia",18:58,b731b438-7dfe-4d26-9952-f71d2830ae5e,0.1,Going to hot zone,"732, Cormorant Street, Victoria, British Columbia",18:55
business,skip,2026-01-22,"732, Cormorant Street, Victoria, British Columbia",18:50,b286ca03-c122-45f5-812c-2c7b4c41c040,6.4,Dropping off delivery,"The Chopped Leaf, Uptown Boulevard, Saanich",18:39
business,skip,2026-01-22,"The Chopped Leaf, Uptown Boulevard, Saanich",18:34,43629d46-dddb-49c5-94a8-7e5f214f2e22,0.5,Picking up food,"Saanich Road, Saanich, British Columbia",18:31
business,,2026-01-22,"McDonald's, McDonald's, McDonald's, McDonald's, McDonald's, McDonald's, McDonald's, McDonald's, McDonald's, McDonald's, McDonald's, McDonald's, McDonald's, McDonald's, McDonald's, McDonald's, McDonald's, McDonald's, McDonald's, McDonald's, McDonald's, McDonald's, McDonald's, McDonald's, McDonald's, McDonald's, McDonald's, McDonald's, McDonald's, McDonald's, McDonald's, McDonald's, McDonald's, McDonald's, McDonald's, McDonald's, McDonald's, 3465 Saanich Road, Saanich",18:17,9ebb9a1a-be42-4c6f-aae6-c8a913856148,10.1,Going to hot zone,"Royal Oak Drive, Saanich, British Columbia",18:04
personal,,2026-02-04,"3420, Quadra Street, Saanich, British Columbia",21:19,ef6b6c18-6498-44ae-adef-b728e7feae9b,2.9,Home,"1588, North Dairy Road, Saanich, British Columbia",21:12
business,uber,2026-02-04,"Wordsworth Street, Saanich, British Columbia",21:11,5fecbdaa-15e9-4e92-978f-79d0d5dcc08a,0.7,Dropping off delivery,"1450, Edgeware Road, Victoria, British Columbia",21:05
business,uber,2026-02-04,"1450, Edgeware Road, Victoria, British Columbia",21:05,6ac63f50-a4c9-4ca2-89ce-0205182a773e,1.9,Dropping off delivery,"Wharf Street, Victoria, British Columbia",20:49
business,uber,2026-02-04,"Wharf Street, Victoria, British Columbia",20:49,784b1e37-c6e3-4af9-893d-ba0f1fe6825e,1.4,Picking up food,"Murder Burger, 332 Menzies Street, Victoria",20:41
business,uber,2026-02-04,"Murder Burger, 332 Menzies Street, Victoria",20:41,c9f901a7-80a2-474b-a4b3-327e0273a95e,1.3,Picking up food,"913, Douglas Street, Victoria, British Columbia",20:31
business,uber,2026-02-04,"690, Courtney Street, Victoria, British Columbia",20:31,69c54c0a-15b1-47c9-b0fd-1b1fe2a87ae4,0.7,Dropping off delivery,"1839, Cook Street, Victoria, British Columbia",20:23
business,uber,2026-02-04,"1839, Cook Street, Victoria, British Columbia",20:23,afbe5913-9d9e-4c52-8a52-b49b6f7663f5,0.3,Picking up food,"1038, Mason Street, Victoria, British Columbia",20:15
business,uber,2026-02-04,"1038, Mason Street, Victoria, British Columbia",20:15,f63a3a9a-7a7f-4365-980a-b94dda74c042,2.4,Dropping off delivery,"2670, Fifth Street, Victoria, British Columbia",20:10
business,uber,2026-02-04,"2670, Fifth Street, Victoria, British Columbia",20:09,0c7facde-4859-4087-b5c2-07136bf9d3d0,0.4,Picking up food,"2540, Quadra Street, Victoria, British Columbia",20:05
business,uber,2026-02-04,"2540, Quadra Street, Victoria, British Columbia",20:05,dde77ee6-7cba-4526-a330-83ea6bbfb7d5,2.2,Dropping off delivery,"631, Dunedin Street, Victoria, British Columbia",19:53
business,uber,2026-02-04,"631, Dunedin Street, Victoria, British Columbia",19:52,d363aca0-7495-44fe-950c-6c204539dc86,2.7,Dropping off delivery,"3541, Blanshard Street, Saanich, British Columbia",19:42
business,uber,2026-02-04,"Blanshard Street, Saanich, British Columbia",19:41,3dd27570-2764-462b-8162-3aca7a5a691c,1.4,Picking up food,"McDonald's, McDonald's, McDonald's, McDonald's, McDonald's, McDonald's, McDonald's, McDonald's, McDonald's, McDonald's, McDonald's, McDonald's, McDonald's, McDonald's, McDonald's, McDonald's, McDonald's, McDonald's, McDonald's, McDonald's, McDonald's, McDonald's, McDonald's, McDonald's, McDonald's, McDonald's, McDonald's, McDonald's, McDonald's, McDonald's, McDonald's, McDonald's, McDonald's, McDonald's, McDonald's, McDonald's, McDonald's, McDonald's, McDonald's, McDonald's, McDonald's, McDonald's, McDonald's, McDonald's, McDonald's, McDonald's, McDonald's, McDonald's, McDonald's, McDonald's, McDonald's, McDonald's, 3465 Saanich Road, Saanich",19:36
business,,2026-02-04,"McDonald's, McDonald's, McDonald's, McDonald's, McDonald's, McDonald's, McDonald's, McDonald's, McDonald's, McDonald's, McDonald's, McDonald's, McDonald's, McDonald's, McDonald's, McDonald's, McDonald's, McDonald's, McDonald's, McDonald's, McDonald's, McDonald's, McDonald's, McDonald's, McDonald's, McDonald's, McDonald's, McDonald's, McDonald's, McDonald's, McDonald's, McDonald's, McDonald's, McDonald's, McDonald's, McDonald's, McDonald's, McDonald's, McDonald's, McDonald's, McDonald's, McDonald's, McDonald's, McDonald's, McDonald's, McDonald's, McDonald's, McDonald's, McDonald's, McDonald's, McDonald's, 3465 Saanich Road, Saanich",19:36,685a402d-aab2-454d-8bc0-dc22e38b351a,4,Going to hot zone,"971, 971, Dingley Dell, Esquimalt, British Columbia",19:24
business,uber,2026-02-04,"971, Dingley Dell, Esquimalt, British Columbia",19:23,834a27e0-f83e-4ba5-bb0b-79933c3f2df9,5.1,Dropping off delivery,"Noodle Box, Noodle Box, Uptown Boulevard, Saanich",19:13
business,uber,2026-02-04,"Noodle Box, Noodle Box, Uptown Boulevard, Saanich",19:13,45ebd838-308d-4633-bcb0-2e1b5ce71558,8.3,Picking up food,"Royal Oak Drive, Saanich, British Columbia",18:55
personal,,2026-02-03,"3420, 3420, 3420, Quadra Street, Saanich, British Columbia",21:06,4ba445f4-34ef-424a-a84c-3138edb486d6,3.5,Home,"480, Pandora Avenue, Victoria, British Columbia",20:52
business,uber,2026-02-03,"480, Pandora Avenue, Victoria, British Columbia",20:52,ef244885-fc50-4d88-b34f-3664c311535d,0.1,Dropping off delivery,"1437, Store Street, Victoria, British Columbia",20:48
business,,2026-02-03,"1437, Store Street, Victoria, British Columbia",20:48,fef8d4ad-7027-4584-9074-3684bd9cc8db,2.2,,"522, Fisgard Street, Victoria, British Columbia",20:39
business,uber,2026-02-03,"522, Fisgard Street, Victoria, British Columbia",20:39,f63ccc6d-f49e-4f71-9c4e-eb9719f412dc,0.9,Dropping off delivery,"Varsha Indian Kitchen, 1600 Government Street, Victoria",20:26
business,uber,2026-02-03,"Varsha Indian Kitchen, 1600 Government Street, Victoria",20:25,deb8379e-3dd6-4e34-a71f-13b769294f89,0.6,Picking up food,"1115, Blanshard Street, Victoria, British Columbia",20:19
business,uber,2026-02-03,"1113, Blanshard Street, Victoria, British Columbia",20:18,44cc875e-8554-4ade-a945-cd4997a9e958,0.3,Dropping off delivery,"856, Broughton Street, Victoria, British Columbia",20:16
business,,2026-02-03,"856, Broughton Street, Victoria, British Columbia",20:16,60a29921-2baf-4b7a-8f99-1f82f9c88a76,1.7,,"Quadra Street, Victoria, British Columbia",20:09
business,uber,2026-02-03,"Quadra Street, Victoria, British Columbia",20:09,39fa9040-bde4-41ff-b1b4-7be0867d9013,0.4,Dropping off delivery,"1517, Quadra Street, Victoria, British Columbia",20:06
business,uber,2026-02-03,"909, Mason Street, Victoria, British Columbia",20:06,66f8745b-ee9c-4062-9034-ee22405813bd,4.4,Dropping off delivery,"Dave's Hot Chicken, Dave's Hot Chicken, McKenzie Avenue, Saanich",19:47
business,uber,2026-02-03,"Dave's Hot Chicken, McKenzie Avenue, Saanich",19:46,3fc4264d-153b-405e-81ce-8e0a7eef143b,0.4,Picking up food,"3900, Shelbourne Street, Saanich, British Columbia",19:42
business,uber,2026-02-03,"3900, Shelbourne Street, Saanich, British Columbia",19:35,97650234-2d7c-4026-b174-46ba77ff14a8,2.6,Dropping off delivery,"McKenzie Avenue, Saanich, British Columbia",19:21
business,,2026-02-03,"Dairy Queen, Dairy Queen, 3993 Quadra Street, Saanich",19:20,563889b0-af62-43e9-a815-3bc29570086c,0.4,Going to hot zone,"1005, McKenzie Avenue, Saanich, British Columbia",19:11
business,uber,2026-02-03,"1005, McKenzie Avenue, Saanich, British Columbia",19:11,d5767aba-7127-4b50-96f1-523bc979f8a6,3.3,Dropping off delivery,"Q Pizza, 4517 West Saanich Road, Saanich",19:01
business,uber,2026-02-03,"Q Pizza, 4517 West Saanich Road, Saanich",19:01,ab3a6a39-afdc-433f-954a-3e96dbbd0805,0.9,Picking up food,"Royal Oak Drive, Saanich, British Columbia",18:57
business,,2026-02-02,"3420, 3420, Quadra Street, Saanich, British Columbia",20:07,9f8feed5-7b75-42da-9fb0-e9d924e8faf3,3.2,Home,"604, Ralph Street, Saanich, British Columbia",19:58
business,uber,2026-02-02,"604, Ralph Street, Saanich, British Columbia",19:58,4a1c45df-a326-4d5a-a335-0b1f7eeef2a7,0.4,Dropping off delivery,"661, Ralph Street, Saanich, British Columbia",19:54
business,uber,2026-02-02,"654, Ralph Street, Saanich, British Columbia",19:54,689fbdc9-94cd-4c8a-9cdd-1661c4070211,0.9,Dropping off delivery,"Walmart, 3460 Saanich Road, Saanich",19:45
business,uber,2026-02-02,"roast, Uptown Boulevard, Saanich",19:43,87d4b612-1354-491a-af7f-a725face555b,0.4,Picking up food,"McDonald's, McDonald's, McDonald's, McDonald's, McDonald's, McDonald's, McDonald's, McDonald's, McDonald's, McDonald's, McDonald's, McDonald's, McDonald's, McDonald's, McDonald's, McDonald's, McDonald's, McDonald's, McDonald's, McDonald's, McDonald's, McDonald's, McDonald's, McDonald's, McDonald's, McDonald's, McDonald's, McDonald's, McDonald's, McDonald's, McDonald's, McDonald's, McDonald's, McDonald's, McDonald's, McDonald's, McDonald's, McDonald's, McDonald's, McDonald's, McDonald's, McDonald's, McDonald's, McDonald's, McDonald's, McDonald's, McDonald's, McDonald's, McDonald's, McDonald's, 3465 Saanich Road, Saanich",19:41
business,,2026-02-02,"Saanich Road, Saanich, British Columbia",19:41,b0daad2d-688e-4f14-b817-2cb645477601,1.5,Going to hot zone,"939, Scotia Street, Saanich, British Columbia",19:29
business,uber,2026-02-02,"939, Scotia Street, Saanich, British Columbia",19:28,392a7862-e37f-487b-9400-5555b32654f3,1.5,Dropping off delivery,"McDonald's, McDonald's, McDonald's, McDonald's, McDonald's, McDonald's, McDonald's, McDonald's, McDonald's, McDonald's, McDonald's, McDonald's, McDonald's, McDonald's, McDonald's, McDonald's, McDonald's, McDonald's, McDonald's, McDonald's, McDonald's, McDonald's, McDonald's, McDonald's, McDonald's, McDonald's, McDonald's, McDonald's, McDonald's, McDonald's, McDonald's, McDonald's, McDonald's, McDonald's, McDonald's, McDonald's, McDonald's, McDonald's, McDonald's, McDonald's, McDonald's, McDonald's, McDonald's, McDonald's, McDonald's, McDonald's, McDonald's, McDonald's, McDonald's, 3465 Saanich Road, Saanich",19:22
business,skip,2026-02-02,"McDonald's, McDonald's, McDonald's, McDonald's, McDonald's, McDonald's, McDonald's, McDonald's, McDonald's, McDonald's, McDonald's, McDonald's, McDonald's, McDonald's, McDonald's, McDonald's, McDonald's, McDonald's, McDonald's, McDonald's, McDonald's, McDonald's, McDonald's, McDonald's, McDonald's, McDonald's, McDonald's, McDonald's, McDonald's, McDonald's, McDonald's, McDonald's, McDonald's, McDonald's, McDonald's, McDonald's, McDonald's, McDonald's, McDonald's, McDonald's, McDonald's, McDonald's, McDonald's, McDonald's, McDonald's, McDonald's, McDonald's, McDonald's, McDonald's, 3465 Saanich Road, Saanich",19:21,258bdd95-0b66-4b53-8c06-d66c63219275,0.4,Picking up food,"Noodle Box, Uptown Boulevard, Saanich",19:17
business,skip,2026-02-02,"Noodle Box, Uptown Boulevard, Saanich",19:17,793dcac5-064a-4cab-8658-5d45f3b34e17,0.3,Picking up food,"Saanich Road, Saanich, British Columbia",19:14
business,,2026-02-02,"McDonald's, McDonald's, McDonald's, McDonald's, McDonald's, McDonald's, McDonald's, McDonald's, McDonald's, McDonald's, McDonald's, McDonald's, McDonald's, McDonald's, McDonald's, McDonald's, McDonald's, McDonald's, McDonald's, McDonald's, McDonald's, McDonald's, McDonald's, McDonald's, McDonald's, McDonald's, McDonald's, McDonald's, McDonald's, McDonald's, McDonald's, McDonald's, McDonald's, McDonald's, McDonald's, McDonald's, McDonald's, McDonald's, McDonald's, McDonald's, McDonald's, McDonald's, McDonald's, McDonald's, McDonald's, McDonald's, McDonald's, McDonald's, 3465 Saanich Road, Saanich",18:56,fef468ec-02c1-44ac-ae45-964d90345fa4,12.1,Going to hot zone,"465, Brookhaven Road, Saanich, British Columbia",18:40
business,skip,2026-02-02,"445, Brookhaven Road, Saanich, British Columbia",18:38,ed584349-1ca9-4855-b072-9c04e70d9ce3,4.1,Dropping off delivery,"Veyaness Road, Central Saanich, British Columbia",18:32
business,skip,2026-02-02,"Veyaness Road, Central Saanich, British Columbia",18:31,ee485a82-cc1c-4513-9d59-34972859d85c,5,Picking up food,"5549, Alderley Road, Saanich, British Columbia",18:25
business,doordash,2026-02-02,"5549, Alderley Road, Saanich, British Columbia",18:23,482d145a-0e77-4b6e-a6a1-20cb397efc9b,8.1,Dropping off delivery,"4247, Springridge Crescent, Saanich, British Columbia",18:12
business,skip,2026-02-02,"4247, Springridge Crescent, Saanich, British Columbia",18:12,bbc0d9a7-768e-43f8-9616-3ced01bec0f8,2.2,Dropping off delivery,"McDonald's, 4410 West Saanich Road, Saanich",18:03
business,skip,2026-02-02,"McDonald's, 4410 West Saanich Road, Saanich",17:56,4c6c3324-9326-48dc-ad52-615aee3bdaf4,2.1,Picking up food,"Patricia Bay Highway, Saanich, British Columbia",17:53
business,,2026-02-02,"Patricia Bay Highway, Saanich, British Columbia",17:53,96b850e9-5d7b-47ff-9c41-c7bf49afa287,1.7,Going to hot zone,"Royal Oak Drive, Saanich, British Columbia",17:48
personal,,2026-01-30,"3420, Quadra Street, Saanich, British Columbia",21:50,c68b68ac-be6e-4d4b-b641-7a4f0c944844,3.3,Home,"540, Rithet Street, Victoria, British Columbia",21:36
business,uber,2026-01-30,"545, Rithet Street, Victoria, British Columbia",21:35,67349fc2-59f8-4b0c-a67c-45cbb91bb98e,0.9,Dropping off delivery,"103, Menzies Street, Victoria, British Columbia",21:31
business,uber,2026-01-30,"105, Menzies Street, Victoria, British Columbia",21:30,16389777-eef9-4430-8d5e-328d1e88b131,2.8,Dropping off delivery,"1420, Quadra Street, Victoria, British Columbia",21:23
business,uber,2026-01-30,"1420, Quadra Street, Victoria, British Columbia",21:22,a2dffc00-511c-443c-a647-12af87bd92ca,2.3,Picking up food,"1640, Oak Bay Avenue, Victoria, British Columbia",21:13
business,uber,2026-01-30,"1640, Oak Bay Avenue, Victoria, British Columbia",21:12,a9ea4e98-852f-4122-abb8-1f1cae216d8f,2,Dropping off delivery,"Ophir Street, Saanich, British Columbia",20:46
business,,2026-01-30,"Ophir Street, Saanich, British Columbia",20:46,25e5d83f-67d0-41f3-ae0c-2b0556dfddbc,0.1,Going to hot zone,"Ophir Street, Saanich, British Columbia",20:33
business,,2026-01-30,"Ophir Street, Saanich, British Columbia",20:28,4bef198c-6831-4552-8d94-87af9a0e14b4,2,Going to hot zone,"1547, McRae Avenue, Saanich, British Columbia",20:23
business,skip,2026-01-30,"1547, McRae Avenue, Saanich, British Columbia",20:23,c3bb4dad-7da2-4cb2-a9b8-035b4a7cafc2,3.6,Dropping off delivery,"3981, Blenkinsop Road, Saanich, British Columbia",20:14
business,skip,2026-01-30,"3983, Blenkinsop Road, Saanich, British Columbia",20:09,a523ea8a-04ee-4191-becc-9069b3507d16,1.6,Dropping off delivery,"Dairy Queen, 3993 Quadra Street, Saanich",20:06
business,,2026-01-30,"Dairy Queen, 3993 Quadra Street, Saanich",20:06,d140e512-b2f4-4db1-b943-6f188ecc3c8f,0.1,,"3995, Quadra Street, Saanich, British Columbia",20:00
business,skip,2026-01-30,"3995, Quadra Street, Saanich, British Columbia",20:00,b480ab6b-823e-42fa-a149-937bf39853de,6.3,Picking up food,"Pandora Avenue, Victoria, British Columbia",19:48
business,skip,2026-01-30,"Pandora Avenue, Victoria, British Columbia",19:41,dc16bf7a-b02d-4e14-a801-5c742c14c79c,4.4,Dropping off delivery,"3945, Quadra Street, Saanich, British Columbia",19:32
business,skip,2026-01-30,"Quadra Street, Saanich, British Columbia",19:31,7aca011c-f18a-4ab9-b107-f084eaf7bece,2.7,Picking up food,"3830, Saul Street, Saanich, British Columbia",19:19
business,skip,2026-01-30,"3835, Saul Street, Saanich, British Columbia",19:18,681cf94d-71cb-4724-bf9f-e498a95fa0c2,2.5,Dropping off delivery,"Teakwood Road, Saanich, British Columbia",19:09
business,skip,2026-01-30,"Teakwood Road, Saanich, British Columbia",19:08,3c073cea-d3f0-4c75-b354-67daadb7c509,1,Picking up food,"1597, Midgard Avenue, Saanich, British Columbia",18:58
business,skip,2026-01-30,"1597, Midgard Avenue, Saanich, British Columbia",18:54,56ffc415-b6bb-47e5-a9aa-ee257011de71,2.1,Dropping off delivery,"1538, Arrow Road, Saanich, British Columbia",18:48
business,skip,2026-01-30,"1538, Arrow Road, Saanich, British Columbia",18:45,bee4611d-82dd-41a5-be03-1d8d40ba4169,2.6,Dropping off delivery,"McKenzie Avenue, Saanich, British Columbia",18:39
business,skip,2026-01-30,"McKenzie Avenue, Saanich, British Columbia",18:38,bcb1ff12-9c78-4ed2-a722-59bd41e14a96,0.3,Picking up food,"Cedar Hill Cross Road, Saanich, British Columbia",18:35
business,skip,2026-01-30,"Cedar Hill Cross Road, Saanich, British Columbia",18:34,c93f5dd0-a073-421c-8724-db4c5ace5f78,0.3,Picking up food,"Lochside Regional Trail, Saanich, British Columbia",18:32
business,,2026-01-30,"Lochside Regional Trail, Saanich, British Columbia",18:32,cfefa1b4-ca01-4582-b82e-5b41876a5583,0.7,Going to hot zone,"4072, Cedar Hill Cross Road, Saanich, British Columbia",18:28
business,skip,2026-01-30,"4072, Cedar Hill Cross Road, Saanich, British Columbia",18:24,00c42673-d895-4410-8edf-f6a3ca7ad723,5,Dropping off delivery,"4283, Carey Road, Saanich, British Columbia",18:15
business,skip,2026-01-30,"4283, Carey Road, Saanich, British Columbia",18:12,47e80139-315c-43ff-ba05-d3d9eb408efd,2,Dropping off delivery,"4291, Glanford Avenue, Saanich, British Columbia",18:08
business,skip,2026-01-30,"4291, Glanford Avenue, Saanich, British Columbia",18:05,e9619052-462e-44cf-98f3-135194a859b2,1.1,Picking up food,"Greenlea Drive, Saanich, British Columbia",18:02
business,,2026-01-30,"Greenlea Drive, Saanich, British Columbia",18:01,d26efead-5b6c-4dc9-9bfc-e89ef6e3501f,8.3,Going to hot zone,"2383, Tanner Ridge Place, Central Saanich, British Columbia",17:47
business,skip,2026-01-30,"2383, Tanner Ridge Place, Central Saanich, British Columbia",17:47,6c768a4b-30c6-4533-9eb5-9d033b2effd6,8.9,Dropping off delivery,"Fudo Japanese Restaurant, Chatterton Way, Saanich",17:34
personal,,2026-01-29,"3420, 3420, Quadra Street, Saanich, British Columbia",21:13,a249c725-5234-4d7d-b4f1-1dc5dbbfb37b,6.4,Home,"300, Michigan Street, Victoria, British Columbia",21:00
business,skip,2026-01-29,"300, Michigan Street, Victoria, British Columbia",20:56,7f25ef7a-9e65-4268-8771-32b94ef910e6,2.8,Dropping off delivery,"Boston Pizza, Blanshard Street, Saanich",20:46
business,skip,2026-01-29,"Boston Pizza, Blanshard Street, Saanich",20:43,2329795c-5e14-4e9a-a092-3786b58dd498,0.8,Picking up food,"Saanich Road, Saanich, British Columbia",20:40
business,,2026-01-29,"Saanich Road, Saanich, British Columbia",20:40,91eb87aa-50a0-4389-ae36-c7db1db80e13,0,Going to hot zone,"Saanich Road, Saanich, British Columbia",20:22
business,,2026-01-29,"McDonald's, McDonald's, McDonald's, McDonald's, McDonald's, McDonald's, McDonald's, McDonald's, McDonald's, McDonald's, McDonald's, McDonald's, McDonald's, McDonald's, McDonald's, McDonald's, McDonald's, McDonald's, McDonald's, McDonald's, McDonald's, McDonald's, McDonald's, McDonald's, McDonald's, McDonald's, McDonald's, McDonald's, McDonald's, McDonald's, McDonald's, McDonald's, McDonald's, McDonald's, McDonald's, McDonald's, McDonald's, McDonald's, McDonald's, McDonald's, McDonald's, McDonald's, McDonald's, McDonald's, McDonald's, McDonald's, McDonald's, 3465 Saanich Road, Saanich",20:22,3921105a-7290-4ec0-885f-f2d2226d8200,4.2,Going to hot zone,"955, Woodhall Drive, Saanich, British Columbia",20:13
business,skip,2026-01-29,"955, Woodhall Drive, Saanich, British Columbia",20:11,f426238b-128a-48cc-a0e9-dcbed33cc3c3,1.3,Dropping off delivery,"McKenzie Avenue, Saanich, British Columbia",20:07
business,skip,2026-01-29,"McKenzie Avenue, Saanich, British Columbia",20:06,8a441fae-504c-429b-bfd7-e58b4d4e952c,3.3,Picking up food,"Saanich Road, Saanich, British Columbia",20:01
business,,2026-01-29,"McDonald's, McDonald's, McDonald's, McDonald's, McDonald's, McDonald's, McDonald's, McDonald's, McDonald's, McDonald's, McDonald's, McDonald's, McDonald's, McDonald's, McDonald's, McDonald's, McDonald's, McDonald's, McDonald's, McDonald's, McDonald's, McDonald's, McDonald's, McDonald's, McDonald's, McDonald's, McDonald's, McDonald's, McDonald's, McDonald's, McDonald's, McDonald's, McDonald's, McDonald's, McDonald's, McDonald's, McDonald's, McDonald's, McDonald's, McDonald's, McDonald's, McDonald's, McDonald's, McDonald's, McDonald's, McDonald's, 3465 Saanich Road, Saanich",20:01,b12e28b2-d071-42cd-ba89-c8fc75429409,7.3,Going to hot zone,"Chatterton Way, Saanich, British Columbia",19:46
business,,2026-01-29,"Chatterton Way, Saanich, British Columbia",19:19,ffd52b9d-9d04-44ee-8a2c-30dafd91b58d,1.2,Going to hot zone,"4491, Shadywood Place, Saanich, British Columbia",19:14
business,skip,2026-01-29,"4491, Shadywood Place, Saanich, British Columbia",19:13,eb63a881-3663-45fe-8597-2e1b79bc073c,1.7,Dropping off delivery,"Chatterton Way, Saanich, British Columbia",19:05
business,,2026-01-29,"Chatterton Way, Saanich, British Columbia",19:05,90fa9ef1-a335-4251-b70e-831c11411eb7,1.2,Going to hot zone,"Pipeline Road, Saanich, British Columbia",18:41
business,skip,2026-01-29,"Pipeline Road, Saanich, British Columbia",18:40,de04bcf2-1ee3-47df-b083-942753444b15,0.6,Dropping off delivery,"747, Travino Lane, Saanich, British Columbia",18:28
business,,2026-01-29,"747, Travino Lane, Saanich, British Columbia",18:28,c66c8c4b-67cc-4835-874c-63efa6b1468b,2.2,,"West Saanich Road, Saanich, British Columbia",18:22
business,skip,2026-01-29,"West Saanich Road, Saanich, British Columbia",18:22,15ecd185-672a-4bfb-80a6-aaae66b75ffa,2.2,Picking up food,"4590, West Saanich Road, Saanich, British Columbia",18:19
business,skip,2026-01-29,"4590, West Saanich Road, Saanich, British Columbia",18:16,26986e22-2301-4d25-9693-c5a12ad20bd6,0.6,Picking up food,"742, Travino Lane, Saanich, British Columbia",18:13
business,skip,2026-01-29,"742, Travino Lane, Saanich, British Columbia",18:05,6ae44b51-ad0b-4ab2-a78b-c411cc41b74d,1.4,Dropping off delivery,"4291 Glanford Avenue, Saanich, BC, V8Z 3E9, Saanich, British Columbia, V8Z 3E9",18:00
business,skip,2026-01-29,"4291, Glanford Avenue, Saanich, British Columbia",17:53,98cd8d0d-99ba-49af-89b2-b7b905ddd98c,2.9,Picking up food,"McDonald's, 3465 Saanich Road, Saanich, BC, V8Z 3L0, 3465 Saanich Road, Saanich, British Columbia, V8Z 3L0",17:45
business,,2026-01-29,"McDonald's, 3465 Saanich Road, Saanich, BC, V8Z 3L0, 3465 Saanich Road, Saanich, British Columbia, V8Z 3L0",17:45,d90028f4-1b0f-491d-a42c-b9ccdf6849df,4.7,Going to hot zone,"Coast Capital Savings, 777 Royal Oak Drive, Saanich, BC, V8X 4V1, 777 Royal Oak Drive, Saanich, British Columbia, V8X 4V1",17:32
business,,2026-02-06,"McDonald's, McDonald's, McDonald's, McDonald's, McDonald's, McDonald's, McDonald's, McDonald's, McDonald's, McDonald's, McDonald's, McDonald's, McDonald's, McDonald's, McDonald's, McDonald's, McDonald's, McDonald's, McDonald's, McDonald's, McDonald's, McDonald's, McDonald's, McDonald's, McDonald's, McDonald's, McDonald's, McDonald's, McDonald's, McDonald's, McDonald's, McDonald's, McDonald's, McDonald's, McDonald's, McDonald's, McDonald's, McDonald's, McDonald's, McDonald's, McDonald's, McDonald's, McDonald's, McDonald's, McDonald's, McDonald's, McDonald's, McDonald's, McDonald's, McDonald's, McDonald's, McDonald's, McDonald's, McDonald's, 3465 Saanich Road, Saanich",19:10,e6492351-425a-44e5-9e1c-ba0892ccfc20,11.3,Going to hot zone,"Royal Oak Drive, Saanich, British Columbia",18:38
personal,,2026-02-05,"3420, Quadra Street, Saanich, British Columbia",21:36,d417a177-d6e6-45b4-8499-eec0baa03357,7.1,Home,"852 Old Esquimalt Road, 852 Old Esquimalt Road, Esquimalt, BC, V9A 4X1, Esquimalt, British Columbia, V9A 4X1",21:24
business,skip,2026-02-05,"852 Old Esquimalt Road, Esquimalt, BC, V9A 4X1, Esquimalt, British Columbia, V9A 4X1",21:22,9838becd-9629-4c81-8c13-1fea4bc51b45,4.6,Dropping off delivery,"The Canadian Brew House;The Canadian Brewhouse, 12711 97 Street NW, Edmonton, AB, T5E 4C1, 12711 97 Street NW, Edmonton, Alberta, T5E 4C1",20:35
business,,2026-02-05,"The Canadian Brew House;The Canadian Brewhouse, 12711 97 Street NW, Edmonton, AB, T5E 4C1, 12711 97 Street NW, Edmonton, Alberta, T5E 4C1",20:22,a51ccd53-5a80-49fc-aee6-3627464df1d9,1.2,Going to hot zone,"3482, Bethune Avenue, Saanich, British Columbia",20:18
business,uber,2026-02-05,"3482, Bethune Avenue, Saanich, British Columbia",20:16,0510f2f5-65ae-4bfc-8632-45e7d48de330,1,Dropping off delivery,"Douglas Street, Saanich, British Columbia",20:10
business,uber,2026-02-05,"Douglas Street, Saanich, British Columbia",20:09,ba9f282b-9539-457e-8a3e-12a4941b18c0,0.3,Picking up food,"Saanich Road, Saanich, British Columbia",20:02
business,,2026-02-05,"McDonald's, McDonald's, McDonald's, McDonald's, McDonald's, McDonald's, McDonald's, McDonald's, McDonald's, McDonald's, McDonald's, McDonald's, McDonald's, McDonald's, McDonald's, McDonald's, McDonald's, McDonald's, McDonald's, McDonald's, McDonald's, McDonald's, McDonald's, McDonald's, McDonald's, McDonald's, McDonald's, McDonald's, McDonald's, McDonald's, McDonald's, McDonald's, McDonald's, McDonald's, McDonald's, McDonald's, McDonald's, McDonald's, McDonald's, McDonald's, McDonald's, McDonald's, McDonald's, McDonald's, McDonald's, McDonald's, McDonald's, McDonald's, McDonald's, McDonald's, McDonald's, McDonald's, McDonald's, 3465 Saanich Road, Saanich",19:03,d80164b4-880d-4a10-a388-b21a29b0a0eb,6.8,Going to hot zone,"Royal Oak Drive, Saanich, British Columbia",18:34
personal,,2026-02-14,"3420, 3420, Quadra Street, Saanich, British Columbia",21:52,ec89027e-cd84-494f-a0b2-566105cd0731,2.7,Home,"217, Gorge Road East, Victoria, British Columbia",21:43
business,skip,2026-02-14,"229, Gorge Road East, Victoria, British Columbia",21:42,86eb54cc-fbbe-4bfc-97dc-994eb7244a6f,2.3,Dropping off delivery,"3245, Rutledge Street, Saanich, British Columbia",21:33
business,skip,2026-02-14,"3245, Rutledge Street, Saanich, British Columbia",21:31,e4773caf-a99b-46b4-933e-01e134d93a66,3.2,Dropping off delivery,"McKenzie Avenue, Saanich, British Columbia",20:48
business,,2026-02-14,"Dairy Queen, Dairy Queen, Dairy Queen, 3993 Quadra Street, Saanich",20:48,0c203633-6bac-4eee-b574-368cc6f7b9c7,1.3,Going to hot zone,"Century Road, Saanich, British Columbia",20:45
business,skip,2026-02-14,"Century Road, Saanich, British Columbia",20:41,bade77a4-bfef-4801-b1c4-12ab5d2c512b,1.7,Dropping off delivery,"Local Pizza, McKenzie Avenue, Saanich",20:35
business,skip,2026-02-14,"Local Pizza, McKenzie Avenue, Saanich",20:35,af8372d3-b39c-4996-ad32-69dba6ebefce,0.5,Picking up food,"Glencraig Place, Saanich, British Columbia",20:06
business,,2026-02-14,"Lee's House Asian Fusion Bistro, Glencraig Place, Saanich",20:06,17667c11-2b9d-4077-ac1d-eaae178f8cf6,1.1,Going to hot zone,"Providence Place, Saanich, British Columbia",19:58
business,skip,2026-02-14,"4029, Providence Place, Saanich, British Columbia",19:56,803aa300-267a-426c-83bb-1cbad97ed322,4.9,Dropping off delivery,"Lucas Avenue, Saanich, British Columbia",19:47
business,skip,2026-02-14,"Lucas Avenue, Saanich, British Columbia",19:45,c0076f9e-8e9e-4265-8465-d144e93b4db5,1.8,Dropping off delivery,"McKenzie Avenue, Saanich, British Columbia",19:37
business,skip,2026-02-14,"McKenzie Avenue, Saanich, British Columbia",19:34,0db5180e-2a7e-47f2-975f-2246537ccf47,0.1,Picking up food,"McKenzie Avenue, Saanich, British Columbia",19:26
business,,2026-02-14,"McKenzie Avenue, Saanich, British Columbia",19:26,1530240e-6753-44a3-9b1f-88e37730a632,4.8,Going to hot zone,"3895, Hobbs Street, Saanich, British Columbia",19:18
business,skip,2026-02-14,"3895, Hobbs Street, Saanich, British Columbia",19:12,44dae597-e40a-40a9-8e85-ef63d2588c74,4.5,Dropping off delivery,"1399, Epsom Close, Saanich, British Columbia",19:03
business,skip,2026-02-14,"1399, Epsom Close, Saanich, British Columbia",19:03,b659c209-3872-4a84-b0d0-4bc35d3aae0d,1.5,Dropping off delivery,"McKenzie Avenue, Saanich, British Columbia",18:54
business,skip,2026-02-14,"Lochside Regional Trail, Saanich, British Columbia",18:51,e925eac6-0d49-41c5-8c2d-7a3389fa58bd,1.6,Picking up food,"Cedar Hill Cross Road, Saanich, British Columbia",18:48
business,skip,2026-02-14,"Cedar Hill Cross Road, Saanich, British Columbia",18:47,66ba1d3d-a4e1-44b8-9b5f-8eb168095102,4.3,Picking up food,"535, Roseridge Place, Saanich, British Columbia",18:39
business,skip,2026-02-14,"535, Roseridge Place, Saanich, British Columbia",18:38,cb4b9953-b958-43a4-bf95-fcc49bb0d232,2.3,Dropping off delivery,"4259, Kincaid Street, Saanich, British Columbia",18:33
business,skip,2026-02-14,"4259, Kincaid Street, Saanich, British Columbia",18:30,7e983670-a3cc-4ef7-9901-e8513109fc82,2.3,Dropping off delivery,"White Spot, Quadra Street, Saanich",18:23
business,skip,2026-02-14,"White Spot, Quadra Street, Saanich",18:22,4101a326-7031-4376-a828-609173025dc8,0.9,Picking up food,"McKenzie Avenue, Saanich, British Columbia",18:19
business,skip,2026-02-14,"McKenzie Avenue, Saanich, British Columbia",18:18,fa72e0c9-d25e-41c6-abd2-4ce1976c94d4,3.1,Picking up food,"Cloverdale Avenue, Saanich, British Columbia",18:14
personal,,2026-02-24,"3420, 3420, 3420, Quadra Street, Saanich, British Columbia",20:28,dca610b4-7c26-423b-a771-bbde4261cc3e,2,Home,"McKenzie Avenue, Saanich, British Columbia",19:22
business,,2026-02-24,"McKenzie Avenue, Saanich, British Columbia",19:21,fa50750e-c4c3-4ec4-b034-641aeac89848,2,Going to hot zone,"800, Kona Crescent, Saanich, British Columbia",19:14
business,skip,2026-02-24,"808, Kona Crescent, Saanich, British Columbia",19:14,3c917179-7bda-4b95-a92c-ec843fc8d9a4,3,Dropping off delivery,"Uptown Boulevard, Saanich, British Columbia",19:04
business,skip,2026-02-24,"Uptown Boulevard, Saanich, British Columbia",18:59,cfc1ac4b-7e60-4d0f-96a0-7a1df8e723e4,0.1,Picking up food,"Saanich Road, Saanich, British Columbia",18:45
business,,2026-02-24,"McDonald's, McDonald's, McDonald's, McDonald's, McDonald's, McDonald's, McDonald's, McDonald's, McDonald's, McDonald's, McDonald's, McDonald's, McDonald's, McDonald's, McDonald's, McDonald's, McDonald's, McDonald's, McDonald's, McDonald's, McDonald's, McDonald's, McDonald's, McDonald's, McDonald's, McDonald's, McDonald's, McDonald's, McDonald's, McDonald's, McDonald's, McDonald's, McDonald's, McDonald's, McDonald's, McDonald's, McDonald's, McDonald's, McDonald's, McDonald's, McDonald's, McDonald's, McDonald's, McDonald's, McDonald's, McDonald's, McDonald's, McDonald's, McDonald's, McDonald's, McDonald's, McDonald's, McDonald's, McDonald's, McDonald's, McDonald's, 3465 Saanich Road, Saanich",18:45,fff17793-7110-4215-ba20-586d6db3fffe,1.7,Going to hot zone,"940, Inverness Road, Saanich, British Columbia",18:41
business,skip,2026-02-24,"940, Inverness Road, Saanich, British Columbia",18:37,bdd1074d-1f18-4fdb-ab1e-6bc83102c7c2,1.3,Dropping off delivery,"Brown's Social House, Uptown Boulevard, Saanich",18:29
business,skip,2026-02-24,"Brown's Social House, Uptown Boulevard, Saanich",18:29,48ebc5cb-0252-4511-be38-36a622a58778,0.5,Picking up food,"Saanich Road, Saanich, British Columbia",18:26
business,,2026-02-24,"McDonald's, McDonald's, McDonald's, McDonald's, McDonald's, McDonald's, McDonald's, McDonald's, McDonald's, McDonald's, McDonald's, McDonald's, McDonald's, McDonald's, McDonald's, McDonald's, McDonald's, McDonald's, McDonald's, McDonald's, McDonald's, McDonald's, McDonald's, McDonald's, McDonald's, McDonald's, McDonald's, McDonald's, McDonald's, McDonald's, McDonald's, McDonald's, McDonald's, McDonald's, McDonald's, McDonald's, McDonald's, McDonald's, McDonald's, McDonald's, McDonald's, McDonald's, McDonald's, McDonald's, McDonald's, McDonald's, McDonald's, McDonald's, McDonald's, McDonald's, McDonald's, McDonald's, McDonald's, McDonald's, McDonald's, 3465 Saanich Road, Saanich",18:26,64ca45ee-35d5-44af-82fb-3d73488d7ee1,8.4,Going to hot zone,"Royal Oak Drive, Saanich, British Columbia",18:19
personal,,2026-03-04,"3420, 3420, 3420, 3420, 3420, 3420, 3420, Quadra Street, Saanich, British Columbia",21:04,c15dfb6e-2c72-4c7b-8a41-0793b37283b2,4.3,Home,"Broadmead Avenue, Saanich, British Columbia",20:55
business,,2026-03-04,"McDonald's, McDonald's, 1567 Cedar Hill Cross Rd, Victoria, BC V8P 2P3, Canada",20:55,7c7b69a6-10c5-47b3-9dc4-0446be88ecb2,3.2,Going to hot zone,"Alumni Chip Trail, Saanich, British Columbia",20:47
business,uber,2026-03-04,"Alumni Chip Trail, Saanich, British Columbia",20:47,4a342379-7555-4cc1-aadf-e0ee25b1ec47,4.7,Dropping off delivery,"White Spot, 1871 Fort Street, Victoria",20:35
business,uber,2026-03-04,"White Spot, 1871 Fort Street, Victoria",20:35,7816a048-49c3-4a9c-820e-d6b5c940380d,1.7,Picking up food,"1128, Ormond Street, Victoria, British Columbia",20:31
business,uber,2026-03-04,"1128, Ormond Street, Victoria, British Columbia",20:29,e9c7592b-2eab-4799-8959-1f69bcaeb883,4.3,Dropping off delivery,"3541, Blanshard Street, Saanich, British Columbia",20:16
business,uber,2026-03-04,"48.45628, -123.37508",20:16,a1a74d1a-e005-4d42-8f6b-e62ed423cc6b,1.4,Picking up food,"Saanich Road, Saanich, British Columbia",20:12
business,,2026-03-04,"McDonald's, McDonald's, McDonald's, 3465 Saanich Rd, Victoria, BC V8X 1W8, Canada",20:12,e8677252-2867-41f4-93ae-c101a636f2c4,5.9,Going to hot zone,"4246, Carey Road, Saanich, British Columbia",19:56
business,uber,2026-03-04,"4261, Carey Road, Saanich, British Columbia",19:53,181627dd-3b67-48a3-befe-a8bbebe5a03c,3.5,Dropping off delivery,"927, Woodhall Drive, Saanich, British Columbia",19:46
business,uber,2026-03-04,"920, Woodhall Drive, Saanich, British Columbia",19:45,03bb2b18-44a8-454a-8e63-eb098da96a4b,2,Dropping off delivery,"3609, Saanich Road, Saanich, British Columbia",19:35
business,uber,2026-03-04,"3593, Calumet Avenue, Saanich, British Columbia",19:33,05ce4c72-9c03-414d-a135-0dffa4d1bc28,3.5,Dropping off delivery,"Dumpling Drop, 556 Pandora Avenue, Victoria",19:19
business,uber,2026-03-04,"Dumpling Drop, 556 Pandora Avenue, Victoria",19:19,be67040b-c796-4714-a8b2-579fd829a991,0.2,Picking up food,"1483, Douglas Street, Victoria, British Columbia",19:15
business,uber,2026-03-04,"710, Pandora Avenue, Victoria, British Columbia",19:15,298e6ee1-4bb7-4999-b47f-4b0ae2031edf,2.8,Picking up food,"1791, Rockland Avenue, Victoria, British Columbia",19:05
business,uber,2026-03-04,"1791, Rockland Avenue, Victoria, British Columbia",19:04,fe1a4f5c-afe4-443c-94f1-43e5335465f6,1.7,Dropping off delivery,"1399, Stanley Avenue, Victoria, British Columbia",18:57
business,uber,2026-03-04,"1399, Stanley Avenue, Victoria, British Columbia",18:56,10cc327e-c647-48b0-ab61-95ee42e0df78,1.8,Dropping off delivery,"Bin 4 Burger Lounge, 911 Yates Street, Victoria",18:47
business,uber,2026-03-04,"Bin 4 Burger Lounge, 911 Yates Street, Victoria",18:46,8b967d7d-518a-438f-bb2c-d63e443eb090,2.3,Picking up food,"1025, Linden Avenue, Victoria, British Columbia",18:37
business,uber,2026-03-04,"1025, Linden Avenue, Victoria, British Columbia",18:36,efb1af1b-9dab-43aa-8bc2-e54a12d96438,3,Dropping off delivery,"1547, Foul Bay Road, Oak Bay, British Columbia",18:26
business,uber,2026-03-04,"1547, Foul Bay Road, Oak Bay, British Columbia",18:25,e31c505a-2acc-4be1-9154-7c052a50c6d5,1.5,Picking up food,"2115, Central Avenue, Oak Bay, British Columbia",18:20
business,uber,2026-03-04,"2115, Central Avenue, Oak Bay, British Columbia",18:18,2f4e6d63-3d88-4762-9021-d55ba162925e,6.8,Dropping off delivery,"Tolmie Avenue, Saanich, British Columbia",17:51
business,uber,2026-03-04,"Tolmie Avenue, Saanich, British Columbia",17:50,76196dec-ef48-47a1-8a5b-381209939cf8,1,Picking up food,"Saanich Road, Saanich, British Columbia",17:47
business,,2026-03-04,"McDonald's, McDonald's, 3465 Saanich Rd, Victoria, BC V8X 1W8, Canada",17:47,96cde0c3-3bb1-4ab1-94fa-d57b9c94291e,5.2,Going to hot zone,"Royal Oak Drive, Saanich, British Columbia",17:36
personal,,2026-03-03,"3420, 3420, 3420, 3420, 3420, 3420, Quadra Street, Saanich, British Columbia",21:22,676f5dd0-7219-42f0-b401-b07a96581c85,0.8,Home,"1112, Tolmie Avenue, Saanich, British Columbia",21:21
business,uber,2026-03-03,"1225, Tolmie Avenue, Victoria, British Columbia",21:19,5c5fe794-83ae-4770-890a-6f8df188dc14,4.3,Dropping off delivery,"Quadra Street, Saanich, British Columbia",21:13
business,,2026-03-03,"Quadra Street, Saanich, British Columbia",21:13,7ff3dd88-61e6-46fa-af5b-58b2809686b3,3,,"Linwood Avenue, Saanich, British Columbia",20:57
business,uber,2026-03-03,"Linwood Avenue, Saanich, British Columbia",20:57,5060ee36-b1ba-466f-87cb-3fc1fed055a2,2.7,Picking up food,"2609, Shakespeare Street, Victoria, British Columbia",20:52
business,uber,2026-03-03,"2629, Victor Street, Victoria, British Columbia",20:49,49de5ecb-fd77-4afc-a3f6-5b5ad782aaf1,0.4,Dropping off delivery,"1644, Hillside Avenue, Victoria, British Columbia",20:40
business,uber,2026-03-03,"1644, Hillside Avenue, Victoria, British Columbia",20:40,d1f9af79-cbfe-4975-9b59-47086af2e1dd,1.2,Picking up food,"1711, Denman Street, Victoria, British Columbia",20:25
business,uber,2026-03-03,"1711, Denman Street, Victoria, British Columbia",20:24,bfd9d20d-5ceb-4593-ade2-bdb485249963,1.4,Dropping off delivery,"48.42576, -123.34969",20:16
business,uber,2026-03-03,"1234, Johnson Street, Victoria, British Columbia",20:16,f98d2e51-0ef3-4917-9186-0964d4e96e89,3.5,Dropping off delivery,"Marhaba Restaurant, 90 Gorge Road West, Saanich",20:05
business,uber,2026-03-03,"Marhaba Restaurant, 90 Gorge Road West, Saanich",20:05,bf336536-1dee-4c15-9fd9-0bf740ba85eb,2.2,Picking up food,"622, Constance Avenue, Esquimalt, British Columbia",19:46
business,uber,2026-03-03,"Miles Street, Esquimalt, British Columbia",19:44,87631a19-08cf-4d76-952e-d16e258fdf71,0.1,Dropping off delivery,"685, Admirals Road, Esquimalt, British Columbia",19:37
business,uber,2026-03-03,"685, Admirals Road, Esquimalt, British Columbia",19:37,664f6cef-3044-483f-8933-5ce172ad544c,3.7,Dropping off delivery,"Sura Korean Restaurant, 1696 Douglas Street, Victoria",19:26
business,uber,2026-03-03,"Sura Korean Restaurant, 1696 Douglas Street, Victoria",19:26,e2eed4ba-b21e-44a4-94ce-a24579c039a0,1.1,Picking up food,"930, Pandora Avenue, Victoria, British Columbia",19:20
business,uber,2026-03-03,"Mason Street, Victoria, British Columbia",19:19,8cdafcb2-49aa-48d3-96cb-7abc0d4da9c3,2.8,Picking up food,"1080, Belmont Avenue, Victoria, British Columbia",19:10
business,uber,2026-03-03,"1080, Belmont Avenue, Victoria, British Columbia",19:09,9dc9d3f5-fe74-4c3f-8b47-6466cdc0e031,1.6,Dropping off delivery,"1950, Foul Bay Road, Victoria, British Columbia",18:59
business,uber,2026-03-03,"Fort Street, Victoria, British Columbia",18:58,62b99f6f-743d-49e9-a60b-0180d3e1fe44,1.3,Picking up food,"Carrick Trail, Oak Bay, British Columbia",18:54
business,uber,2026-03-03,"Carrick Trail, Oak Bay, British Columbia",18:54,8145e197-840a-4c20-9b18-bb7a65e4c0e2,1.3,Dropping off delivery,"1869, Oak Bay Avenue, Victoria, British Columbia",18:48
business,uber,2026-03-03,"1885, Oak Bay Avenue, Victoria, British Columbia",18:47,f8919979-da48-4458-8e6f-eb53c4d7681c,1.7,Picking up food,"48.42983, -123.33173",18:43
business,uber,2026-03-03,"1922, Ashgrove Street, Victoria, British Columbia",18:42,3f706a12-f7ec-40e5-9747-1d8304b842e4,0.9,Dropping off delivery,"1741, Denman Street, Victoria, British Columbia",18:37
business,uber,2026-03-03,"1741, Denman Street, Victoria, British Columbia",18:37,fd6eb89a-a98c-4461-802d-d19dc71342ac,2.8,Dropping off delivery,"Vancouver Street, Victoria, British Columbia",18:23
business,uber,2026-03-03,"Vancouver Street, Victoria, British Columbia",18:23,43e507a0-5969-41fb-be12-3e4de51bf4d1,0.8,Picking up food,"1204, Yates Street, Victoria, British Columbia",18:13
business,uber,2026-03-03,"1204, Yates Street, Victoria, British Columbia",18:13,06bc5d2d-247e-4fa7-acbc-c7db73b7d6ea,1.2,Dropping off delivery,"48.43065, -123.35596",18:09
business,uber,2026-03-03,"951, Caledonia Avenue, Victoria, British Columbia",18:09,65cfc961-9c14-40a2-9dbf-26ff0509b5dd,3.7,Dropping off delivery,"McKenzie Avenue, Saanich, British Columbia",17:54
business,uber,2026-03-03,"48.46960, -123.36384",17:53,51a358cc-d37d-4bb8-9b44-b389927b295f,2.9,Picking up food,"581, Crossandra Crescent, Saanich, British Columbia",17:45
business,uber,2026-03-03,"581, Crossandra Crescent, Saanich, British Columbia",17:45,bd5b2bb3-d052-44f8-a484-7cababbecb55,1.6,Dropping off delivery,"3809, Carey Road, Saanich, British Columbia",17:41
business,,2026-03-03,"3809, Carey Road, Saanich, British Columbia",17:41,d1844955-756c-470f-a432-58a222ef3dce,3.6,,"Saanich Road, Saanich, British Columbia",17:32
business,,2026-03-03,"Saanich Road, Saanich, British Columbia",17:32,cbea25d8-4347-4f44-b147-3ecf5bcbdcb8,10.8,Going to hot zone,"Royal Oak Drive, Saanich, British Columbia",17:25
personal,,2026-02-28,"3420, 3420, 3420, 3420, 3420, Quadra Street, Saanich, British Columbia",22:03,b63f869d-f7e0-4cc2-97c1-203bc0affa3e,3.2,Home,"20, Logan Avenue, Saanich, British Columbia",21:56
business,uber,2026-02-28,"40, Logan Avenue, Saanich, British Columbia",21:56,d5e7dcba-2879-47e6-884f-6c41ca8a23c5,0.7,Dropping off delivery,"205, Burnside Road East, Victoria, British Columbia",21:52
business,uber,2026-02-28,"205, Burnside Road East, Victoria, British Columbia",21:51,e0ebfe03-37e6-4b66-a4e1-e8414e191192,3.9,Dropping off delivery,"Popeyes, 1313 Cook Street, Victoria",21:37
business,uber,2026-02-28,"Popeyes, 1313 Cook Street, Victoria",21:36,17f436c1-bcdb-4502-9a7e-f252e9a705ff,0.8,Picking up food,"924, Pandora Avenue, Victoria, British Columbia",21:29
business,uber,2026-02-28,"Pandora Avenue, Victoria, British Columbia",21:29,08ab80b4-8e0e-4b99-ac56-60a9bcb12bec,1.1,Picking up food,"928, Bay Street, Victoria, British Columbia",21:22
business,doordash,2026-02-28,"928, Bay Street, Victoria, British Columbia",21:20,849a3534-1a77-45e1-83dd-8a56bee25f3c,0,Dropping off delivery,"928, Bay Street, Victoria, British Columbia",21:20
business,uber,2026-02-28,"2527, Fifth Street, Victoria, British Columbia",21:20,bd568746-76f9-425b-99e1-9f9b3d372b6c,1.5,Dropping off delivery,"777, Herald Street, Victoria, British Columbia",21:04
business,uber,2026-02-28,"777, Herald Street, Victoria, British Columbia",21:04,792ac84d-b17a-4c28-9dbd-4127b71ccc2f,1.6,Dropping off delivery,"Yates Street, Victoria, British Columbia",21:00
business,uber,2026-02-28,"Yates Street, Victoria, British Columbia",21:00,5187a97f-613d-4302-a9f4-f30361a4516d,4.6,Picking up food,"51, Lewis Street, Victoria, British Columbia",20:28
business,uber,2026-02-28,"Lewis Street, Victoria, British Columbia",20:28,c78200b2-a38c-45ea-b973-61da5242c5c5,2.9,Dropping off delivery,"1030, Cook Street, Victoria, British Columbia",20:17
personal,,2026-02-27,"3420, 3420, 3420, 3420, Quadra Street, Saanich, British Columbia",21:57,0a2f1cb8-7917-42bc-9ca4-8ceb6a18ca86,6.2,Home,"Alumni Chip Trail, Saanich, British Columbia",21:40
business,uber,2026-02-27,"Alumni Chip Trail, Saanich, British Columbia",21:40,5ccc531d-59db-4edb-be7a-1f237c76e01f,1.3,Dropping off delivery,"Ring Road, Saanich, British Columbia",21:36
business,uber,2026-02-27,"Ring Road, Saanich, British Columbia",21:34,dd859602-724d-46a4-aa43-e3a97486f5c7,2,Dropping off delivery,"Alumni Chip Trail, Saanich, British Columbia",21:33
business,uber,2026-02-27,"Alumni Chip Trail, Saanich, British Columbia",21:33,92741760-d17c-43b9-b2ff-852be0bfb560,2.3,Dropping off delivery,"3690, Shelbourne Street, Saanich, British Columbia",21:25
business,uber,2026-02-27,"3690, Shelbourne Street, Saanich, British Columbia",21:25,58346296-1ccd-4a89-96cd-f8f670cd27cb,0,Picking up food,"Panago, 3690 Shelbourne Street, Saanich",21:20
business,uber,2026-02-27,"Panago, 3690 Shelbourne Street, Saanich",21:20,fb67267a-6141-41e9-97db-c8341409f0cd,1.5,Picking up food,"1644, Hillside Avenue, Victoria, British Columbia",21:04
business,uber,2026-02-27,"1644, Hillside Avenue, Victoria, British Columbia",21:04,59fd22cb-c416-487c-921c-cbd33ad94ac9,0.9,Picking up food,"1962, Argyle Avenue, Saanich, British Columbia",20:56
business,uber,2026-02-27,"1967, Argyle Avenue, Saanich, British Columbia",20:55,bc3e8611-5a5f-46d3-a7d7-f1bd494372bf,1.1,Dropping off delivery,"McDonald's, 1581 Hillside Avenue, Victoria",20:49
business,uber,2026-02-27,"McDonald's, 1581 Hillside Avenue, Victoria",20:49,99ffb4c6-65ea-49e7-926a-618db920b8a6,1,Picking up food,"3400, Richmond Road, Saanich, British Columbia",20:43
business,uber,2026-02-27,"3400, Richmond Road, Saanich, British Columbia",20:42,d63d9624-e7c9-462e-a2ba-f19140bc3b6e,1.6,Dropping off delivery,"Hillside Avenue, Victoria, British Columbia",20:35
business,uber,2026-02-27,"Hillside Avenue, Victoria, British Columbia",20:35,f249356f-2480-48bb-9440-c3f828ba675a,2,Picking up food,"Foul Bay Road, Oak Bay, British Columbia",20:30
business,uber,2026-02-27,"Foul Bay Road, Oak Bay, British Columbia",20:28,2194362e-a89f-4f37-8331-df71beb20f6e,2,Dropping off delivery,"3130, Aldridge Street, Saanich, British Columbia",20:24
business,uber,2026-02-27,"3110, Aldridge Street, Saanich, British Columbia",20:22,94b32e11-961e-439c-8fd8-577ae3b1c4c3,1.9,Dropping off delivery,"Tolmie Avenue, Saanich, British Columbia",20:01
business,uber,2026-02-27,"Tolmie Avenue, Saanich, British Columbia",20:00,0e12e6fb-1853-48d6-99f7-97419ca291ff,3.9,Picking up food,"630, Coleos Place, Saanich, British Columbia",19:51
business,skip,2026-02-27,"630, Coleos Place, Saanich, British Columbia",19:51,7b0d9b7f-e682-4dce-b577-6635a3e476a3,3.7,Dropping off delivery,"Tolmie Avenue, Saanich, British Columbia",19:23
business,skip,2026-02-27,"Tolmie Avenue, Saanich, British Columbia",19:22,3cef44fb-6f39-4d5a-ac9b-9f1724663503,1.2,Picking up food,"Saanich Road, Saanich, British Columbia",19:19
personal,,2026-02-26,"Cloverdale Avenue, Saanich, British Columbia",20:37,341e8bb3-b2cd-4900-9021-6a331c6cc04c,2.4,Going home,"736, Caledonia Avenue, Victoria, British Columbia",20:29
business,skip,2026-02-26,"736, Caledonia Avenue, Victoria, British Columbia",20:24,46d29713-baae-4c65-902a-46a762cae451,1.2,Dropping off delivery,"2852, Douglas Street, Victoria, British Columbia",20:20
business,skip,2026-02-26,"2852, Douglas Street, Victoria, British Columbia",20:18,72b09e96-be79-46b3-80c5-bc184a1f6b4b,2.1,Picking up food,"Saanich Road, Saanich, British Columbia",20:13
business,,2026-02-26,"McDonald's, McDonald's, McDonald's, McDonald's, McDonald's, McDonald's, McDonald's, McDonald's, McDonald's, McDonald's, McDonald's, McDonald's, McDonald's, McDonald's, McDonald's, McDonald's, McDonald's, McDonald's, McDonald's, McDonald's, McDonald's, McDonald's, McDonald's, McDonald's, McDonald's, McDonald's, McDonald's, McDonald's, McDonald's, McDonald's, McDonald's, McDonald's, McDonald's, McDonald's, McDonald's, McDonald's, McDonald's, McDonald's, McDonald's, McDonald's, McDonald's, McDonald's, McDonald's, McDonald's, McDonald's, McDonald's, McDonald's, McDonald's, McDonald's, McDonald's, McDonald's, McDonald's, McDonald's, McDonald's, McDonald's, McDonald's, McDonald's, McDonald's, 3465 Saanich Road, Saanich",20:13,6d82ef60-5f5a-4d04-a468-f222d91c312a,6.1,Going to hot zone,"1871, Oak Bay Avenue, Victoria, British Columbia",19:46
business,,2026-02-26,"1871, Oak Bay Avenue, Victoria, British Columbia",19:46,a58784ad-8cbb-4877-80ab-2f269bbfac99,0.6,Going to hot zone,"Bank Street, Victoria, British Columbia",19:12
business,skip,2026-02-26,"Bank Street, Victoria, British Columbia",19:09,8efdad7a-443b-4a55-8e3c-268241e6e2e8,5.8,Dropping off delivery,"Lot 1 Pasta Bar, Blanshard Street, Saanich",18:55
business,skip,2026-02-26,"Lot 1 Pasta Bar, Blanshard Street, Saanich",18:48,9427f8f1-1d39-4507-8e41-4be5daaaa4f2,1.1,Picking up food,"3130, Jutland Road, Victoria, British Columbia",18:40
business,skip,2026-02-26,"3130, Jutland Road, Victoria, British Columbia",18:36,1e721881-6079-4143-a726-d163195d8b1d,1.4,Dropping off delivery,"Blanshard Street, Saanich, British Columbia",18:30
business,,2026-02-26,"Blanshard Street, Saanich, British Columbia",18:30,fcfe245e-c18a-482c-9470-f108e5cf6ad2,15,,"McDonald's, McDonald's, McDonald's, McDonald's, McDonald's, McDonald's, McDonald's, McDonald's, McDonald's, McDonald's, McDonald's, McDonald's, McDonald's, McDonald's, McDonald's, McDonald's, McDonald's, McDonald's, McDonald's, McDonald's, McDonald's, McDonald's, McDonald's, McDonald's, McDonald's, McDonald's, McDonald's, McDonald's, McDonald's, McDonald's, McDonald's, McDonald's, McDonald's, McDonald's, McDonald's, McDonald's, McDonald's, McDonald's, McDonald's, McDonald's, McDonald's, McDonald's, McDonald's, McDonald's, McDonald's, McDonald's, McDonald's, McDonald's, McDonald's, McDonald's, McDonald's, McDonald's, McDonald's, McDonald's, McDonald's, McDonald's, McDonald's, 3465 Saanich Road, Saanich",18:00
business,,2026-02-26,"McDonald's, McDonald's, McDonald's, McDonald's, McDonald's, McDonald's, McDonald's, McDonald's, McDonald's, McDonald's, McDonald's, McDonald's, McDonald's, McDonald's, McDonald's, McDonald's, McDonald's, McDonald's, McDonald's, McDonald's, McDonald's, McDonald's, McDonald's, McDonald's, McDonald's, McDonald's, McDonald's, McDonald's, McDonald's, McDonald's, McDonald's, McDonald's, McDonald's, McDonald's, McDonald's, McDonald's, McDonald's, McDonald's, McDonald's, McDonald's, McDonald's, McDonald's, McDonald's, McDonald's, McDonald's, McDonald's, McDonald's, McDonald's, McDonald's, McDonald's, McDonald's, McDonald's, McDonald's, McDonald's, McDonald's, McDonald's, McDonald's, 3465 Saanich Road, Saanich",18:00,dd66564d-9d61-4cc4-9461-c63fc919016c,9.7,Going to hot zone,"Royal Oak Drive, Saanich, British Columbia",17:49
personal,,2026-03-11,"3420, 3420, 3420, 3420, 3420, 3420, 3420, 3420, 3420, 3420, 3420, 3420, 3420, Quadra Street, Saanich, British Columbia",21:38,363c68ec-ac85-4b04-ac4f-b53466191686,6.5,Home,"612½, Nelson Street, Esquimalt, British Columbia",21:15
business,uber,2026-03-11,"612½, Nelson Street, Esquimalt, British Columbia",21:15,fd362f82-c47a-4505-83a0-53f635396dec,5,Dropping off delivery,"1012, Fort Street, Victoria, British Columbia",20:57
business,uber,2026-03-11,"1007, Fort Street, Victoria, British Columbia",20:57,c13f61c7-b011-466e-a324-0ea2ff3f11e9,1.8,Picking up food,"221, Michigan Street, Victoria, British Columbia",20:47
business,uber,2026-03-11,"221, Michigan Street, Victoria, British Columbia",20:46,d2c65b19-2647-4ad0-baea-c14dde51c868,1.8,Dropping off delivery,"Thunderbird, 253 Cook Street, Victoria",20:36
business,uber,2026-03-11,"Thunderbird, 253 Cook Street, Victoria",20:36,9e57a98a-b9af-45d9-ac3c-054395ab84f7,0.2,Picking up food,"1013, Pendergast Street, Victoria, British Columbia",20:31
business,uber,2026-03-11,"1013, Pendergast Street, Victoria, British Columbia",20:31,4be9b7b3-eddb-4090-8972-2561bc2ce486,0.9,Dropping off delivery,"1324, Vimy Place, Victoria, British Columbia",20:26
business,uber,2026-03-11,"1324, Vimy Place, Victoria, British Columbia",20:25,2a5f800e-eb4f-42b6-b5a8-0b3ba95e7029,2.1,Dropping off delivery,"1420, Quadra Street, Victoria, British Columbia",20:18
business,uber,2026-03-11,"1420, Quadra Street, Victoria, British Columbia",20:17,d989df22-abc0-409d-904a-74dc8ba86ed0,0.3,Picking up food,"Mason Street, Victoria, British Columbia",20:10
business,uber,2026-03-11,"Mason Street, Victoria, British Columbia",20:10,d5b0cb01-4792-41d0-984f-26f4445a4d40,0.8,Dropping off delivery,"746, Caledonia Avenue, Victoria, British Columbia",20:06
business,uber,2026-03-11,"746, Caledonia Avenue, Victoria, British Columbia",20:06,90dde31f-5877-48fc-a677-876658ccc88c,0.9,Dropping off delivery,"Varsha Indian Kitchen, 1600 Government Street, Victoria",19:59
business,uber,2026-03-11,"Varsha Indian Kitchen, 1600 Government Street, Victoria",19:59,425889af-a66a-4e1c-853c-cabc65afde38,0.8,Picking up food,"602, Broughton Street, Victoria, British Columbia",19:52
business,uber,2026-03-11,"602, Broughton Street, Victoria, British Columbia",19:52,3bb32893-0c9b-45d3-9f5d-b0ad8b95e781,1.8,Picking up food,"Harbour House Restaurant, 607 Oswego Street, Victoria",19:47
business,uber,2026-03-11,"Harbour House Restaurant, 607 Oswego Street, Victoria",19:47,ebfb28d7-2202-4d83-bd0d-1eac1964617a,0.6,Picking up food,"445, Montreal Street, Victoria, British Columbia",19:42
business,uber,2026-03-11,"445, Montreal Street, Victoria, British Columbia",19:42,805b8960-bddc-4ed2-a357-9c313ddbc916,1.2,Dropping off delivery,"Alma Place, Victoria, British Columbia",19:34
business,uber,2026-03-11,"Alma Place, Victoria, British Columbia",19:34,94a04425-29ce-4248-958b-dae38fdde77b,3.7,Dropping off delivery,"1725, Cook Street, Victoria, British Columbia",19:22
business,uber,2026-03-11,"1725, Cook Street, Victoria, British Columbia",19:22,152b17b5-08cd-4b62-acfd-34c7d2033faa,1.1,Picking up food,"1100, Yates Street, Victoria, British Columbia",19:13
business,uber,2026-03-11,"1329, Cook Street, Victoria, British Columbia",19:13,d894e48c-d6a7-4523-9fd7-58fd964313a0,1.8,Picking up food,"1020, Pembroke Street, Victoria, British Columbia",19:07
business,uber,2026-03-11,"1020, Pembroke Street, Victoria, British Columbia",19:04,ef35baaf-d691-40a4-ae5f-0dae5f1f5b23,2.2,Dropping off delivery,"1263, Denman Street, Victoria, British Columbia",18:55
business,uber,2026-03-11,"1263, Denman Street, Victoria, British Columbia",18:55,dccd34cc-8e0f-4e67-9139-8da0ddb24b83,2.2,Dropping off delivery,"Chambers Street, Victoria, British Columbia",18:45
business,uber,2026-03-11,"Chambers Street, Victoria, British Columbia",18:45,ec9e5e9f-01c5-48b8-b286-fb9562feefff,1.8,Dropping off delivery,"450, Swift Street, Victoria, British Columbia",18:16
business,uber,2026-03-11,"409, Swift Street, Victoria, British Columbia",18:16,ebde50f5-9cb0-4a9b-a3f4-d3080c536a79,4.1,Picking up food,"550, Comerford Street, Esquimalt, British Columbia",18:01
business,uber,2026-03-11,"550, Comerford Street, Esquimalt, British Columbia",18:01,1910ffbc-2515-4e85-b5c0-d4fcaab38938,2.1,Picking up food,"48.42017, -123.40231",17:52
business,uber,2026-03-11,"48.42016, -123.40233",17:52,d77f5fc2-2744-4950-9b08-22ac1b2b31ce,4.2,Dropping off delivery,"Colquitz River Trail, Saanich, British Columbia",17:37
business,uber,2026-03-11,"Colquitz River Trail, Saanich, British Columbia",17:37,f56e58f8-9dd2-4afb-a751-b4fa5bd30ed6,6.6,Picking up food,"Royal Oak Drive, Saanich, British Columbia",17:26
personal,,2026-03-10,"3420, 3420, 3420, 3420, 3420, 3420, 3420, 3420, 3420, 3420, 3420, 3420, Quadra Street, Saanich, British Columbia",21:10,12acaddc-db06-4608-ab69-a608f827b862,6.7,Home,"1816, Ferndale Road, Saanich, British Columbia",20:52
business,uber,2026-03-10,"1816, Ferndale Road, Saanich, British Columbia",20:52,4a02dbe0-38fb-489f-97d4-a5bc1efc4f02,0.8,Dropping off delivery,"4513, Daphne Place, Saanich, British Columbia",20:46
business,uber,2026-03-10,"4513, Daphne Place, Saanich, British Columbia",20:46,f78cee89-8ac4-49e1-8910-ac18c5d50a09,6.6,Dropping off delivery,"White Spot, 1871 Fort Street, Victoria",20:27
business,uber,2026-03-10,"White Spot, 1871 Fort Street, Victoria",20:27,ce56ff90-be92-48a3-8a06-510667b1e28d,0.2,Picking up food,"Bay Street, Saanich, British Columbia",20:21
business,uber,2026-03-10,"Bay Street, Saanich, British Columbia",20:20,043dc4d4-fbd5-4a3a-8b9e-f8ee50c720e9,1.4,Picking up food,"1564, Monterey Avenue, Oak Bay, British Columbia",20:13
business,uber,2026-03-10,"1564, Monterey Avenue, Oak Bay, British Columbia",20:13,fba8a881-6e56-425b-bfb0-9e498337e25c,2,Dropping off delivery,"Subway, Fort Street, Victoria",20:08
business,uber,2026-03-10,"Subway, Fort Street, Victoria",20:07,64bb8ee6-36a3-420b-b311-40246445683a,1,Picking up food,"929, Lawndale Avenue, Victoria, British Columbia",20:01
business,uber,2026-03-10,"929, Lawndale Avenue, Victoria, British Columbia",20:01,bd52b99f-fc60-445f-9af0-4d80c83acda2,1.9,Dropping off delivery,"Popeyes, 1313 Cook Street, Victoria",19:47
business,uber,2026-03-10,"Popeyes, 1313 Cook Street, Victoria",19:46,759b8f1b-6689-4fd3-9810-d7687c855ecd,0.7,Picking up food,"Grant Street, Victoria, British Columbia",19:40
business,uber,2026-03-10,"1725, Cook Street, Victoria, British Columbia",19:39,923c19e3-6702-412b-94c0-a08210d5e1b5,1.1,Picking up food,"1573, Begbie Street, Victoria, British Columbia",19:30
business,uber,2026-03-10,"1573, Begbie Street, Victoria, British Columbia",19:30,306eb18c-4247-4c6c-8264-b3531c13c8e5,2.1,Dropping off delivery,"754, Broughton Street, Victoria, British Columbia",19:22
business,uber,2026-03-10,"740, Broughton Street, Victoria, British Columbia",19:21,88505b5b-bff7-4de2-8ff5-b831153d95c3,5.9,Picking up food,"2482, Hazel Street, Oak Bay, British Columbia",19:09
business,uber,2026-03-10,"2482, Hazel Street, Oak Bay, British Columbia",19:08,0974caf1-29cf-490a-9b55-03ec52c4f931,3.5,Dropping off delivery,"1024, Fort Street, Victoria, British Columbia",18:56
business,uber,2026-03-10,"1024, Fort Street, Victoria, British Columbia",18:56,5e149164-896a-4e13-ae7e-40c020187046,1.1,Picking up food,"1310, Richardson Street, Victoria, British Columbia",18:46
business,uber,2026-03-10,"1310, Richardson Street, Victoria, British Columbia",18:46,dc80d4b2-f9ba-42b1-b8da-afd259188b26,1.4,Dropping off delivery,"637, Johnson Street, Victoria, British Columbia",18:32
business,uber,2026-03-10,"1402, Broad Street, Victoria, British Columbia",18:31,f9033c35-7363-4bfc-b791-184e32bae098,2.5,Picking up food,"1256, Pembroke Street, Victoria, British Columbia",18:21
business,uber,2026-03-10,"1251, Pembroke Street, Victoria, British Columbia",18:20,d662d730-be13-421a-a017-4e74f2550f9e,1.4,Dropping off delivery,"2630, Quadra Street, Victoria, British Columbia",18:11
business,uber,2026-03-10,"2622, Quadra Street, Victoria, British Columbia",18:10,c145c3c1-eb00-4728-bbff-0a41e9531787,0.4,Picking up food,"2743, Graham Street, Victoria, British Columbia",18:06
business,uber,2026-03-10,"2743, Graham Street, Victoria, British Columbia",18:06,2b50a28c-718e-42f2-8bfe-89618a3b9b2e,1.8,Dropping off delivery,"Red Robin, 800 Tolmie Avenue, Saanich",17:57
business,uber,2026-03-10,"Red Robin, 800 Tolmie Avenue, Saanich",17:57,2f18386e-a3a2-434c-b6f1-08f9eb8e40f3,0.8,Picking up food,"Saanich Road, Saanich, British Columbia",17:50
business,,2026-03-10,"McDonald's, McDonald's, 3465 Saanich Rd, Victoria, BC V8X 1W8, Canada",17:49,1c010b2e-b2fc-4428-bcac-47a27cdfb1ef,13.6,Going to hot zone,"Royal Oak Drive, Saanich, British Columbia",17:40
personal,,2026-03-09,"3420, 3420, 3420, 3420, 3420, 3420, 3420, 3420, 3420, 3420, 3420, Quadra Street, Saanich, British Columbia",22:10,a9894167-c76b-474c-93d3-404b0f05d137,3.2,Home,"1870, McKenzie Avenue, Saanich, British Columbia",22:02
business,,2026-03-09,"1870, McKenzie Avenue, Saanich, British Columbia",20:42,3967d071-29ff-4628-a9f4-5efdfaa7dc5d,0,Going to hot zone,"1870, McKenzie Avenue, Saanich, British Columbia",20:36
business,uber,2026-03-09,"McKenzie Avenue, Saanich, British Columbia",20:35,b21d9e1f-df19-494d-9351-c5fbbfe437a2,3.2,Dropping off delivery,"Stamboul Street, Saanich, British Columbia",20:28
personal,,2026-03-09,"Stamboul Street, Saanich, British Columbia",20:28,7c889b39-7760-47bf-b4bf-b8710caf8446,0.1,,"1776, Howroyd Avenue, Saanich, British Columbia",20:22
business,uber,2026-03-09,"1776, Howroyd Avenue, Saanich, British Columbia",20:22,f4ad6935-8e3c-4477-8552-6bd0436f7ffd,0.9,Dropping off delivery,"Subway, 1638 McKenzie Avenue, Saanich",20:11
business,uber,2026-03-09,"Subway, 1638 McKenzie Avenue, Saanich",20:11,2d159409-7d74-40cc-9b7f-3a5abc718f3f,1.4,Picking up food,"1963, San Rafael Crescent, Saanich, British Columbia",20:03
business,uber,2026-03-09,"1963, San Rafael Crescent, Saanich, British Columbia",20:02,a85b562e-ace6-4205-8670-752b54f14566,0.8,Dropping off delivery,"4066, Cavallin Court, Saanich, British Columbia",19:59
business,uber,2026-03-09,"4018, Cavallin Court, Saanich, British Columbia",19:58,b19630b5-e8bd-48ba-9be8-adc6c6e4a357,0.5,Dropping off delivery,"1520, McKenzie Avenue, Saanich, British Columbia",19:47
business,uber,2026-03-09,"1520, McKenzie Avenue, Saanich, British Columbia",19:46,304b8188-f6bc-4647-826b-c9f39a49a426,0.1,Picking up food,"1632, McKenzie Avenue, Saanich, British Columbia",19:43
business,,2026-03-09,"McKenzie Avenue, Saanich, British Columbia",19:43,4dc33b60-fc16-4cdb-ac83-d677a6be18f6,5,Going to hot zone,"1905, San Rafael Crescent, Saanich, British Columbia",19:37
business,uber,2026-03-09,"1908, San Rafael Crescent, Saanich, British Columbia",19:37,38b05f9a-dad8-4d14-9f09-11cc8bce36a6,1.7,Dropping off delivery,"1839, El Sereno Drive, Saanich, British Columbia",19:32
business,uber,2026-03-09,"1839, El Sereno Drive, Saanich, British Columbia",19:31,b83622bf-5ad4-45bd-8a3c-08c873bc74e9,5,Dropping off delivery,"2630, Quadra Street, Victoria, British Columbia",19:04
business,uber,2026-03-09,"2638, Quadra Street, Victoria, British Columbia",19:04,4e3413af-d323-4382-934c-5f8896e5cfe2,1.8,Picking up food,"785, Caledonia Avenue, Victoria, British Columbia",18:54
business,uber,2026-03-09,"785, Caledonia Avenue, Victoria, British Columbia",18:53,a54a68a2-41c0-4866-8c1d-67925f0e4146,6.4,Dropping off delivery,"Mary Brown's, 100 Aldersmith Place, View Royal",18:38
business,uber,2026-03-09,"Mary Brown's, 100 Aldersmith Place, View Royal",18:38,888bee41-d600-4626-a5a9-d4e7b51f58ed,1.3,Picking up food,"2816, Admirals Road, Saanich, British Columbia",18:31
business,uber,2026-03-09,"2816, Admirals Road, Saanich, British Columbia",18:31,8ab57269-f937-4f00-86ef-fcb9a4951329,6.1,Dropping off delivery,"956, Burnside Road West, Saanich, British Columbia",18:22
business,uber,2026-03-09,"956, Burnside Road West, Saanich, British Columbia",18:21,6c3c0604-b7bf-4a5b-99bd-4f24c030362b,1.4,Dropping off delivery,"Colquitz River Trail, Saanich, British Columbia",18:13
business,uber,2026-03-09,"Colquitz River Trail, Saanich, British Columbia",18:11,c4701fec-785d-48bb-8c5a-c873bf66f3c4,3.3,Picking up food,"Douglas Street, Saanich, British Columbia",18:01
business,uber,2026-03-09,"Douglas Street, Saanich, British Columbia",18:01,405491f1-f2d3-414b-aa4f-84145573ebd9,0.3,Picking up food,"Saanich Road, Saanich, British Columbia",17:58
business,,2026-03-09,"Saanich Road, Saanich, British Columbia",17:58,806c3709-bada-427e-a38a-d4076871f030,8.3,Going to hot zone,"Patricia Bay Highway, Saanich, British Columbia",17:46
personal,,2026-03-07,"3420, 3420, 3420, 3420, 3420, 3420, 3420, 3420, 3420, 3420, Quadra Street, Saanich, British Columbia",21:24,afcb6926-7958-4ccc-8a7c-11e6000193d5,3.6,Home,"2833, Shelbourne Street, Victoria, British Columbia",21:18
business,uber,2026-03-07,"2825, Shelbourne Street, Victoria, British Columbia",21:18,b50f4872-e24e-47ff-b638-2cdb073d3fd4,1.3,Dropping off delivery,"2330, Forbes Street, Victoria, British Columbia",21:11
business,uber,2026-03-07,"2317, Forbes Street, Victoria, British Columbia",21:09,c5936d42-15d5-4181-a292-f367281f3a95,3.2,Dropping off delivery,"608, Broughton Street, Victoria, British Columbia",21:00
business,uber,2026-03-07,"602, Broughton Street, Victoria, British Columbia",20:58,fdf6891c-74a0-4557-860d-c2e977c027da,0.3,Picking up food,"KINTON RAMEN, 813 Wharf Street, Victoria",20:50
business,uber,2026-03-07,"KINTON RAMEN, 813 Wharf Street, Victoria",20:49,8ac062f4-8e9b-4f2c-aace-3b7268bedb34,4.2,Picking up food,"Syriana, 1258 Esquimalt Road, Esquimalt",20:36
business,uber,2026-03-07,"Syriana, 1258 Esquimalt Road, Esquimalt",20:36,0be666f9-9dd3-4beb-b730-de30a85505a0,0.5,Picking up food,"685, Admirals Road, Esquimalt, British Columbia",20:29
business,uber,2026-03-07,"685, Admirals Road, Esquimalt, British Columbia",20:29,243e75b2-f5b1-471b-b52e-1f87e6d325c1,2.2,Dropping off delivery,"Subway, Aldersmith Place, View Royal",20:24
business,uber,2026-03-07,"Subway, Aldersmith Place, View Royal",20:24,7c40dbb5-d780-43e4-8d55-76474b529a57,0.9,Picking up food,"1454, Craigflower Road, Esquimalt, British Columbia",20:19
business,uber,2026-03-07,"1454, Craigflower Road, Esquimalt, British Columbia",20:19,a7a6bf83-d418-4f40-9855-5a6b4d0190d5,5.1,Dropping off delivery,"KFC, 3140 Douglas Street, Victoria",19:51
business,uber,2026-03-07,"KFC, 3140 Douglas Street, Victoria",19:51,551449dd-596b-4d59-8867-66242b61b625,0.7,Picking up food,"2950, Douglas Street, Victoria, British Columbia",19:47
business,uber,2026-03-07,"2950, Douglas Street, Victoria, British Columbia",19:47,c0f2eb5b-bb2e-4797-94e0-40e6a75c7504,1.4,Picking up food,"1121, Finlayson Street, Victoria, British Columbia",19:41
business,uber,2026-03-07,"3047, Jackson Street, Victoria, British Columbia",19:40,bb120223-17fe-474a-82d7-dd191aebd99c,1.5,Dropping off delivery,"Quadra Street, Saanich, British Columbia",19:36
business,uber,2026-03-07,"Quadra Street, Saanich, British Columbia",19:36,426f5360-1bff-4356-b808-cdf831cbbff2,1.6,Picking up food,"3266, Glasgow Avenue, Saanich, British Columbia",19:18
business,uber,2026-03-07,"3252, Glasgow Avenue, Saanich, British Columbia",19:17,db95394b-9262-41de-a540-31204aba38b3,2.7,Dropping off delivery,"Alysa's Pho & Banh Mi, 2630 Quadra Street, Victoria",19:09
business,uber,2026-03-07,"Alysa's Pho & Banh Mi, 2630 Quadra Street, Victoria",19:08,1791cd0a-7119-4852-9282-505fb943015f,2.2,Picking up food,"1015, Tolmie Avenue, Saanich, British Columbia",19:01
business,uber,2026-03-07,"3207, Quadra Street, Saanich, British Columbia",19:01,1b827842-3a74-4f5a-a8ea-8b1312e28072,7.6,Dropping off delivery,"Royal Oak Drive, Saanich, British Columbia",18:24
personal,,2026-03-06,"3420, 3420, 3420, 3420, 3420, 3420, 3420, 3420, 3420, Quadra Street, Saanich, British Columbia",21:33,6c6e4aa6-9142-492c-b77d-356bea58691c,4.7,Home,"Fisgard Street, Victoria, British Columbia",21:20
business,uber,2026-03-06,"Fisgard Street, Victoria, British Columbia",21:18,9e96404c-1bd2-431c-9d37-06f282dc1360,0.4,Dropping off delivery,"Cactus Club Cafe, 1125 Douglas Street, Victoria",21:08
business,uber,2026-03-06,"Cactus Club Cafe, 1125 Douglas Street, Victoria",21:08,db153685-996c-4efc-9f66-a45a420f0504,0.1,Picking up food,"633, Courtney Street, Victoria, British Columbia",21:00
business,,2026-03-06,"633, Courtney Street, Victoria, British Columbia",21:00,575853d2-a8d3-4942-82bd-39abf4da6c3e,1.1,Going to hot zone,"570, Niagara Street, Victoria, British Columbia",20:49
business,uber,2026-03-06,"570, Niagara Street, Victoria, British Columbia",20:49,e0e51fb4-d75b-4592-a9c4-58bcf9ed170e,0.2,Dropping off delivery,"660, Battery Street, Victoria, British Columbia",20:46
business,uber,2026-03-06,"652, Battery Street, Victoria, British Columbia",20:46,82692c39-41bf-4f95-800c-17b78479027a,2.2,Dropping off delivery,"Popeyes, 1313 Cook Street, Victoria",20:39
business,uber,2026-03-06,"Popeyes, 1313 Cook Street, Victoria",20:39,a22ac85f-588f-4e2f-aa43-d6ae8a0ebca8,0.8,Picking up food,"Johnson Street, Victoria, British Columbia",20:28
business,uber,2026-03-06,"Chambers Street, Victoria, British Columbia",20:27,9af955b0-4fce-4cdb-a4a1-ed10b3125946,4.3,Dropping off delivery,"Cedar Hill Cross Road, Saanich, British Columbia",20:11
business,uber,2026-03-06,"Cedar Hill Cross Road, Saanich, British Columbia",20:11,aec7a0e0-d5a3-458e-b768-f65870194ff1,2.7,Picking up food,"Kisber Avenue, Saanich, British Columbia",20:07
business,uber,2026-03-06,"Kisber Avenue, Saanich, British Columbia",20:07,a144992d-0740-4559-a876-873ced9dec33,2.3,Picking up food,"3800, Cadboro Bay Road, Saanich, British Columbia",19:59
business,uber,2026-03-06,"Cadboro Bay Road, Saanich, British Columbia",19:57,c68be691-9a81-4359-a44c-3d049db95c67,4.7,Dropping off delivery,"Haultain Street, Victoria, British Columbia",19:45
business,uber,2026-03-06,"Haultain Street, Victoria, British Columbia",19:45,0bf06cdb-0056-4570-a2d3-bb2e5a36da1b,3.4,Dropping off delivery,"2509, Cook Street, Victoria, British Columbia",19:37
business,uber,2026-03-06,"Cook Street, Victoria, British Columbia",19:37,47454b8c-2f6b-44d6-a82f-4c5303d830c4,1,Dropping off delivery,"999, Hillside Avenue, Victoria, British Columbia",19:31
business,uber,2026-03-06,"Hillside Avenue, Victoria, British Columbia",19:31,84615cac-5eae-44cf-a385-a94a69a117ae,2.1,Picking up food,"Tolmie Avenue, Saanich, British Columbia",19:22
business,uber,2026-03-06,"Tolmie Avenue, Saanich, British Columbia",19:22,1ec1243a-a167-4482-a34e-15d2884c9869,2.4,Picking up food,"Douglas Street, Saanich, British Columbia",19:17
personal,,2026-03-05,"3420, 3420, 3420, 3420, 3420, 3420, 3420, 3420, Quadra Street, Saanich, British Columbia",21:53,94d7d12a-66bd-4e68-8236-003110edf3db,3.9,Home,"763, Jasmine Avenue, Saanich, British Columbia",21:42
business,uber,2026-03-05,"763, Jasmine Avenue, Saanich, British Columbia",21:41,717174d7-63a1-443b-85bb-018ee4001b04,3.4,Dropping off delivery,"4203, Douglas Street, Saanich, British Columbia",21:34
business,uber,2026-03-05,"4203, Douglas Street, Saanich, British Columbia",21:32,34c945c9-c0ac-45e1-a392-0508f9164f02,5.7,Dropping off delivery,"578, Yates Street, Victoria, British Columbia",21:19
business,uber,2026-03-05,"578, Yates Street, Victoria, British Columbia",21:18,0655001e-49f3-433e-b05a-40fe4dddf9ee,0.1,Picking up food,"Broad Street, Victoria, British Columbia",21:09
business,uber,2026-03-05,"1005, Broad Street, Victoria, British Columbia",21:09,ecc64bb9-7222-491f-b4e4-565180cd7f7a,0.9,Picking up food,"230, Government Street, Victoria, British Columbia",21:03
business,uber,2026-03-05,"234, Government Street, Victoria, British Columbia",21:03,a042a7e4-3128-49fc-a7d2-559f3ec853e5,0.9,Dropping off delivery,"550, Quadra Street, Victoria, British Columbia",20:56
business,uber,2026-03-05,"867, Humboldt Street, Victoria, British Columbia",20:55,92b6382a-83b9-4a7b-aad7-ef4f233d6862,1.6,Dropping off delivery,"Grant Street, Victoria, British Columbia",20:40
business,uber,2026-03-05,"1725, Cook Street, Victoria, British Columbia",20:40,e039f8ac-12be-4e4d-ac0b-f15eee28c4f9,1.3,Picking up food,"Bay Street, Victoria, British Columbia",20:32
business,uber,2026-03-05,"Bay Street, Victoria, British Columbia",20:31,fabe0695-7e35-4f23-a63f-d14093097325,3.6,Dropping off delivery,"1871, Fort Street, Victoria, British Columbia",20:26
business,uber,2026-03-05,"Fort Street, Victoria, British Columbia",20:26,926d5216-98de-4b0a-95c8-45e72aaa360a,0.6,Picking up food,"1741, Oak Bay Avenue, Victoria, British Columbia",20:20
business,uber,2026-03-05,"1741, Oak Bay Avenue, Victoria, British Columbia",20:19,e61f19b8-9f92-4a4b-ab42-56c945a2191c,1.8,Dropping off delivery,"1590, Fairfield Road, Victoria, British Columbia",19:52
business,uber,2026-03-05,"Fairfield Road, Victoria, British Columbia",19:51,9364c4b4-19fd-4a3f-83e4-e22f6a3cc5d5,2.5,Picking up food,"1154, McClure Street, Victoria, British Columbia",19:44
business,uber,2026-03-05,"1154, McClure Street, Victoria, British Columbia",19:44,4db58348-8d7c-489c-8987-3111a82ceab6,2.2,Dropping off delivery,"1020, View Street, Victoria, British Columbia",19:36
business,uber,2026-03-05,"1020, View Street, Victoria, British Columbia",19:36,b24e51e6-57e4-410d-9f5f-85069b91e5e6,2.4,Dropping off delivery,"CairoMum, 1807 Fort Street, Victoria",19:23
business,uber,2026-03-05,"CairoMum, 1807 Fort Street, Victoria",19:23,55e3fe5c-9583-44da-9a5a-337d61bdd61e,0.7,Picking up food,"1911, Fort Street, Victoria, British Columbia",19:19
business,uber,2026-03-05,"1911, Fort Street, Victoria, British Columbia",19:18,5da48b9e-234a-4266-a417-d0aba263118e,3.8,Dropping off delivery,"608, Broughton Street, Victoria, British Columbia",19:07
business,uber,2026-03-05,"608, Broughton Street, Victoria, British Columbia",19:07,3c7ebf7a-cd6c-4df5-8309-84988b2400ef,1.1,Picking up food,"729, Humboldt Street, Victoria, British Columbia",18:58
business,uber,2026-03-05,"728, Humboldt Street, Victoria, British Columbia",18:57,c2b50851-c82b-4325-9724-6d161f5b7b32,1.5,Dropping off delivery,"618, View Street, Victoria, British Columbia",18:47
business,uber,2026-03-05,"622, View Street, Victoria, British Columbia",18:47,af1b0a2d-276c-4f7c-8256-7805ea02d0b8,2.7,Picking up food,"831, Dunsmuir Road, Esquimalt, British Columbia",18:32
business,uber,2026-03-05,"554, Garrett Place, Esquimalt, British Columbia",18:31,5d5f397e-1653-4c3d-9512-e5472a5f861f,1.2,Dropping off delivery,"826, Esquimalt Road, Esquimalt, British Columbia",18:28
business,uber,2026-03-05,"826, Esquimalt Road, Esquimalt, British Columbia",18:27,0ea64e42-478e-418c-b30f-6bd503c6ce81,3.1,Dropping off delivery,"3170, Tillicum Road, Saanich, British Columbia",18:16
business,uber,2026-03-05,"Colquitz River Trail, Saanich, British Columbia",18:16,96dbcf7e-6af1-4ea8-baa6-816d2a3836a5,1.7,Picking up food,"Marhaba Restaurant, Marhaba Restaurant, 90 Gorge Road West, Saanich",18:11
business,uber,2026-03-05,"Marhaba Restaurant, Marhaba Restaurant, 90 Gorge Road West, Saanich",18:10,f264791c-d88b-41fe-9d3b-3c775cb555a9,0.9,Picking up food,"Gorge Road East, Victoria, British Columbia",18:04
business,uber,2026-03-05,"Gorge Road East, Victoria, British Columbia",18:03,7c8c705d-1656-4edf-95c4-d2b5bb341003,1,Dropping off delivery,"3150, Jutland Road, Victoria, British Columbia",17:58
business,uber,2026-03-05,"3150, Jutland Road, Victoria, British Columbia",17:57,eccf3e6b-fa10-4111-a6f5-92325387fae5,4.2,Dropping off delivery,"Delicious Pizza & Pasta, 3388 Douglas Street, Saanich",17:50
business,uber,2026-03-05,"Delicious Pizza & Pasta, 3388 Douglas Street, Saanich",17:49,ac4301dd-0a66-4bd2-97f5-6fc2f94fd568,0.6,Picking up food,"3450, Uptown Boulevard, Saanich, British Columbia",17:46
business,uber,2026-03-05,"Uptown Boulevard, Saanich, British Columbia",17:45,25f79058-44ec-427a-8de8-402bb682cf93,0.4,Picking up food,"Saanich Road, Saanich, British Columbia",17:41
business,,2026-03-05,"McDonald's, McDonald's, McDonald's, McDonald's, 3465 Saanich Rd, Victoria, BC V8X 1W8, Canada",17:40,2bf3bfb4-e8f8-4e6b-ac66-f6df08e1b52f,6.5,Going to hot zone,"Patricia Bay Highway, Saanich, British Columbia",17:32
business,uber,2026-03-13,"3741, Saanich Road, Saanich, British Columbia",21:35,2ea1b75d-1c94-4fb6-909d-7691d48f2ed4,1.8,Dropping off delivery,"1489, Lang Street, Victoria, British Columbia",21:26
business,uber,2026-03-13,"1489, Lang Street, Victoria, British Columbia",21:26,f4e691ea-c63c-41ac-959a-a4d0f6370b72,1.6,Dropping off delivery,"1011, Fort Street, Victoria, British Columbia",21:16
business,uber,2026-03-13,"Fort Street, Victoria, British Columbia",21:16,314d4e3a-f3b3-40e6-9155-82769ea23869,0.5,Picking up food,"View Street, Victoria, British Columbia",21:08
business,uber,2026-03-13,"View Street, Victoria, British Columbia",21:08,b62c2d2c-9c4b-43c8-bbbd-2e4f01c2322c,0.9,Dropping off delivery,"770, Fisgard Street, Victoria, British Columbia",20:11
business,uber,2026-03-13,"Fisgard Street, Victoria, British Columbia",20:10,2fcbcb10-3179-42c8-b59f-4cd5d1b7e5e8,0.2,Picking up food,"819, Yates Street, Victoria, British Columbia",20:02
business,uber,2026-03-13,"819, Yates Street, Victoria, British Columbia",20:02,7cb22947-261a-4b1e-ac7d-5fb86379dbed,2.3,Dropping off delivery,"2050, McNeill Avenue, Oak Bay, British Columbia",19:53
business,uber,2026-03-13,"2050, McNeill Avenue, Oak Bay, British Columbia",19:51,a73e6a8e-8c26-4d52-a2d5-4f097c8509f7,2.8,Dropping off delivery,"Bay Street, Victoria, British Columbia",19:46
business,uber,2026-03-13,"Bay Street, Victoria, British Columbia",19:45,9bb10933-f008-4bfb-aa69-42a4196ca789,2.5,Dropping off delivery,"Lochside Regional Trail, Saanich, British Columbia",19:17
business,uber,2026-03-13,"McKenzie Avenue, Saanich, British Columbia",19:17,02ef6fdd-026b-49f9-9229-a5df8a61e0ac,4.9,Picking up food,"Royal Oak Drive, Saanich, British Columbia",19:05
business,uber,2026-03-13,"Royal Oak Drive, Saanich, British Columbia",19:05,ef58d978-6105-4c93-91b3-9138168e802b,1.6,Picking up food,"944, Boulderwood Rise, Saanich, British Columbia",18:59
business,uber,2026-03-13,"944, Boulderwood Rise, Saanich, British Columbia",18:59,f14366ee-ecb4-4502-8196-afff1513bd87,1.9,Dropping off delivery,"West Saanich Road, Saanich, British Columbia",18:51
business,uber,2026-03-13,"West Saanich Road, Saanich, British Columbia",18:51,370e8471-553c-43cf-b281-c48c46203d06,2.6,Picking up food,"4529, West Saanich Road, Saanich, British Columbia",18:40
business,uber,2026-03-13,"4529, West Saanich Road, Saanich, British Columbia",18:40,d2c4cdae-2279-4359-89af-50daa863aa91,2.2,Dropping off delivery,"819, Mann Avenue, Saanich, British Columbia",18:33
business,uber,2026-03-13,"819, Mann Avenue, Saanich, British Columbia",18:33,9eb39864-3c35-4526-b360-a8e578a0ab83,2,Dropping off delivery,"Baan Thai, 777 Royal Oak Drive, Saanich",18:26
business,uber,2026-03-13,"Baan Thai, 777 Royal Oak Drive, Saanich",18:26,2afc0ad6-188a-48ad-af3b-3a7e933745e5,4.8,Picking up food,"Saanich Road, Saanich, British Columbia",17:52
business,uber,2026-03-13,"Saanich Road, Saanich, British Columbia",17:52,c1238641-42e8-4577-ad53-6cf12d0c19e5,3.8,Picking up food,"Uptown Boulevard, Saanich, British Columbia",17:44
business,uber,2026-03-13,"Uptown Boulevard, Saanich, British Columbia",17:44,5e92de91-2d62-417c-a3af-44a3c8228a51,10.2,Picking up food,"Chatterton Way, Saanich, British Columbia",17:35
business,uber,2026-03-12,"Speed Avenue, Victoria, British Columbia",20:55,8aa973d2-50d1-4144-819a-7d84b1bd0a80,0.7,Dropping off delivery,"3366, Douglas Street, Saanich, British Columbia",20:50
business,uber,2026-03-12,"3366, Douglas Street, Saanich, British Columbia",20:50,778b409c-41ff-4197-9801-874c514c712a,2.8,Picking up food,"912, Inskip Street, Esquimalt, British Columbia",20:41
business,uber,2026-03-12,"912, Inskip Street, Esquimalt, British Columbia",20:40,555dac6b-b5fb-4095-9ad1-d903616fbc4a,2,Dropping off delivery,"3130, Washington Avenue, Victoria, British Columbia",20:33
business,uber,2026-03-12,"3130, Washington Avenue, Victoria, British Columbia",20:32,4aa95d47-0846-4744-a937-8bb5135e379c,1.2,Dropping off delivery,"Lot 1 Pasta Bar, Blanshard Street, Saanich",20:23
business,uber,2026-03-12,"Lot 1 Pasta Bar, Blanshard Street, Saanich",20:22,f9e3f3dd-f61d-4bc6-8b2d-c5d3576a8571,0.5,Picking up food,"3465, Saanich Road, Saanich, British Columbia",20:17
business,uber,2026-03-12,"Saanich Road, Saanich, British Columbia",20:16,61b9006d-70d9-41f1-9dcf-f77aea0af0a3,1.8,Picking up food,"2821, Irma Street, Victoria, British Columbia",20:03
business,uber,2026-03-12,"2821, Irma Street, Victoria, British Columbia",20:02,626e48c1-d1c9-4b2e-9dcf-4ba5cb4f16cd,2.4,Dropping off delivery,"615, Yates Street, Victoria, British Columbia",19:52
business,uber,2026-03-12,"615, Yates Street, Victoria, British Columbia",19:52,8c4a8392-19b9-4097-970e-62787c424521,0.7,Picking up food,"1420, Quadra Street, Victoria, British Columbia",19:43
business,uber,2026-03-12,"1420, Quadra Street, Victoria, British Columbia",19:43,8567daf9-77f9-4ced-a7fe-a8f898ed8e1b,1.3,Picking up food,"1252, Denman Street, Victoria, British Columbia",19:35
business,uber,2026-03-12,"1252, Denman Street, Victoria, British Columbia",19:35,69bddb20-1274-46e0-a1df-afc1a817e4dd,1.4,Dropping off delivery,"1017, Verrinder Avenue, Victoria, British Columbia",19:26
business,uber,2026-03-12,"1015, Verrinder Avenue, Victoria, British Columbia",19:26,38893e6d-56f7-4da2-a5f2-6802f34873fe,0.7,Dropping off delivery,"1710, Fort Street, Victoria, British Columbia",19:19
business,uber,2026-03-12,"1710, Fort Street, Victoria, British Columbia",19:18,dfeb0fce-fe9f-4ba7-8e4e-9c104d40cb92,1,Dropping off delivery,"1871, Fort Street, Victoria, British Columbia",19:08
business,uber,2026-03-12,"1871, Fort Street, Victoria, British Columbia",19:08,28e3fc41-de40-4481-bf9f-1025b92ec707,1,Picking up food,"Cadboro Bay Road, Oak Bay, British Columbia",19:04
business,uber,2026-03-12,"Cadboro Bay Road, Oak Bay, British Columbia",19:03,56c9a564-826f-49dd-9e3d-31d5cc18286d,2.4,Picking up food,"Fairfield Road, Victoria, British Columbia",18:50
business,uber,2026-03-12,"Fairfield Road, Victoria, British Columbia",18:49,baacceed-ca5b-488f-ba0d-a14bd0ceb64b,1.4,Picking up food,"2007, Crescent Road, Oak Bay, British Columbia",18:46
business,uber,2026-03-12,"2007, Crescent Road, Oak Bay, British Columbia",18:45,ef043e94-951c-45d9-a107-50bd1e26527c,3,Dropping off delivery,"Baan Thai, Cadboro Bay Road, Oak Bay",18:25
business,uber,2026-03-12,"Baan Thai, Cadboro Bay Road, Oak Bay",18:25,e3a64e92-547e-448a-8479-52d35965c246,2.9,Picking up food,"2817, Dufferin Avenue, Oak Bay, British Columbia",18:14
business,uber,2026-03-12,"2817, Dufferin Avenue, Oak Bay, British Columbia",18:14,18de9dd7-cd5d-4a74-b218-fa91e3ceb3a4,3.3,Dropping off delivery,"Fernwood Pizza Company, Fernwood Road, Victoria",18:01
business,uber,2026-03-12,"Fernwood Pizza Company, Fernwood Road, Victoria",18:01,6e777552-5940-463a-be03-9582e2a07d71,1.4,Picking up food,"1246, Acton Street, Victoria, British Columbia",17:54
business,uber,2026-03-12,"1251, Acton Street, Victoria, British Columbia",17:53,938a9669-260b-41e7-a0a8-8be393989ddd,3.9,Dropping off delivery,"Saanich Road, Saanich, British Columbia",17:40
business,uber,2026-03-12,"Saanich Road, Saanich, British Columbia",17:39,5645cd1a-bcd8-4954-bc5f-da4b0526971e,11,Picking up food,"Royal Oak Drive, Saanich, British Columbia",17:29
personal,,2026-04-29,"Uptown, Uptown ",17:35,16b3772e-4567-4dc1-a3a7-d108d936971d,10.7,Going to hot zone,"Royal Oak Drive, Saanich, British Columbia",17:16
personal,,2026-04-28,"3420, Quadra Street, Saanich, British Columbia",20:50,24b5e376-bcb9-420b-89f8-2c248904a718,0.8,Home,"3206, Alder Street, Saanich, British Columbia",20:43
business,uber,2026-04-28,"3216, Alder Street, Saanich, British Columbia",20:43,3ac39856-9de9-41f6-b8bf-29ef725bac81,1.2,Dropping off delivery,"3232, Cook Street, Saanich, British Columbia",20:33
business,uber,2026-04-28,"3232, Cook Street, Saanich, British Columbia",20:33,e16c5610-242a-40a4-90b2-6f46b7c7306e,1.7,Dropping off delivery,"3213, Kingsley Street, Saanich, British Columbia",20:28
business,uber,2026-04-28,"3211, Kingsley Street, Saanich, British Columbia",20:28,4e1fc031-3057-4a9e-87be-c33a1c6938fc,1.6,Dropping off delivery,"Stamboul Street, Saanich, British Columbia",20:23
business,uber,2026-04-28,"Stamboul Street, Saanich, British Columbia",20:22,80054249-2983-4019-95e8-54be326726c8,0.2,Picking up food,"1636, Cedar Hill Cross Road, Saanich, British Columbia",20:14
business,uber,2026-04-28,"1650, Cedar Hill Cross Road, Saanich, British Columbia",20:13,80496fee-8b0a-4ee2-b0d8-8d16cccfabbc,2.5,Picking up food,"1430, Twin Oaks Lane, Victoria, British Columbia",20:05
business,uber,2026-04-28,"1430, Twin Oaks Lane, Victoria, British Columbia",20:05,c8e93340-0dc9-4e59-b09d-e612574b6a54,2.5,Dropping off delivery,"Gorge Road East, Victoria, British Columbia",19:57
business,uber,2026-04-28,"Gorge Road East, Victoria, British Columbia",19:55,43c6f855-0cff-41b1-9846-1a8e7a8ae24f,0,Picking up food,"2850, Douglas Street, Victoria, British Columbia",19:55
business,uber,2026-04-28,"2852, Douglas Street, Victoria, British Columbia",19:55,1f406eb1-760f-44d6-a72f-a666c8ce345b,1.6,Picking up food,"2821, Irma Street, Victoria, British Columbia",19:49
business,uber,2026-04-28,"2821, Irma Street, Victoria, British Columbia",19:48,ef660b20-0ec1-4973-9143-5a9bb7a32ed1,2.1,Dropping off delivery,"919, Craigflower Road, Esquimalt, British Columbia",19:44
business,uber,2026-04-28,"923, Craigflower Road, Esquimalt, British Columbia",19:43,4c186713-052d-457b-ba5a-93de1e9f6812,2,Dropping off delivery,"Tyee Road, Victoria, British Columbia",19:19
business,uber,2026-04-28,"Tyee Road, Victoria, British Columbia",19:18,e16e5c9d-4bae-4584-8682-9cbb4990bceb,2.4,Picking up food,"1213, Old Esquimalt Road, Esquimalt, British Columbia",19:11
business,uber,2026-04-28,"816, Intervale Avenue, Esquimalt, British Columbia",19:07,5d65191c-67c2-4862-8185-00b793349e0d,1.1,Dropping off delivery,"Esquimalt Road, Esquimalt, British Columbia",19:02
business,uber,2026-04-28,"1310, Esquimalt Road, Esquimalt, British Columbia",19:01,475e2f8c-b743-4fd4-85c1-12dad7fa2cde,2.1,Picking up food,"851, Esquimalt Road, Esquimalt, British Columbia",18:51
business,uber,2026-04-28,"754, Esquimalt Road, Victoria, British Columbia",18:50,1e910a54-da39-4212-ae78-82d3b8cfe77e,1.8,Dropping off delivery,"Thai Green Elephant, 809 Craigflower Road, Esquimalt",18:43
business,uber,2026-04-28,"Thai Green Elephant, 809 Craigflower Road, Esquimalt",18:42,c92bd535-7e9e-4b42-bf5d-967b90733084,0.8,Picking up food,"1211, Alderman Road, Victoria, British Columbia",18:40
business,uber,2026-04-28,"1220, Alderman Road, Victoria, British Columbia",18:39,5005aad1-fa15-4c26-93f9-e7e1f038bfca,3.2,Dropping off delivery,"Gorge Road East, Victoria, British Columbia",18:28
business,uber,2026-04-28,"2821, Irma Street, Victoria, British Columbia",18:27,349fccb0-857a-47f9-9fb4-6f03dd5e6f7c,2.9,Dropping off delivery,"Lot 1 Pasta Bar, Blanshard Street, Saanich",18:10
business,uber,2026-04-28,"Lot 1 Pasta Bar, Blanshard Street, Saanich",18:10,485b7a54-f1df-4894-896d-81264fdd53f5,0.6,Picking up food,"McDonald's, 3465 Saanich Road, Saanich, BC, V8Z 3L0, 3465 Saanich Road, Saanich, British Columbia, V8Z 3L0",18:06
business,,2026-04-28,"McDonald's, 3465 Saanich Road, Saanich, BC, V8Z 3L0, 3465 Saanich Road, Saanich, British Columbia, V8Z 3L0",17:23,10f3c873-b875-4a3e-83d5-d71a77233618,8.7,Going to hot zone,"Royal Oak Drive, Saanich, British Columbia",17:17
business,uber,2026-04-25,"716, Burdett Avenue, Victoria, British Columbia",19:01,09c35faf-6725-448b-8ccc-362ba0dbb568,6.1,Dropping off delivery,"Estevan Avenue, Oak Bay, British Columbia",18:45
business,uber,2026-04-25,"Estevan Avenue, Oak Bay, British Columbia",18:45,4ded75be-5fc0-4cdc-80ab-b84db975718b,0.8,Picking up food,"2248, Pacific Avenue, Oak Bay, British Columbia",18:42
business,uber,2026-04-25,"2248, Pacific Avenue, Oak Bay, British Columbia",18:40,af47a25f-fac5-4dad-8353-c03004f501c1,2.1,Dropping off delivery,"1711, Duchess Street, Victoria, British Columbia",18:35
business,uber,2026-04-25,"1711, Duchess Street, Victoria, British Columbia",18:34,afc79a42-f2ea-43b1-a5b6-f285b9fffb4d,3.2,Dropping off delivery,"775, Fort Street, Victoria, British Columbia",18:26
business,uber,2026-04-25,"775, Fort Street, Victoria, British Columbia",18:22,e444f702-4dd3-4d57-9ea9-b366ffe6d59a,0.3,Picking up food,"662, View Street, Victoria, British Columbia",18:19
business,uber,2026-04-25,"662, View Street, Victoria, British Columbia",18:16,cd8e1906-b784-46c2-a810-e2398528b488,5.1,Picking up food,"621, Constance Avenue, Esquimalt, British Columbia",17:54
business,uber,2026-04-25,"621, Constance Avenue, Esquimalt, British Columbia",17:54,bb5c1249-3e67-4695-932b-c2d57596bb79,3.9,Dropping off delivery,"2955, Albina Street, Saanich, British Columbia",17:42
business,uber,2026-04-25,"Tillicum Road, Saanich, British Columbia",17:42,063648fd-dfc4-409b-9196-b4d7bb0ff816,1.3,Dropping off delivery,"3170, Tillicum Road, Saanich, British Columbia",17:29
business,uber,2026-04-25,"Colquitz River Trail, Saanich, British Columbia",17:29,3f1863d4-451b-4b4c-a04a-760140446dfe,3.5,Picking up food,"3916, Carey Road, Saanich, British Columbia",17:22
business,uber,2026-04-25,"3912, Carey Road, Saanich, British Columbia",17:20,231617a2-fc06-4951-974d-261aa6526e5f,2.2,Dropping off delivery,"Uptown Boulevard, Saanich, British Columbia",17:08
business,uber,2026-04-25,"3551, Blanshard Street, Saanich, British Columbia",17:08,2877463a-0e65-4941-bad3-f62e47562031,2.2,Picking up food,"3251, Eldon Place, Saanich, British Columbia",17:01
business,uber,2026-04-25,"3251, Eldon Place, Saanich, British Columbia",17:01,c3a6dfe1-605f-4c90-b80f-066d7750470e,10.3,Dropping off delivery,"Royal Oak Drive, Saanich, British Columbia",16:28
business,uber,2026-04-24,"991, McKenzie Avenue, Saanich, British Columbia",20:41,274f9054-b71d-4f6c-a58a-475caa59d6fe,0.1,Dropping off delivery,"991, McKenzie Avenue, Saanich, British Columbia",20:36
business,uber,2026-04-24,"988, Annie Street, Saanich, British Columbia",20:36,3dbdfe4f-40ef-4a3d-b153-67957d628b5d,0.1,Dropping off delivery,"1005, McKenzie Avenue, Saanich, British Columbia",20:32
business,uber,2026-04-24,"1005, McKenzie Avenue, Saanich, British Columbia",20:31,9771780e-c5c9-4999-b22d-145333d09d59,5.6,Dropping off delivery,"530, Fisgard Street, Victoria, British Columbia",20:16
business,uber,2026-04-24,"530, Fisgard Street, Victoria, British Columbia",20:16,9880cdde-14bf-448e-902d-2c61f63e4a0a,0.6,Picking up food,"1483, Douglas Street, Victoria, British Columbia",20:08
business,uber,2026-04-24,"1402, Douglas Street, Victoria, British Columbia",20:07,0dd03758-6979-4ef9-a2b8-4895fa9e4cb5,1.5,Picking up food,"1220, Pandora Avenue, Victoria, British Columbia",19:59
business,uber,2026-04-24,"1220, Pandora Avenue, Victoria, British Columbia",19:58,b60f1add-e653-4f8b-ad44-04121c2a0677,0.8,Dropping off delivery,"Yates Street, Victoria, British Columbia",19:48
business,uber,2026-04-24,"Yates Street, Victoria, British Columbia",19:48,27e92cbc-8ce6-4b41-b7e8-acfc1c066bc9,5,Picking up food,"600, Head Street, Esquimalt, British Columbia",19:27
business,uber,2026-04-24,"600, Head Street, Esquimalt, British Columbia",19:27,afe8d7b8-2e8d-4b1e-8e06-db1cbcb06f13,0.7,Dropping off delivery,"810, Dunsmuir Road, Esquimalt, British Columbia",19:20
business,uber,2026-04-24,"810, Dunsmuir Road, Esquimalt, British Columbia",19:19,3d1b40e2-2dce-4f2c-a385-61cb9dbcc6d3,1,Dropping off delivery,"814, Dominion Road, Esquimalt, British Columbia",19:12
business,uber,2026-04-24,"814, Dominion Road, Esquimalt, British Columbia",19:12,57c57bae-4e2e-4a5e-9d65-ec114efebc60,3,Dropping off delivery,"776, Bay Street, Victoria, British Columbia",19:03
business,uber,2026-04-24,"Wendy's Drive-Though, Victoria, British Columbia",19:02,e33e1261-f1c4-4773-a3af-915c575f060a,1.3,Picking up food,"2350, Douglas Street, Victoria, British Columbia",18:57
business,uber,2026-04-24,"2350, Douglas Street, Victoria, British Columbia",18:57,71c53a39-84de-4acf-a4f2-7e0e387398e1,3.4,Picking up food,"1032, Harling Lane, Victoria, British Columbia",18:44
business,uber,2026-04-24,"1032, Harling Lane, Victoria, British Columbia",18:44,9a0895bf-49c4-4369-b497-b2fc8067c604,0.7,Dropping off delivery,"1009, Fairfield Road, Victoria, British Columbia",18:32
business,uber,2026-04-24,"1006, Fairfield Road, Victoria, British Columbia",18:32,9b92b2d1-9fab-4f14-8c63-f71765945a1b,2.5,Dropping off delivery,"618, Fisgard Street, Victoria, British Columbia",18:21
business,uber,2026-04-24,"626, Fisgard Street, Victoria, British Columbia",18:21,becb5e0c-2fb1-4c4d-956d-12f75f447672,4.6,Picking up food,Uptown ,18:11
business,,2026-04-24,"Uptown, Uptown, 3440 Saanich Rd, Victoria, BC V8Z, Canada",17:23,69e2a94d-637c-4a01-a09c-574ac50c877a,8,Going to hot zone,"Royal Oak Drive, Saanich, British Columbia",17:14
business,,2026-04-23,"Mc Donald, 3420, Quadra Street, Saanich, British Columbia",21:11,b5febbe5-4d0c-41fa-911b-59361bd83084,16.8,Going to hot zone,"4690, Kerryview Drive, Saanich, British Columbia",20:46
business,uber,2026-04-23,"4690, Kerryview Drive, Saanich, British Columbia",20:46,1c4b465b-421f-4019-81fd-6c91579664ad,6.2,Dropping off delivery,"Watkiss Way, View Royal, British Columbia",20:31
business,uber,2026-04-23,"Watkiss Way, View Royal, British Columbia",20:30,d323f685-f86e-402c-bc59-753fa6cd5292,5.3,Dropping off delivery,"3954, Tulsa Drive, Saanich, British Columbia",20:08
business,uber,2026-04-23,"3954, Tulsa Drive, Saanich, British Columbia",20:08,8dc51f91-fb50-404f-9ede-7bfb0e0f6f1b,2.8,Dropping off delivery,"3550, Saanich Road, Saanich, British Columbia",20:04
business,uber,2026-04-23,"3550, Blanshard Street, Saanich, British Columbia",19:03,d5f25063-9cf6-45c1-ab45-4670bb389057,3,Picking up food,"Walmart, Walmart, Saanich Road, Saanich, British Columbia",18:58
business,uber,2026-04-23,"Walmart, Saanich Road, Saanich, British Columbia",18:58,7ec9cc3f-f702-4f2d-86dd-398b2cdfbc60,1.3,Picking up food,"Saanich Road, Saanich, British Columbia",18:52
business,,2026-04-23,"Saanich Road, Saanich, British Columbia",18:51,62780cf2-d224-4607-9853-4fdade791b25,0.9,Going to hot zone,"3420, Quadra Street, Saanich, British Columbia",18:25
personal,,2026-05-06,"3420, Quadra Street, Saanich, British Columbia",21:24,c9c5b47b-a653-4861-968e-92b1e98f1605,6.6,Home,"4615, West Saanich Road, Saanich, British Columbia",21:12
business,skip,2026-05-06,"4615, West Saanich Road, Saanich, British Columbia",21:12,5926fdc0-a996-427f-9f78-64a1d164f3cf,4.7,Dropping off delivery,"985, McKenzie Avenue, Saanich, British Columbia",21:03
business,skip,2026-05-06,"1002, McKenzie Avenue, Saanich, British Columbia",21:03,7b505c7d-42b9-4867-b0c4-eced8a736fca,1.6,Dropping off delivery,"Borden Street, Saanich, British Columbia",20:48
business,skip,2026-05-06,"Borden Street, Saanich, British Columbia",20:47,d3c9bdc7-ad22-40c1-ab8c-08a6896de5f4,1.5,Picking up food,"Dairy Queen, 3993 Quadra Street, Saanich",20:40
business,uber,2026-05-06,"Dairy Queen, 3993 Quadra Street, Saanich",20:40,0dd4fa98-cb8b-4932-b671-1e69e11b48d9,0.3,Picking up food,"Co-op, 4472 West Saanich Road, Saanich, BC, V8Z 3E9, 4472 West Saanich Road, Saanich, British Columbia, V8Z 3E9",20:36
business,skip,2026-05-06,"4472, West Saanich Road, Saanich, British Columbia",21:15,a12189c9-665a-4257-b4ed-ec48b64d5f00,2.6,Dropping off delivery,"993, Clatworthy Avenue, Saanich, British Columbia",20:22
business,uber,2026-05-06,"993, Clatworthy Avenue, Saanich, British Columbia",20:22,b47c1eaa-1617-44c9-9777-918f8b7acf06,4.4,Dropping off delivery,"3275, Wascana Street, Saanich, British Columbia",20:11
business,uber,2026-05-06,"3275, Wascana Street, Saanich, British Columbia",20:09,5343f97d-f920-4fd5-b9da-7b0472ca6ed6,3,Dropping off delivery,"Lum's Chinese Restaurant, 914 Esquimalt Road, Esquimalt",19:52
business,uber,2026-05-06,"Lum's Chinese Restaurant, 914 Esquimalt Road, Esquimalt",19:51,dc5d86b8-1a8b-4c97-ba51-1eb6e4eb82b1,0.3,Picking up food,"890C, Esquimalt Road, Esquimalt, British Columbia",19:47
business,uber,2026-05-06,"Head Street, Esquimalt, British Columbia",19:47,3b44093e-c321-4c9b-b21d-00826d7e3eb9,0.9,Picking up food,"707, Esquimalt Road, Victoria, British Columbia",19:43
business,uber,2026-05-06,"Barnard Avenue, Victoria, British Columbia",19:42,9b973237-b52e-422a-87cd-dc5320536fac,4,Dropping off delivery,"Blanshard Street, Saanich, British Columbia",19:28
business,uber,2026-05-06,"Blanshard Street, Saanich, British Columbia",19:28,d0166e71-0b89-4d90-9842-edc457286ebb,1.9,Picking up food,"907, Green Street, Victoria, British Columbia",19:11
business,uber,2026-05-06,"907, Green Street, Victoria, British Columbia",19:10,5d8f36b3-e737-4bf4-bee0-b2f2e389909a,2.6,Picking up food,"1751, Newton Street, Victoria, British Columbia",18:52
business,uber,2026-05-06,"2780, Richmond Road, Saanich, British Columbia",18:51,3c10027d-900b-4bb0-8e1b-032f30451ba3,2.2,Dropping off delivery,"1213, Walnut Street, Victoria, British Columbia",18:44
business,uber,2026-05-06,"1213, Walnut Street, Victoria, British Columbia",18:44,4d453451-535e-430a-bc76-a31ba966eddf,1.2,Dropping off delivery,"Subway, 774 Bay Street, Victoria",18:33
business,uber,2026-05-06,"Subway, 774 Bay Street, Victoria",18:33,2325099a-e76b-43f7-ab5d-faaaf03b88ed,1,Picking up food,"Blanshard Street, Saanich, British Columbia",18:27
business,uber,2026-05-06,"Blanshard Street, Saanich, British Columbia",18:24,7f0b6106-0381-476a-a4b3-552d021e36ed,0,Picking up food,"Saanich Road, Saanich Road, Saanich Core, Saanich, BC, V8Z 3L4, Saanich Core, Saanich, Capital Regional District, British Columbia, V8Z 3L4, Canada",18:24
business,,2026-05-06,"Saanich Road, Saanich, British Columbia",18:17,4ca2ee82-d3d4-4175-9090-25c723d55d88,13.9,Going to hot zone,"Royal Oak Drive, Saanich, British Columbia",17:22
business,uber,2026-05-05,"2225, Galaxy Place, Saanich, British Columbia",22:11,52fd8ec2-aa59-47c6-acf7-24ae50a1b8aa,6.7,Dropping off delivery,"KFC, 3140 Douglas Street, Victoria",21:39
business,uber,2026-05-05,"KFC, 3140 Douglas Street, Victoria",21:39,d7496367-b025-4e1e-9d30-36385794de3e,2,Picking up food,"Noodle Box, Uptown Boulevard, Saanich",21:34
business,uber,2026-05-05,"Noodle Box, Uptown Boulevard, Saanich",21:34,873c5795-d708-4fed-b500-d44954c283dc,0.3,Picking up food,"3375, Oak Street, Saanich, British Columbia",21:32
business,,2026-05-05,"Oak Street, Oak Street, Saanich, British Columbia",21:32,463c86ff-ed57-418e-a3a8-986d5db41ce1,2.2,Going to hot zone,"3650, Tillicum Road, Saanich, British Columbia",21:27
business,skip,2026-05-05,"3650, Tillicum Road, Saanich, British Columbia",21:27,586e877d-bcc8-44a0-b0ef-972ead89e15d,4.4,Dropping off delivery,"456, Pandora Avenue, Victoria, British Columbia",21:14
business,uber,2026-05-05,"490, Pandora Avenue, Victoria, British Columbia",21:13,79099bd8-eb87-47d0-bd96-5105d2ba69cc,1.3,Picking up food,"910, View Street, Victoria, British Columbia",21:05
business,skip,2026-05-05,"910, View Street, Victoria, British Columbia",21:05,43164f30-634e-41ec-9042-80f783fd32db,0.7,Dropping off delivery,"708, Burdett Avenue, Victoria, British Columbia",20:51
business,,2026-05-05,"Fort Street, Victoria, British Columbia",20:47,413a5bb3-ee6b-483b-a651-69759cfaa43f,1.3,Going to hot zone,"1057, Collinson Street, Victoria, British Columbia",20:38
business,skip,2026-05-05,"1065, Collinson Street, Victoria, British Columbia",20:38,511490ba-b26b-4273-9dcc-0c2568e52714,1.4,Dropping off delivery,"Broughton Street, Victoria, British Columbia",20:34
business,skip,2026-05-05,"1113, Blanshard Street, Victoria, British Columbia",20:33,1ab4fe10-6127-4c22-bb4d-fab77a6d0d97,1.8,Dropping off delivery,"132, Menzies Street, Victoria, British Columbia",20:09
business,uber,2026-05-05,"132, Menzies Street, Victoria, British Columbia",20:09,d8e53cbe-eb07-4711-8f27-2e1aeca71cbb,4.9,Dropping off delivery,"1871, Fort Street, Victoria, British Columbia",19:54
business,uber,2026-05-05,"1871, Fort Street, Victoria, British Columbia",19:54,4d1e9f40-41a8-4ea9-86d2-de4172473744,1.7,Picking up food,"2023, Townley Street, Oak Bay, British Columbia",19:47
business,skip,2026-05-05,"2023, Townley Street, Oak Bay, British Columbia",19:47,acdb6e41-458c-4769-9f8d-ceff32e9c6b0,2.4,Dropping off delivery,"2850, Doncaster Drive, Victoria, British Columbia",19:41
business,skip,2026-05-05,"3030, Doncaster Drive, Victoria, British Columbia",19:41,117556b3-b82d-4022-b3c0-6adae3b24b29,4.3,Dropping off delivery,"Uptown Boulevard, Saanich, British Columbia",19:23
business,uber,2026-05-05,"Uptown Boulevard, Saanich, British Columbia",19:23,39282245-7f51-46a3-b068-7ccaaa195917,0.5,Picking up food,"Carey Road, Saanich, British Columbia",19:19
business,skip,2026-05-05,"Blanshard Street, Saanich, British Columbia",19:19,900c41a9-c146-468e-9ba8-3b29b941b5ae,9.2,Picking up food,"805, Del Monte Lane, Saanich, British Columbia",19:00
business,uber,2026-05-05,"5164, Del Monte Avenue, Saanich, British Columbia",19:00,fbcfd859-e311-4ab2-9e9f-24a66d7bdfae,9.1,Dropping off delivery,"Uptown Boulevard, Saanich, British Columbia",18:46
business,uber,2026-05-05,"Uptown Boulevard, Saanich, British Columbia",18:46,0a33e0b0-ed40-49fc-9d32-f08d01b51e36,0.6,Picking up food,"Oak Street, Saanich, British Columbia",18:37
business,,2026-05-05,"Oak Street, Saanich, British Columbia",18:37,c8f96d12-3499-4024-869a-445fe59fcba8,1.6,Going to hot zone,"3250, Linwood Avenue, Saanich, British Columbia",18:31
business,skip,2026-05-05,"3250, Linwood Avenue, Saanich, British Columbia",18:30,85a58b36-5ad2-4f72-b2ca-6e9a2fd2c3d0,1.3,Dropping off delivery,"3215, Alder Street, Saanich, British Columbia",18:27
business,skip,2026-05-05,"3235, Alder Street, Saanich, British Columbia",18:26,46bf94e3-9e22-481f-99ab-941170a8b2ea,1.5,Dropping off delivery,"3541, Blanshard Street, Saanich, British Columbia",18:16
business,skip,2026-05-05,"3541, Blanshard Street, Saanich, British Columbia",18:15,3f97eaef-b07d-4c14-a5e2-7e67761d18ed,0.9,Picking up food,"Douglas Street, Saanich, British Columbia",18:13
business,uber,2026-05-05,"Uptown Boulevard, Saanich, British Columbia",18:12,7c1ec1a9-cb23-4c05-a0c5-6ae7c2751cb7,1.6,Picking up food,"Saanich Road, Saanich, British Columbia",18:08
business,,2026-05-05,"Oak Street, Saanich, British Columbia",18:08,f63ccd17-ea7e-4722-8566-99dcce37127a,8.5,Going to hot zone,"Royal Oak Drive, Saanich, British Columbia",17:26
personal,,2026-05-04,"3460, Quadra Street, Saanich, British Columbia",22:00,a568dc31-9e9b-4c60-8268-9217686dacde,1.5,Home,"Douglas Street, Saanich, British Columbia",21:56
business,uber,2026-05-04,"Trans-Canada Highway, Saanich, British Columbia",21:55,87466318-9f54-482d-a0ca-da61a78c9d16,2.6,Dropping off delivery,"Burnside Road West, Saanich, British Columbia",21:42
business,uber,2026-05-04,"Burnside Road West, Saanich, British Columbia",21:41,d6366ac6-7eba-4584-8be1-5c87d11f2601,1.8,Picking up food,"258, Gorge Road East, Victoria, British Columbia",21:33
business,uber,2026-05-04,"252, Gorge Road East, Victoria, British Columbia",21:32,6441a5b9-6540-4329-8fe4-51665ca2bb80,1.9,Dropping off delivery,"Wendy's, 776 Bay Street, Victoria",21:22
business,uber,2026-05-04,"Wendy's, 776 Bay Street, Victoria",21:22,a95ad768-ab4a-4b22-87e1-05c4e95ef764,1.7,Picking up food,"Blanshard Street, Victoria, British Columbia",21:14
business,uber,2026-05-04,"Blanshard Street, Victoria, British Columbia",21:14,9cfd9d72-9f99-41c3-9eb7-02e067b8d4fb,0.5,Picking up food,"820, Pandora Avenue, Victoria, British Columbia",21:04
business,,2026-05-04,"820, Pandora Avenue, Victoria, British Columbia",21:03,da0c9582-e283-4258-af34-b634883926f5,1.4,Going to hot zone,"998, Humboldt Street, Victoria, British Columbia",20:56
business,uber,2026-05-04,"429, Vancouver Street, Victoria, British Columbia",20:55,71d9f12f-90e2-4eac-b33a-1dd0f1966b9f,0.2,Dropping off delivery,"965, Humboldt Street, Victoria, British Columbia",20:49
business,uber,2026-05-04,"867, Humboldt Street, Victoria, British Columbia",20:48,86b7d9e6-ad02-41e8-a31d-6607bc7907b5,5.5,Dropping off delivery,"300, Gorge Road West, Saanich, British Columbia",20:33
business,uber,2026-05-04,"Gorge Road West, Saanich, British Columbia",20:29,0eb340c1-e1a3-4e49-8502-f83d1a8be618,4.7,Picking up food,"Saanich Road, Saanich, British Columbia",20:16
business,,2026-05-04,"Saanich Road, Saanich, British Columbia",20:16,5b3995f1-cd60-43b9-ba6f-eefff56d6acd,2.6,Going to hot zone,"1280, Fairlane Terrace, Saanich, British Columbia",20:01
business,uber,2026-05-04,"1280, Fairlane Terrace, Saanich, British Columbia",20:01,bb2d0aa3-70ce-43dc-8312-a64420771def,2.1,Dropping off delivery,"3235, Quadra Street, Saanich, British Columbia",19:54
business,uber,2026-05-04,"3235, Quadra Street, Saanich, British Columbia",19:54,0f23e58a-f779-42c3-8a96-0f670d3c7395,1.1,Dropping off delivery,"Lot 1 Pasta Bar, Blanshard Street, Saanich",19:29
business,uber,2026-05-04,"Lot 1 Pasta Bar, Blanshard Street, Saanich",19:29,fe0431c3-26f5-4016-872b-76637a099344,1.3,Picking up food,"495, Cecelia Road, Victoria, British Columbia",19:11
business,uber,2026-05-04,"495, Cecelia Road, Victoria, British Columbia",19:11,d648837d-10d8-4b15-a9aa-7a3199a27f7a,2.2,Dropping off delivery,"Blanshard Street, Saanich, British Columbia",19:03
business,uber,2026-05-04,"3541, Blanshard Street, Saanich, British Columbia",19:02,454c059d-f5f0-4d1b-9123-d0b1a93c3080,0.9,Picking up food,"Uptown Boulevard, Saanich, British Columbia",18:55
business,uber,2026-05-04,"Uptown Boulevard, Saanich, British Columbia",18:54,6c256b48-fd10-4a33-900d-5f8414043c78,0.3,Picking up food,"Oak Street, Saanich, British Columbia",18:51
business,,2026-05-04,"Saanich Road, Saanich, British Columbia",18:50,210b12e6-0905-4d7e-9f02-d671eabaec18,1.9,Going to hot zone,"3031, Washington Avenue, Victoria, British Columbia",18:39
business,uber,2026-05-04,"3033, Washington Avenue, Victoria, British Columbia",18:38,089a51a4-a70e-4a9e-b127-cfeefe7b58e8,1.9,Dropping off delivery,"Oak Street, Saanich, British Columbia",18:33
business,uber,2026-05-04,"Oak Street, Saanich, British Columbia",18:33,701b92d6-e736-4982-81f5-93ca04e6f7b7,0.7,Picking up food,"400, Boleskine Road, Saanich, British Columbia",18:28
business,uber,2026-05-04,"3296, Harriet Road, Saanich, British Columbia",18:28,607efb9c-0f93-41e3-bc2e-26e6af4acf63,1.9,Dropping off delivery,"Saanich Road, Saanich, British Columbia",18:23
business,,2026-05-04,"Saanich Road, Saanich, British Columbia",18:23,cc4d96d1-3717-4df6-89d2-96dfce041d73,15.6,Going to hot zone,"Patricia Bay Highway, Saanich, British Columbia",17:15
business,uber,2026-05-02,"2855, Fifth Street, Victoria, British Columbia",21:56,c21609e9-3521-44cb-b80c-60281774e945,1.7,Dropping off delivery,"Douglas Street, Saanich, British Columbia",21:41
business,uber,2026-05-02,"Uptown Boulevard, Saanich, British Columbia",21:41,53b88da1-d93f-43b1-830c-2776f645f58f,2.3,Picking up food,"Gorge Road West, Saanich, British Columbia",21:30
business,uber,2026-05-02,"Gorge Road West, Saanich, British Columbia",21:30,d29b36ce-2153-4905-826b-02797b02128e,3.6,Dropping off delivery,"1328, Douglas Street, Victoria, British Columbia",21:15
business,uber,2026-05-02,"632, Johnson Street, Victoria, British Columbia",21:15,e94ca69c-debf-4434-a0ef-fa2b9e41e683,1.3,Picking up food,"1088, Johnson Street, Victoria, British Columbia",20:57
business,uber,2026-05-02,"1090, Johnson Street, Victoria, British Columbia",20:56,50e11880-3447-4178-ab3b-65cdc699fa3d,1,Dropping off delivery,"1212, Douglas Street, Victoria, British Columbia",20:28
business,uber,2026-05-02,"1212, Douglas Street, Victoria, British Columbia",20:27,a6001f17-06df-4541-acc2-93f9455b946b,1.7,Picking up food,"425, Simcoe Street, Victoria, British Columbia",20:13
business,uber,2026-05-02,"425, Simcoe Street, Victoria, British Columbia",20:12,f862b9a4-4466-4478-b34d-edf6902bc091,2.9,Dropping off delivery,"1515, Cook Street, Victoria, British Columbia",20:01
business,uber,2026-05-02,"Mason Street, Victoria, British Columbia",20:00,6812d324-0e9b-405f-959e-1bcbbea161f5,3.7,Picking up food,"2228, Pacific Avenue, Oak Bay, British Columbia",19:50
business,uber,2026-05-02,"2245, Pacific Avenue, Oak Bay, British Columbia",19:50,31d2ceda-b666-409e-8c9f-e94a5a89626c,3.8,Dropping off delivery,"961, Pembroke Street, Victoria, British Columbia",19:33
business,uber,2026-05-02,"961, Pembroke Street, Victoria, British Columbia",19:33,f53d069d-a3ae-4281-9116-ff2ffa7eed5f,1.1,Dropping off delivery,"1525, Douglas Street, Victoria, British Columbia",19:23
business,uber,2026-05-02,"1680, Douglas Street, Victoria, British Columbia",19:23,56430618-e7ec-4248-bfc3-577c690b7fbe,0.9,Picking up food,"Pandora Avenue, Victoria, British Columbia",19:09
business,uber,2026-05-02,"Government Street, Victoria, British Columbia",19:09,0faf6594-b64a-4a75-80cd-04f973f375f3,1.4,Picking up food,"1804, Cook Street, Victoria, British Columbia",19:01
business,uber,2026-05-02,"1030, Empress Avenue, Victoria, British Columbia",18:58,a14b627b-7fb6-477f-9cbd-18cd726a4ee2,5.1,Dropping off delivery,"Wilson Street, Victoria, British Columbia",18:48
business,uber,2026-05-02,"Wilson Street, Victoria, British Columbia",18:47,b694a9f3-28cf-47a7-85b0-936431ec155e,1.3,Picking up food,"1315, Coventry Avenue, Victoria, British Columbia",18:41
business,uber,2026-05-02,"1315, Coventry Avenue, Victoria, British Columbia",18:40,4e0cbc94-477c-4ada-a34e-eba381ec2d26,4.5,Dropping off delivery,"789, Fort Street, Victoria, British Columbia",18:28
business,uber,2026-05-02,"763, Fort Street, Victoria, British Columbia",18:27,20330389-20a5-487b-88fe-78bef0ab543e,0.8,Picking up food,"Douglas Street, Victoria, British Columbia",18:25
business,skip,2026-05-02,"Douglas Street, Victoria, British Columbia",18:25,d13f58bd-994b-449d-abec-d314f4838af6,1.8,Picking up food,"Johnson Street, Victoria, British Columbia",18:15
business,uber,2026-05-02,"Johnson Street, Victoria, British Columbia",18:15,c68e210b-2a60-4242-8739-6a778b656da0,2.4,Dropping off delivery,"Burdett Avenue, Victoria, British Columbia",18:07
business,skip,2026-05-02,"Burdett Avenue, Victoria, British Columbia",18:07,bd41bfb6-0c6b-4045-9e59-c0e7e4df26c1,1.3,Picking up food,"1101, Hilda Street, Victoria, British Columbia",18:00
business,uber,2026-05-02,"1101, Hilda Street, Victoria, British Columbia",18:00,ce926c9f-16e5-467d-aa3c-95f8200d6b40,0.9,Dropping off delivery,"919, Vancouver Street, Victoria, British Columbia",17:53
business,uber,2026-05-02,"919, Vancouver Street, Victoria, British Columbia",17:53,d48fa6ba-436f-42f4-981f-5ebb5d23fd22,2.1,Dropping off delivery,"769, Yates Street, Victoria, British Columbia",17:42
business,uber,2026-05-02,"Yates Street, Victoria, British Columbia",17:42,f0e73502-7784-4308-90ba-94a8b56deb26,3.8,Picking up food,"1611, Myrtle Avenue, Victoria, British Columbia",17:31
business,uber,2026-05-02,"1613, Myrtle Avenue, Victoria, British Columbia",17:30,efb1d341-8380-4627-878c-a6b1f62bb36f,5.7,Dropping off delivery,"230, Menzies Street, Victoria, British Columbia",17:12
business,uber,2026-05-02,"Simcoe Street, Victoria, British Columbia",17:11,0e80cb2a-912c-469e-a2d1-13917dd71916,1.3,Picking up food,"50, Government Street, Victoria, British Columbia",17:06
business,uber,2026-05-02,"50, Government Street, Victoria, British Columbia",17:05,cd74c1aa-7e78-4505-ab5c-4b9371e82482,0,Dropping off delivery,"1041 Oliphant Avenue, Victoria, BC, V8V 3X8, Victoria, British Columbia, V8V 3X8",17:05
business,uber,2026-05-02,"1041, Oliphant Avenue, Victoria, British Columbia",16:52,7f1bd938-ac50-45be-95e1-fc1da5e71a36,0.6,Picking up food,"1129, McKenzie Street, Victoria, British Columbia",16:50
business,uber,2026-05-02,"1154, McKenzie Street, Victoria, British Columbia",16:50,bc26a399-c4e0-4638-8d30-e853f531a498,5,Dropping off delivery,"Ono Poke, Tolmie Avenue, Saanich",16:29
business,uber,2026-05-02,"Ono Poke, Tolmie Avenue, Saanich",16:29,bcc73fd9-ebed-4c03-a24d-fd36cc7b2a4d,1.1,Picking up food,"Saanich Road, Saanich, British Columbia",16:24
business,,2026-05-02,"McDonald's, McDonald's, 3465 Saanich Rd, Victoria, BC V8X 1W8, Canada",16:24,ac38b529-0bd1-4209-8d58-3d86dd44fdfd,6.2,Going to hot zone,"Royal Oak Drive, Saanich, British Columbia",16:14
business,uber,2026-05-01,"1555, Jubilee Avenue, Victoria, British Columbia",21:48,0f0868fe-62fa-4bfc-aecd-6b1d0a583210,0.1,Dropping off delivery,"1693, Fort Street, Victoria, British Columbia",21:40
business,uber,2026-05-01,"1801, Fern Street, Victoria, British Columbia",21:39,45240b20-710c-4be6-87c3-59d8a7660f8a,4,Dropping off delivery,"Popeyes, 1646 McKenzie Avenue, Saanich",21:27
business,uber,2026-05-01,"Popeyes, 1646 McKenzie Avenue, Saanich",21:27,e4ea979c-296b-4360-8f23-1466680baa03,0.7,Picking up food,"3990, Shelbourne Street, Saanich, British Columbia",21:22
business,uber,2026-05-01,"Glencraig Place, Saanich, British Columbia",21:21,466aec2d-53b3-4c7a-aff3-a73360e2ed86,0.1,Picking up food,"4043, Shelbourne Street, Saanich, British Columbia",21:18
business,uber,2026-05-01,"4043, Shelbourne Street, Saanich, British Columbia",21:17,23c16a6a-2324-4a03-a58a-88f663e6a37f,4.3,Dropping off delivery,"2637, Quadra Street, Victoria, British Columbia",21:07
business,uber,2026-05-01,"2637, Quadra Street, Victoria, British Columbia",21:06,ebb93322-4217-40c9-8a3c-d7f838a375fa,0.2,Picking up food,"Biryani Palace, 2709 Quadra Street, Victoria",20:59
business,uber,2026-05-01,"Biryani Palace, 2709 Quadra Street, Victoria",20:59,6167c49c-eb67-497d-8ff6-dc8a3960964e,2.7,Picking up food,"2981, Larkdowne Road, Oak Bay, British Columbia",20:47
business,uber,2026-05-01,"2981, Larkdowne Road, Oak Bay, British Columbia",20:47,c0d91d52-a37b-42ff-90bd-e4c22515e364,4.2,Dropping off delivery,"626, Fisgard Street, Victoria, British Columbia",20:35
business,uber,2026-05-01,"622, Fisgard Street, Victoria, British Columbia",20:34,01101419-3351-4504-b6c9-2eb6f18b99cb,1.5,Picking up food,"1417, Harrison Street, Victoria, British Columbia",20:23
business,uber,2026-05-01,"Harrison Street, Victoria, British Columbia",20:23,15d8af8f-cd05-4f22-9ada-ac531d40bf09,0.6,Dropping off delivery,"1389, Manor Road, Victoria, British Columbia",20:16
business,uber,2026-05-01,"1389, Manor Road, Victoria, British Columbia",20:15,0505db83-901f-438b-a898-1891d2ef29db,1.4,Dropping off delivery,"799, Fort Street, Victoria, British Columbia",20:09
business,uber,2026-05-01,"783, Fort Street, Victoria, British Columbia",20:08,f47066b5-5d74-4ba8-8629-c97badde3a0e,0.6,Picking up food,"Chipotle, 1070 Douglas Street, Victoria",20:02
business,uber,2026-05-01,"Chipotle, 1070 Douglas Street, Victoria",20:02,da94d1f2-69be-4706-9c2e-ccec9ee1d024,1.7,Picking up food,"712, Yates Street, Victoria, British Columbia",19:58
business,uber,2026-05-01,"706, Yates Street, Victoria, British Columbia",19:57,0b5e5542-8fbc-4d92-aa9d-5aff6c76b6a6,0.6,Dropping off delivery,"727, Fisgard Street, Victoria, British Columbia",19:49
business,uber,2026-05-01,"721, Fisgard Street, Victoria, British Columbia",19:49,0dac629b-ef16-48ee-a26e-d45775629533,4.7,Dropping off delivery,"Tolmie Avenue, Saanich, British Columbia",19:38
business,uber,2026-05-01,"3147, Douglas Street, Victoria, British Columbia",19:38,c72394d5-162e-403f-9dc2-6a4f0048c246,2.8,Picking up food,"123, Gorge Road East, Victoria, British Columbia",19:30
business,uber,2026-05-01,"123, Gorge Road East, Victoria, British Columbia",19:30,200992d3-5b3a-4fa1-988c-cae343d18ea7,2.2,Dropping off delivery,"545, Manchester Road, Victoria, British Columbia",19:16
business,uber,2026-05-01,"540, Manchester Road, Victoria, British Columbia",19:15,6dc15ba3-463b-43c5-a45a-2b076e55682c,3,Dropping off delivery,"Cafe Malabar, 407 Swift Street, Victoria",19:06
business,uber,2026-05-01,"Cafe Malabar, 407 Swift Street, Victoria",19:05,91faeeae-2ac0-409b-838e-5e4e5154d758,2.2,Picking up food,"Pita Land, #110, 182 Wilson Street, Victoria",18:56
business,uber,2026-05-01,"Pita Land, #110, 182 Wilson Street, Victoria",18:56,920a16af-86b1-457b-a201-5f08fb999c01,1.7,Picking up food,"948, Esquimalt Road, Esquimalt, British Columbia",18:52
business,uber,2026-05-01,"1029, Esquimalt Road, Esquimalt, British Columbia",18:52,29a60544-520d-4c53-b223-683c895fddc6,3.5,Dropping off delivery,"Esquimalt Road, Esquimalt, British Columbia",18:43
business,uber,2026-05-01,"1310, Esquimalt Road, Esquimalt, British Columbia",18:43,96bb7602-1759-4eba-ad7b-f846d2567508,0.6,Picking up food,"516, Sturdee Street, Esquimalt, British Columbia",18:38
business,uber,2026-05-01,"1351, Esquimalt Road, Esquimalt, British Columbia",18:37,58885dfd-e2a6-4850-a41c-4f33a66868ba,1.4,Dropping off delivery,"890A, Esquimalt Road, Esquimalt, British Columbia",18:28
business,uber,2026-05-01,"Esquimalt Road, Esquimalt, British Columbia",18:28,f03a9b17-0963-4d2c-88f0-afdcfb5c0c16,1.2,Picking up food,"701, Esquimalt Road, Victoria, British Columbia",18:23
business,uber,2026-05-01,"701, Esquimalt Road, Victoria, British Columbia",18:22,c9d8cb32-b02b-489e-b78e-f0ed0a8ec423,1.9,Dropping off delivery,"Panago, 1249 Esquimalt Road, Esquimalt",18:08
business,uber,2026-05-01,"Panago, 1249 Esquimalt Road, Esquimalt",18:07,e9988547-8ea0-4be1-b868-afe6fcb8e010,0.7,Picking up food,"Nelles Street, Esquimalt, British Columbia",18:05
business,uber,2026-05-01,"Nelles Street, Esquimalt, British Columbia",18:04,108b7f61-8c8c-4fa9-bc17-eceb6feefdcb,0.6,Dropping off delivery,"639, Admirals Road, Esquimalt, British Columbia",17:59
business,uber,2026-05-01,"649, Admirals Road, Esquimalt, British Columbia",17:59,1dd4d59c-46b6-4b31-a834-eb1397fbdd50,6.9,Dropping off delivery,"Noodle Box, Uptown Boulevard, Saanich",17:44
business,uber,2026-05-01,"Noodle Box, Uptown Boulevard, Saanich",17:44,6963d750-4aac-4783-9c6c-358d0eb11ef6,0.8,Picking up food,"3140, Douglas Street, Victoria, British Columbia",17:32
business,uber,2026-05-01,"3140, Douglas Street, Victoria, British Columbia",17:32,6b0060ee-f847-453b-ae26-c883b24e442f,6.9,Picking up food,"Patricia Bay Highway, Saanich, British Columbia",17:18
business,,2026-04-30,"McDonald's, 3465 Saanich Road, Saanich, BC, V8Z 3L0, 3465 Saanich Road, Saanich, British Columbia, V8Z 3L0",21:56,6f72f128-c0f8-406b-9aea-531277fe30b1,2.4,Home,"1005, McKenzie Avenue, Saanich, British Columbia",21:46
business,uber,2026-04-30,"1005, McKenzie Avenue, Saanich, British Columbia",21:46,e2e5cafa-f0c0-492a-82dd-6db01b0573d3,8.5,Dropping off delivery,"240, Cook Street, Victoria, British Columbia",21:29
business,uber,2026-04-30,"240, Cook Street, Victoria, British Columbia",21:29,e916b482-84ab-4fc6-bfb0-66315fc6af8d,1.2,Picking up food,"147, Joseph Street, Victoria, British Columbia",21:24
business,uber,2026-04-30,"147, Joseph Street, Victoria, British Columbia",21:23,83bf1361-4bec-4fc3-bb05-f583942f7f8a,1.2,Dropping off delivery,"Fairfield Road, Victoria, British Columbia",20:35
business,uber,2026-04-30,"Fairfield Road, Victoria, British Columbia",20:34,fad2ae8f-8b46-40df-bd27-fdb1e700e9a4,2.2,Dropping off delivery,"1537, Morrison Street, Victoria, British Columbia",20:27
business,uber,2026-04-30,"1537, Morrison Street, Victoria, British Columbia",20:25,5eb7f8a3-6f5c-4eaa-a8eb-9b84ef10ac0c,5.2,Dropping off delivery,"1567, Cedar Hill Cross Road, Victoria, British Columbia",20:15
business,uber,2026-04-30,"Church Avenue, Saanich, British Columbia",20:15,4b7bfef9-3c71-45eb-ac48-5c2eeb833572,1.3,Picking up food,"Derby Road, Saanich, British Columbia",20:07
business,uber,2026-04-30,"Derby Road, Saanich, British Columbia",20:06,82ee4bbe-94d4-41bc-a9bd-05690b44711c,5,Dropping off delivery,"Yates Street, Victoria, British Columbia",19:53
business,,2026-04-30,"Yates Street, Victoria, British Columbia",19:52,1ff82a7b-003a-4d7a-8264-bb6473e049fc,0.1,Going to hot zone,"808, Yates Street, Victoria, British Columbia",19:44
business,uber,2026-04-30,"808, Yates Street, Victoria, British Columbia",19:44,10c435ba-f517-4f2e-969d-11a91b43064e,2.1,Dropping off delivery,"Gorge Road East, Victoria, British Columbia",19:36
business,uber,2026-04-30,"2852, Douglas Street, Victoria, British Columbia",19:36,a59d894d-192e-468b-b5b3-e056c8a26ebb,0.5,Picking up food,"Bay Street, Victoria, British Columbia",19:32
business,uber,2026-04-30,"Bay Street, Victoria, British Columbia",19:31,57fc7830-68ed-4c94-9367-0729c1b80715,4,Dropping off delivery,"306, Burnside Road West, Saanich, British Columbia",19:19
business,uber,2026-04-30,"Burnside Road West, Saanich, British Columbia",19:18,7c53e441-8169-4b40-af70-b6e682dc8c5b,3.6,Picking up food,"Wolf Lane, British Columbia",19:10
business,uber,2026-04-30,"Wolf Lane, British Columbia",19:09,949e8b89-e86e-4318-aff1-e966be4e6c56,2.3,Dropping off delivery,"Craigflower Road, Esquimalt, British Columbia",18:59
business,uber,2026-04-30,"Craigflower Road, Esquimalt, British Columbia",18:59,a7d5fa3d-de30-4222-af7e-63530868fc1d,1.7,Picking up food,"815, Wollaston Street, Esquimalt, British Columbia",18:52
business,uber,2026-04-30,"835, Dunsmuir Road, Esquimalt, British Columbia",18:51,d5f87c57-384c-4d0f-9c5b-dabe80f7db2e,0.2,Dropping off delivery,"820, Esquimalt Road, Esquimalt, British Columbia",18:50
business,uber,2026-04-30,"819, Old Esquimalt Road, Esquimalt, British Columbia",18:50,3e2911ec-02a8-4f55-bf18-594d973b9c42,3.2,Dropping off delivery,"KFC, 3140 Douglas Street, Victoria",18:40
business,uber,2026-04-30,"KFC, 3140 Douglas Street, Victoria",18:40,fc494a1a-511e-4640-8ab0-d6a252d922ff,0.5,Picking up food,"Blanshard Street, Saanich, British Columbia",18:34
business,uber,2026-04-30,"Blanshard Street, Saanich, British Columbia",18:34,66f9fe61-55e9-4bc7-bad4-457235ef0609,2.3,Picking up food,"1091, San Marino Crescent, Saanich, British Columbia",18:24
business,uber,2026-04-30,"1091, San Marino Crescent, Saanich, British Columbia",18:24,460272eb-647b-4173-afee-a455ce7a768d,0.3,Dropping off delivery,"3945, Quadra Street, Saanich, British Columbia",18:19
business,uber,2026-04-30,"Reynolds Road, Saanich, British Columbia",18:19,fed6da99-665b-44de-b387-4a5af2704948,1.8,Picking up food,"McDonald's, 3465 Saanich Road, Saanich, BC, V8Z 3L0, 3465 Saanich Road, Saanich, British Columbia, V8Z 3L0",18:15
business,,2026-04-30,"McDonald's, 3465 Saanich Road, Saanich, BC, V8Z 3L0, 3465 Saanich Road, Saanich, British Columbia, V8Z 3L0",17:52,b6e39132-a810-43ec-b7f0-368aa0bfb56a,7.2,Going to hot zone,"Royal Oak Drive, Saanich, British Columbia",17:40
personal,,2026-05-12,"3420, Quadra Street, Saanich, British Columbia",22:43,2304593b-dd30-43b2-9a11-6a5b7d5e3ac6,7.3,Home,"Nelles Street, Esquimalt, British Columbia",22:31
business,skip,2026-05-12,"Nelles Street, Esquimalt, British Columbia",22:31,e6dcac6e-4746-45ec-abf1-45c5523bc15a,5,Dropping off delivery,"50, Burnside Road West, Saanich, British Columbia",22:17
business,skip,2026-05-12,"50, Burnside Road West, Saanich, British Columbia",22:17,9d216267-e416-4ec7-997f-5ed220e899b3,0.9,Picking up food,"307, Obed Avenue, Saanich, British Columbia",22:02
business,skip,2026-05-12,"314, Obed Avenue, Saanich, British Columbia",22:02,ac24c739-ddd4-4987-bc60-ec06d281c4fe,3,Dropping off delivery,"2852, Douglas Street, Victoria, British Columbia",21:53
business,skip,2026-05-12,"2852, Douglas Street, Victoria, British Columbia",21:53,fd7c44c5-c586-4bcb-b456-7fb56244fe05,3.5,Picking up food,"1250 Denman Street, Victoria, BC, V8R 1S1, Victoria, British Columbia, V8R 1S1",21:43
business,uber,2026-05-12,"1250, Denman Street, Victoria, British Columbia",21:34,688e5e29-2dda-462d-bcfd-316b94428aa9,2.2,Dropping off delivery,"1125, Douglas Street, Victoria, British Columbia",21:22
business,uber,2026-05-12,"1125, Douglas Street, Victoria, British Columbia",21:22,4d86b895-fa04-40ce-94b8-c6d2ee5bcf43,2,Picking up food,"138 Saint Lawrence Street, Victoria, BC, V8V 1A2, Victoria, British Columbia, V8V 1A2",21:14
business,skip,2026-05-12,"138, Saint Lawrence Street, Victoria, British Columbia",21:08,90e95847-720a-4ca0-bcb3-b32ffa8bd135,2.7,Dropping off delivery,"1327, Douglas Street, Victoria, British Columbia",20:52
business,skip,2026-05-12,"705, Johnson Street, Victoria, British Columbia",20:52,c42ba613-04e2-479d-801f-4c2bb0634a02,0.9,Picking up food,"1100, Yates Street, Victoria, British Columbia",20:44
business,skip,2026-05-12,"1104, Yates Street, Victoria, British Columbia",20:43,5e81d1f1-4a87-45cc-b885-f566fddfbdf6,4.7,Dropping off delivery,"3613, Shelbourne Street, Saanich, British Columbia",20:33
business,skip,2026-05-12,"3609, Shelbourne Street, Saanich, British Columbia",20:32,f15ab303-842d-428d-a8ac-68864924ec26,2.4,Picking up food,"3232, Cook Street, Saanich, British Columbia",20:25
business,uber,2026-05-12,"3232, Cook Street, Saanich, British Columbia",20:22,7b37eb84-f301-4d8d-b5bb-e9f4227db592,2.3,Dropping off delivery,"1725, Cook Street, Victoria, British Columbia",20:15
business,uber,2026-05-12,"1725, Cook Street, Victoria, British Columbia",20:15,5a7dcd8d-ece2-4b95-b2aa-4c260ca3eeda,0.6,Picking up food,"1236, Pandora Avenue, Victoria, British Columbia",20:10
business,uber,2026-05-12,"1229, Pandora Avenue, Victoria, British Columbia",20:10,5e81fcad-ce28-459d-94a8-e7c65cf3edb5,7.3,Dropping off delivery,"583 Vincent Avenue, Saanich, BC, V9A 2A5, Saanich, British Columbia, V9A 2A5",19:51
business,uber,2026-05-12,"583, Vincent Avenue, Saanich, British Columbia",19:38,10264b4d-0907-43f2-9d86-f99da207aafb,3.8,Dropping off delivery,"3366, Douglas Street, Saanich, British Columbia",19:28
business,,2026-05-12,"3366, Douglas Street, Saanich, British Columbia",19:27,3e5bedd6-0b26-4fe1-8d93-408d88ea62f0,1.8,Going to hot zone,"McDonald's, 3465 Saanich Road, Saanich, BC, V8Z 3L0, 3465 Saanich Road, Saanich, British Columbia, V8Z 3L0",18:51
business,,2026-05-12,"McDonald's, 3465 Saanich Road, Saanich, BC, V8Z 3L0, 3465 Saanich Road, Saanich, British Columbia, V8Z 3L0",18:51,ebfc1e86-1fc2-49c1-b9ce-e237b64e4395,16.7,Going to hot zone,"Royal Oak Drive, Saanich, British Columbia",17:39
business,,2026-05-11,"Oakview Manor, 3420 Quadra Street, Saanich, BC, V8X 1G4, 3420 Quadra Street, Saanich, British Columbia, V8X 1G4",21:57,a2cb67c3-aa72-4b7a-a341-bdeb92aecaf0,4.5,Home,"100, Harbour Road, Victoria, British Columbia",21:44
business,uber,2026-05-11,"E&N Rail Trail - Humpback Connector, Victoria, British Columbia",21:41,6b749950-a593-4e96-ac89-8c60a3262cfd,2,Dropping off delivery,"Burdett Avenue, Victoria, British Columbia",21:35
business,uber,2026-05-11,"808, Douglas Street, Victoria, British Columbia",21:34,6eb0a777-b168-4921-8867-07adf9420188,0.7,Picking up food,"505, Quadra Street, Victoria, British Columbia",21:26
business,uber,2026-05-11,"505, Quadra Street, Victoria, British Columbia",21:25,b56ce1ea-58a1-4387-ba5e-df6fda1f44cf,5,Dropping off delivery,"2508, Estevan Avenue, Oak Bay, British Columbia",21:07
business,uber,2026-05-11,"2508, Estevan Avenue, Oak Bay, British Columbia",21:07,14e871cf-9364-4795-93b1-86f167d80324,2.4,Picking up food,"1915, Ernest Avenue, Saanich, British Columbia",21:00
business,uber,2026-05-11,"1915, Ernest Avenue, Saanich, British Columbia",21:00,c2b8e318-29cd-478a-8f2f-d141b1029efb,3.3,Dropping off delivery,"1060, Craigdarroch Road, Victoria, British Columbia",20:47
business,uber,2026-05-11,"1060, Craigdarroch Road, Victoria, British Columbia",20:47,c9cccdc3-c615-4afa-b89e-faf52195894a,1.3,Dropping off delivery,"1125, Douglas Street, Victoria, British Columbia",20:35
business,uber,2026-05-11,"1125, Douglas Street, Victoria, British Columbia",20:35,8b044e2f-a9de-468d-8c68-8279ebe01d02,0.1,Picking up food,"1012, Douglas Street, Victoria, British Columbia",20:33
business,,2026-05-11,"1012, Douglas Street, Victoria, British Columbia",20:33,2d4ca6f4-1e0c-459a-afe0-e4d96859acb8,3.1,Going to hot zone,"1945, Ashgrove Street, Victoria, British Columbia",20:21
business,uber,2026-05-11,"1936, Ashgrove Street, Victoria, British Columbia",20:19,7b91683e-61d3-4182-9ba2-d06c132e8b50,2.1,Dropping off delivery,"1700, Hillside Avenue, Victoria, British Columbia",20:12
business,uber,2026-05-11,"1700, Hillside Avenue, Victoria, British Columbia",20:11,55d67e88-2f81-4321-9e4a-5cb3d7ff2e99,1.7,Picking up food,"3493, Henderson Road, Oak Bay, British Columbia",20:07
business,uber,2026-05-11,"3493, Henderson Road, Oak Bay, British Columbia",20:05,1c14a3b6-05b2-46cd-be47-207588e5bade,2.6,Dropping off delivery,"3415, Browning Street, Saanich, British Columbia",19:57
business,uber,2026-05-11,"3415, Browning Street, Saanich, British Columbia",19:57,3209c4d7-dbc1-4f72-a7f0-0ffd16efa7f4,1.2,Dropping off delivery,"Shakespeare Street, Victoria, British Columbia",19:46
business,uber,2026-05-11,"Shakespeare Street, Victoria, British Columbia",19:45,97d577ad-23d2-45f1-a9d0-4da76c58afb0,5.5,Picking up food,"1701, Richmond Road, Saanich, British Columbia",19:32
business,uber,2026-05-11,"1701, Richmond Road, Saanich, British Columbia",19:31,f15c2081-987c-4697-b68f-39da734c38df,1.7,Dropping off delivery,"1836, Teakwood Road, Saanich, British Columbia",19:21
business,uber,2026-05-11,"1836, Teakwood Road, Saanich, British Columbia",19:19,3c45b785-2769-483b-9b72-61fbae339d0e,5.4,Dropping off delivery,"Blanshard Street, Saanich, British Columbia",19:07
business,uber,2026-05-11,"Lochside Regional Trail, Saanich, British Columbia",19:07,706bb20b-ba3e-463e-a5cd-ac2745b560c1,2.3,Picking up food,"Saanich Road, Saanich, British Columbia",19:02
business,,2026-05-11,"Oak Street, Saanich, British Columbia",19:02,596de8fe-3c4a-4e1f-a090-278d1f28d77c,11,Going to hot zone,"5241, Jersey Road, Saanich, British Columbia",18:45
business,skip,2026-05-11,"5241, Jersey Road, Saanich, British Columbia",18:44,a6954b94-a8cc-42d3-bedf-3e6c80dbc5aa,8.5,Dropping off delivery,"White Spot, Quadra Street, Saanich",18:31
business,skip,2026-05-11,"White Spot, Quadra Street, Saanich",18:31,8943a956-1a6e-4880-bbdb-ab3097e0ceac,2.9,Picking up food,"McDonald's, 3465 Saanich Road, Saanich, BC, V8Z 3L0, 3465 Saanich Road, Saanich, British Columbia, V8Z 3L0",18:28
business,,2026-05-11,"McDonald's, 3465 Saanich Road, Saanich, BC, V8Z 3L0, 3465 Saanich Road, Saanich, British Columbia, V8Z 3L0",18:27,a1e01d73-6298-4f16-88f6-5eb57d202b7a,10.3,Going to hot zone,"Royal Oak Drive, Saanich, British Columbia",17:26
personal,,2026-05-10,"3420, Quadra Street, Saanich, British Columbia",22:30,b1424d31-8a6b-4e6c-a4ae-da5b1ec1e95e,4.5,Home,"1215, Burnside Road West, Saanich, British Columbia",22:20
business,uber,2026-05-10,"1215, Burnside Road West, Saanich, British Columbia",22:20,f1beeb18-d00f-480f-b2db-14397edd565f,0.8,Dropping off delivery,"2898, Colquitz Avenue, Saanich, British Columbia",22:15
business,uber,2026-05-10,"2890, Colquitz Avenue, Saanich, British Columbia",22:15,8ef8029a-605e-4f61-9058-3727d3ff0b51,5.1,Dropping off delivery,"1125, Douglas Street, Victoria, British Columbia",21:52
business,uber,2026-05-10,"Fort Street, Victoria, British Columbia",21:52,265d2c4a-85b0-4892-8d87-89d7cc93eeac,2.9,Picking up food,"119, Croft Street, Victoria, British Columbia",21:41
business,uber,2026-05-10,"119, Croft Street, Victoria, British Columbia",21:41,183faa7c-eee0-4dc7-a898-c03de8327e69,1,Dropping off delivery,"955, Humboldt Street, Victoria, British Columbia",21:32
business,uber,2026-05-10,"955, Humboldt Street, Victoria, British Columbia",21:32,48af1d8f-ef82-4924-a1ca-bdb8afd6036a,2.8,Dropping off delivery,"Red Robin, 800 Tolmie Avenue, Saanich",21:21
business,uber,2026-05-10,"Red Robin, 800 Tolmie Avenue, Saanich",21:21,a5639fb4-2f22-4795-8652-2487b3b7061c,0.4,Picking up food,"3215, Alder Street, Saanich, British Columbia",21:15
business,uber,2026-05-10,"3215, Alder Street, Saanich, British Columbia",21:15,8994eee0-57a4-4419-8d5a-2b7a58eab28b,0.5,Dropping off delivery,"3388, Douglas Street, Saanich, British Columbia",21:05
business,uber,2026-05-10,"3388, Douglas Street, Saanich, British Columbia",21:05,1e1c26a1-8bb8-49f6-867f-53803027412d,0.6,Picking up food,"3811, Rowland Avenue, Saanich, British Columbia",20:58
business,uber,2026-05-10,"3811, Rowland Avenue, Saanich, British Columbia",20:58,d4f7b3a9-178f-4486-85c7-18e54d2c1907,1,Dropping off delivery,"Maple Street, Saanich, British Columbia",20:50
business,uber,2026-05-10,"3271, Maple Street, Saanich, British Columbia",20:49,9a4796fe-fbc9-40d9-ad07-50536d203842,1.1,Picking up food,"3220, Quadra Street, Saanich, British Columbia",20:43
business,skip,2026-05-10,"3220, Quadra Street, Saanich, British Columbia",20:41,2ce5b1ac-c98a-4699-b8d1-534277ad589d,1.7,Dropping off delivery,"Gorge Road East, Victoria, British Columbia",20:35
business,uber,2026-05-10,"Gorge Road East, Victoria, British Columbia",20:35,df2c00d4-a049-4507-b4a2-c453eb6855a1,0.8,Picking up food,"1125, Hillside Avenue, Victoria, British Columbia",20:27
business,skip,2026-05-10,"1125, Hillside Avenue, Victoria, British Columbia",20:25,f05f4901-337e-4393-ba27-0b98b1284fef,2.6,Dropping off delivery,"Douglas Street, Victoria, British Columbia",20:11
business,uber,2026-05-10,"Douglas Street, Victoria, British Columbia",20:10,5ee37e91-461f-45b8-b91f-a1914c9c1965,4.6,Picking up food,"Craigflower Road, Esquimalt, British Columbia",19:59
business,,2026-05-10,"Craigflower Road, Esquimalt, British Columbia",19:53,089fc16a-0667-4422-9af3-3abbf9955b78,2.3,Going to hot zone,"635, Admirals Road, Esquimalt, British Columbia",19:47
business,uber,2026-05-10,"635, Admirals Road, Esquimalt, British Columbia",19:46,b125a103-e2e8-4b08-a3cc-6a8cd42fb8f6,2.3,Dropping off delivery,"Victoria View Road, Esquimalt, British Columbia",19:41
business,uber,2026-05-10,"Victoria View Road, Esquimalt, British Columbia",19:41,7ad92a2b-0755-4944-bc4b-15b81bedaa05,2.8,Dropping off delivery,"309, Mary Street, Victoria, British Columbia",19:34
business,uber,2026-05-10,"309, Mary Street, Victoria, British Columbia",19:32,17f8042e-448a-44bf-a8b5-71f0693cf8b6,2.6,Dropping off delivery,"Sun Wah, 1515 Cook Street, Victoria",19:22
business,uber,2026-05-10,"Sun Wah, 1515 Cook Street, Victoria",19:21,404b2fa3-5195-458c-8f13-7531a810c59a,0.5,Picking up food,"1117, Grant Street, Victoria, British Columbia",19:19
business,uber,2026-05-10,"Grant Street, Victoria, British Columbia",19:17,4d6bd5c8-43fd-4bbd-92f5-f86cab249749,3,Picking up food,"Thunderbird, 253 Cook Street, Victoria",19:06
business,uber,2026-05-10,"Thunderbird, 253 Cook Street, Victoria",19:06,b6944f31-652e-47a2-b6fc-77cd82968b00,2.3,Picking up food,"545, Rithet Street, Victoria, British Columbia",18:59
business,uber,2026-05-10,"545, Rithet Street, Victoria, British Columbia",18:59,034be27b-7526-4a6a-82c3-ec29591e3b11,3.3,Dropping off delivery,"1420, Quadra Street, Victoria, British Columbia",18:50
business,uber,2026-05-10,"1420, Quadra Street, Victoria, British Columbia",18:49,fecbc43c-4781-4ff1-9c87-eaa2fe4bd840,2.2,Picking up food,"1039, View Street, Victoria, British Columbia",18:41
business,uber,2026-05-10,"1039, View Street, Victoria, British Columbia",18:40,0c489ba6-ae98-4c23-9672-efaeef826c1e,1.5,Dropping off delivery,"920, Gordon Street, Victoria, British Columbia",18:31
business,uber,2026-05-10,"920, Gordon Street, Victoria, British Columbia",18:31,5f5993cb-467b-4b2c-b132-a8011fa19ded,2,Picking up food,"Rebecca Street, Victoria, British Columbia",18:16
business,uber,2026-05-10,"Pandora Avenue, Victoria, British Columbia",18:16,9fd1eba4-437c-4273-a433-056cf6bf6dfd,3.7,Dropping off delivery,"126, Douglas Street, Victoria, British Columbia",18:01
business,uber,2026-05-10,"126, Douglas Street, Victoria, British Columbia",18:01,3bc8e574-e105-4344-9ed2-9d85711923db,2.2,Picking up food,"146, Kingston Street, Victoria, British Columbia",17:51
business,uber,2026-05-10,"131, Kingston Street, Victoria, British Columbia",17:51,26be4592-dc6a-429c-b5ef-eec7deb135ae,2.3,Dropping off delivery,"510, Fort Street, Victoria, British Columbia",17:42
business,uber,2026-05-10,"Fort Street, Victoria, British Columbia",17:41,6cd82261-7fea-422c-9b8b-940eab099e16,6.3,Dropping off delivery,"100, Aldersmith Place, View Royal, British Columbia",17:23
business,uber,2026-05-10,"100, Aldersmith Place, View Royal, British Columbia",17:23,01fd03e2-f24e-4cc0-985b-5d82c0c48357,0.3,Picking up food,"Admirals Road, View Royal, British Columbia",17:20
business,uber,2026-05-10,"Admirals Road, View Royal, British Columbia",17:19,7a45ed58-0f40-48ed-90d0-eb324268845a,11.3,Picking up food,"2331, Francis View Drive, View Royal, British Columbia",17:08
business,uber,2026-05-10,"2331, Francis View Drive, View Royal, British Columbia",17:07,9c11e1a4-8bc7-4a5f-a9f5-fd153f4c111c,9.5,Dropping off delivery,"3095, Admirals Road, Saanich, British Columbia",16:59
business,uber,2026-05-10,"3095, Admirals Road, Saanich, British Columbia",16:58,2a32dbe3-116e-4f02-9018-3cd6ef52bd6f,9.7,Dropping off delivery,"306, Burnside Road West, Saanich, British Columbia",16:51
business,uber,2026-05-10,"306, Burnside Road West, Saanich, British Columbia",16:50,251cfba4-e6eb-4fa5-bbf5-1e6327cf7c36,1.2,Picking up food,"85, Regina Avenue, Saanich, British Columbia",16:45
business,uber,2026-05-10,"85, Regina Avenue, Saanich, British Columbia",16:45,0dae4fc4-4c6e-429d-82be-8367aaf8d715,4.3,Dropping off delivery,"914, Queens Avenue, Victoria, British Columbia",16:23
business,uber,2026-05-10,"914, Queens Avenue, Victoria, British Columbia",16:23,760a4720-64fb-49f9-bc60-cc0a79888bfc,4.7,Picking up food,"425, Simcoe Street, Victoria, British Columbia",15:53
business,uber,2026-05-10,"180, Croft Street, Victoria, British Columbia",15:51,a27aa921-b129-41f3-a8d0-3e593eff0663,2.7,Dropping off delivery,"360, Douglas Street, Victoria, British Columbia",15:42
business,uber,2026-05-10,"360, Douglas Street, Victoria, British Columbia",15:41,90dacf1a-f7df-4fb4-b845-0bd94251abe2,0.4,Dropping off delivery,"658 View Street, Victoria, BC, V8W 2E0, Victoria, British Columbia, V8W 2E0",15:40
business,uber,2026-05-10,"658, View Street, Victoria, British Columbia",15:29,a0568023-680e-4bdc-89cc-a9869296c11b,3.8,Picking up food,"602, Broughton Street, Victoria, British Columbia",15:17
business,uber,2026-05-10,"602, Broughton Street, Victoria, British Columbia",15:16,5ce2c372-55a8-48ae-9568-9c94b5d10138,3,Picking up food,"541, West Bay Terrace, Esquimalt, British Columbia",15:07
business,uber,2026-05-10,"541, West Bay Terrace, Esquimalt, British Columbia",15:07,873478b1-7f47-47f0-a70b-1005443d5513,4.6,Dropping off delivery,"400, Boleskine Road, Saanich, British Columbia",14:53
business,uber,2026-05-10,"Harriet Road, Saanich, British Columbia",14:53,8b8aa26c-7b23-42d0-b0b7-95ba75979c2f,1.8,Picking up food,"Saanich Road, Saanich, British Columbia",14:14
business,,2026-05-10,"Saanich Road, Saanich, British Columbia",14:14,27d0b85b-6a33-4a62-af2a-a5667de6592d,16.2,Going to hot zone,"4171, Douglas Street, Saanich, British Columbia",14:07
business,uber,2026-05-10,"4171, Douglas Street, Saanich, British Columbia",14:06,ccaa7ee6-8ed2-4536-b2c6-42f86a60f54e,4.9,Dropping off delivery,"Tillicum Road, Saanich, British Columbia",13:51
business,uber,2026-05-10,"Tillicum Road, Saanich, British Columbia",13:51,67a7e991-7b3a-4e3d-8e66-8ccdc8ff52cd,0.6,Picking up food,"Colquitz River Trail, Saanich, British Columbia",13:40
business,,2026-05-10,"Colquitz River Trail, Saanich, British Columbia",13:06,15906654-ab2f-4398-9601-2777714dfd83,3.4,Going to hot zone,"Oak Street, Saanich, British Columbia",12:43
business,,2026-05-10,"Oak Street, Saanich, British Columbia",12:42,d995c92d-6aad-413e-ab8e-f4772d58f486,2.7,Going to hot zone,"991, Cloverdale Avenue, Saanich, British Columbia",12:32
business,uber,2026-05-09,"3255, Cook Street, Saanich, British Columbia",23:33,49c330d6-687c-4613-8941-ad6a4bb48ec2,2.7,Dropping off delivery,"1636, Cedar Hill Cross Road, Saanich, British Columbia",23:24
business,uber,2026-05-09,"Cedar Hill Cross Road, Saanich, British Columbia",23:23,d93199bc-d8dc-4610-bff0-6c812cd48e0b,4,Picking up food,"2151, Haultain Street, Oak Bay, British Columbia",23:15
business,uber,2026-05-09,"2151, Haultain Street, Oak Bay, British Columbia",23:15,34e023e5-c4c6-433a-a042-0e7c42f47c4a,2.4,Dropping off delivery,"Mason Street, Victoria, British Columbia",23:05
business,uber,2026-05-09,"Mason Street, Victoria, British Columbia",23:05,3e4f65cc-31a2-4f44-bdc8-54d59fa2271f,0.7,Picking up food,"1585, Oak Bay Avenue, Victoria, British Columbia",22:55
business,uber,2026-05-09,"1585, Oak Bay Avenue, Victoria, British Columbia",22:53,e2b4d7ec-075f-4fc9-add4-eff10c5e6729,1.9,Dropping off delivery,"1627, Hillside Avenue, Victoria, British Columbia",22:44
business,uber,2026-05-09,"1605, Hillside Avenue, Victoria, British Columbia",22:44,ce6821e9-d7b7-43de-abfa-7f8d89e34fa5,0.8,Picking up food,"3327, Richmond Road, Saanich, British Columbia",22:40
business,uber,2026-05-09,"3327, Richmond Road, Saanich, British Columbia",22:40,1907c78e-32db-4328-b91c-9e0269826075,0.7,Dropping off delivery,"1700, Hillside Avenue, Victoria, British Columbia",22:37
business,uber,2026-05-09,"1700, Hillside Avenue, Victoria, British Columbia",22:36,fc79df77-12ee-4cd8-b4bb-97168574cba4,0.3,Picking up food,"1519, Hillside Avenue, Victoria, British Columbia",22:32
business,uber,2026-05-09,"1519, Hillside Avenue, Victoria, British Columbia",22:32,ff764c70-b2b7-442a-ac99-922af150b2a1,0.9,Dropping off delivery,"Sarpino's Pizzeria, 3009 Gosworth Road, Victoria",22:23
business,uber,2026-05-09,"Sarpino's Pizzeria, 3009 Gosworth Road, Victoria",22:23,036c5f35-9485-4ad0-980b-7bd0194e180b,0.4,Picking up food,"2910, Hipwood Lane, Victoria, British Columbia",22:15
business,uber,2026-05-09,"2910, Hipwood Lane, Victoria, British Columbia",22:15,2c721832-fdeb-4f78-882a-7d30a9881945,0.9,Dropping off delivery,"1700, Hillside Avenue, Victoria, British Columbia",22:10
business,uber,2026-05-09,"1700, Hillside Avenue, Victoria, British Columbia",22:09,82b8f671-ae6e-4d32-a15c-e7fd9bbd8b4c,0,Picking up food,"1700, Hillside Avenue, Victoria, British Columbia",22:09
business,uber,2026-05-09,"1700, Hillside Avenue, Victoria, British Columbia",22:09,c7416878-8d18-494d-bef3-e568642aef47,1.4,Picking up food,"1750, Cedar Hill Cross Road, Saanich, British Columbia",22:03
business,uber,2026-05-09,"1750, Cedar Hill Cross Road, Saanich, British Columbia",22:02,4ae8b85f-4979-4607-abf3-ac42cbf55e8d,0.2,Dropping off delivery,"Stamboul Street, Saanich, British Columbia",21:58
business,uber,2026-05-09,"Stamboul Street, Saanich, British Columbia",21:58,f07139bc-d73c-443b-a04c-5ab302df7007,0.2,Picking up food,"Church Avenue, Saanich, British Columbia",21:55
business,,2026-05-09,"Church Avenue, Saanich, British Columbia",21:54,9dadc931-6fcb-45ad-a963-e700af6f9b9f,1.5,Going to hot zone,"1551, Cedar Hill Cross Road, Saanich, British Columbia",21:44
business,uber,2026-05-09,"1551, Cedar Hill Cross Road, Saanich, British Columbia",21:44,119e1d78-1d41-4f9e-a51d-ddb1e4550fe7,3,Picking up food,"1627, Barksdale Drive, Saanich, British Columbia",21:32
business,uber,2026-05-09,"1630, Barksdale Drive, Saanich, British Columbia",21:32,963fe2a2-afd9-4928-9130-7e565792a452,2.5,Dropping off delivery,"1712, Mortimer Street, Saanich, British Columbia",21:24
business,uber,2026-05-09,"1712, Mortimer Street, Saanich, British Columbia",21:23,a4dc6420-df0c-4387-b11c-f59fb9caaca6,0.8,Dropping off delivery,"1567, Cedar Hill Cross Road, Victoria, British Columbia",21:11
business,uber,2026-05-09,"1567, Cedar Hill Cross Road, Victoria, British Columbia",21:11,c09c1b72-6c4a-4edb-90d0-ca33ad4c4952,1.8,Picking up food,"3400, Richmond Road, Saanich, British Columbia",21:08
business,uber,2026-05-09,"3400, Richmond Road, Saanich, British Columbia",21:08,77f1c752-e8d5-4c8b-9251-2cb55102c663,2.7,Dropping off delivery,"1646, McKenzie Avenue, Saanich, British Columbia",20:55
business,uber,2026-05-09,"McKenzie Avenue, Saanich, British Columbia",20:54,681a6131-c3d5-47ee-9cfa-d9856db80a5b,1.1,Picking up food,"1826, Harvard Place, Saanich, British Columbia",20:47
business,uber,2026-05-09,"1826, Harvard Place, Saanich, British Columbia",20:47,92f63f7d-7644-48d5-a446-3687eb28490a,1,Dropping off delivery,"4071, Shelbourne Street, Saanich, British Columbia",20:42
business,uber,2026-05-09,"4071, Shelbourne Street, Saanich, British Columbia",20:42,582dec74-61ba-4d84-8fae-342e8d968b17,1,Picking up food,"1796, Hartwood Place, Saanich, British Columbia",20:37
business,uber,2026-05-09,"1796, Hartwood Place, Saanich, British Columbia",20:36,4c94735f-131a-4e9f-b0ec-a8004402499a,3.7,Dropping off delivery,"2647, Blackwood Street, Victoria, British Columbia",20:24
business,uber,2026-05-09,"2647, Blackwood Street, Victoria, British Columbia",20:23,d01fbcf3-b0cc-4f29-abf7-2a598c0286e8,2.2,Dropping off delivery,"800, Tolmie Avenue, Saanich, British Columbia",20:13
business,uber,2026-05-09,"Tolmie Avenue, Saanich, British Columbia",20:12,c2c65f93-0980-443e-936f-2c36c164d45b,0.6,Picking up food,"Saanich Road, Saanich, British Columbia",20:10
business,,2026-05-09,"Saanich Road, Saanich, British Columbia",20:09,88fe3b3b-2173-4cde-9dfd-ac72b9844f06,1.3,Going to hot zone,"801, Darwin Avenue, Saanich, British Columbia",20:00
business,uber,2026-05-09,"801, Darwin Avenue, Saanich, British Columbia",20:00,0d9b6b3e-3a85-44f0-933f-8fb105cca108,2.7,Dropping off delivery,"2670, Fifth Street, Victoria, British Columbia",19:49
business,skip,2026-05-09,"2670, Fifth Street, Victoria, British Columbia",19:49,f0e19dbd-db9b-4faf-8785-50cf5fe97edc,1.7,Picking up food,"Grant Street, Victoria, British Columbia",19:40
business,uber,2026-05-09,"1725, Cook Street, Victoria, British Columbia",19:39,ff38b3f0-9482-4695-82c7-58db161e4168,1.5,Picking up food,"1257, Basil Avenue, Victoria, British Columbia",19:36
business,skip,2026-05-09,"1257, Basil Avenue, Victoria, British Columbia",19:32,ab348ca9-6a1a-46eb-a161-ec8ad65b3814,1.3,Dropping off delivery,"3009, Gosworth Road, Victoria, British Columbia",19:26
business,skip,2026-05-09,"3041, Cedar Hill Road, Victoria, British Columbia",19:26,e508b518-da67-498d-9410-bc37ebbb8eaf,0.6,Picking up food,"2710, Grosvenor Road, Victoria, British Columbia",19:23
business,skip,2026-05-09,"2715, Grosvenor Road, Victoria, British Columbia",19:20,13816923-bcc1-49e0-b08b-1e592d3abd36,5.4,Dropping off delivery,"4440, West Saanich Road, Saanich, British Columbia",19:06
business,skip,2026-05-09,"Patricia Bay Highway, Saanich, British Columbia",19:06,3f2c7c44-9b9d-45a6-8f4a-eb9cfb39860f,1.6,Picking up food,"1012, Southover Lane, Saanich, British Columbia",18:57
business,uber,2026-05-09,"1011, Southover Lane, Saanich, British Columbia",18:53,416e55f1-b775-4b66-a3f9-ef56dc48ab65,0.7,Dropping off delivery,"899, Kentwood Lane, Saanich, British Columbia",18:50
business,uber,2026-05-09,"899, Kentwood Lane, Saanich, British Columbia",18:49,a7d6a415-2f97-4dba-bd2d-e69dc93d0803,6.9,Dropping off delivery,"West Saanich Road, Saanich, British Columbia",18:41
business,uber,2026-05-09,"Royal Oak Trail, Saanich, British Columbia",18:41,cbe88a83-b6c6-48dc-93a5-4c799b6b547a,0.1,Picking up food,"Patricia Bay Highway, Saanich, British Columbia",18:38
business,doordash,2026-05-09,"Greenlea Drive, Saanich, British Columbia",18:38,be49d70a-0c3b-4f88-b630-822f5faf1f77,6.9,Picking up food,"4390, Emily Carr Drive, Saanich, British Columbia",18:32
business,uber,2026-05-09,"4392, Emily Carr Drive, Saanich, British Columbia",18:30,fc3ad5a7-e345-4681-8d5d-77bb52740785,1.7,Dropping off delivery,"Chatterton Way, Saanich, British Columbia",18:23
business,uber,2026-05-09,"Chatterton Way, Saanich, British Columbia",18:22,f4048179-6132-4dcb-a9ed-1ede54914f9c,0.6,Picking up food,"915, Falaise Crescent, Saanich, British Columbia",18:18
business,uber,2026-05-09,"915, Falaise Crescent, Saanich, British Columbia",18:17,1660f8af-2be3-40ae-a8b8-c3dfb1cb5b94,0.7,Dropping off delivery,"Chatterton Way, Saanich, British Columbia",18:12
business,uber,2026-05-09,"Chatterton Way, Saanich, British Columbia",18:11,820746e2-beba-4a86-8b90-dbd52d555367,6.9,Picking up food,"4487, Wilkinson Road, Saanich, British Columbia",18:04
business,uber,2026-05-09,"4487, Wilkinson Road, Saanich, British Columbia",18:04,5e29dcc6-9993-463b-acc8-12a25272a007,5.2,Dropping off delivery,"3500, Uptown Boulevard, Saanich, British Columbia",17:51
business,skip,2026-05-08,1086 Roy Rd Victoria BC V8z1X2,22:12,94fc4e06-d675-4859-a1ae-653bb01b7221,5,Dropping off delivery,"Brown's Social House, Uptown Boulevard, Saanich",21:47
business,skip,2026-05-08,"Brown's Social House, Uptown Boulevard, Saanich",21:46,d34c4610-8f0c-4000-87d5-82e701a51139,0.6,Picking up food,"3496 Savannah Avenue, Saanich, BC, V8X 1S6, Saanich, British Columbia, V8X 1S6",21:43
business,uber,2026-05-08,"3496, Savannah Avenue, Saanich, British Columbia",21:31,1aff8e13-9e6e-49d5-86f5-1387f8cb902b,1.1,Dropping off delivery,"3145, Quadra Street, Victoria, British Columbia",21:27
business,uber,2026-05-08,"3140, Quadra Street, Victoria, British Columbia",21:26,9baeb443-20fc-49cd-9672-3ab6823a1d6b,0.5,Dropping off delivery,"3206, Alder Street, Saanich, British Columbia",21:17
business,uber,2026-05-08,"3206, Alder Street, Saanich, British Columbia",21:17,c385b4b6-6319-4558-bd5e-ffd1ffc5d065,0.3,Dropping off delivery,"Douglas Street, Saanich, British Columbia",21:09
business,uber,2026-05-08,"Douglas Street, Saanich, British Columbia",21:09,72b9fa61-405e-4889-9537-6fac919153ad,2,Picking up food,"Trans-Canada Highway, Saanich, British Columbia",21:05
business,uber,2026-05-08,"Trans-Canada Highway, Saanich, British Columbia",21:05,332f7598-95a9-4e26-9e25-d8a5d3619bd7,1.3,Dropping off delivery,"Douglas Street, Saanich, British Columbia",20:52
business,uber,2026-05-08,"Uptown Boulevard, Saanich, British Columbia",20:52,45031f55-7d27-431f-b50c-680f7d28ab90,1,Picking up food,"Oak Street, Saanich, British Columbia",20:50
business,,2026-05-08,"Saanich Road, Saanich, British Columbia",20:50,492cf881-fb76-4f99-abe7-17d2ad657448,0.9,Going to hot zone,"4035, Rainbow Street, Saanich, British Columbia",20:13
business,uber,2026-05-08,"4033, Rainbow Street, Saanich, British Columbia",20:12,61ef5993-c0f4-4f9b-a083-4522df1f6385,1.6,Dropping off delivery,"588, Whiteside Street, Saanich, British Columbia",20:05
business,uber,2026-05-08,"587, Whiteside Street, Saanich, British Columbia",20:05,142493cc-b55b-4be9-9a24-a6774f480669,4.4,Dropping off delivery,"Wilson Street, Victoria, British Columbia",19:50
business,uber,2026-05-08,"Tyee Road, Victoria, British Columbia",19:50,26a2187c-39d8-43c8-8e66-93017be90005,0.1,Picking up food,"Pita Land, #110, 182 Wilson Street, Victoria",19:44
business,uber,2026-05-08,"Pita Land, #110, 182 Wilson Street, Victoria",19:44,0b253948-dd97-4f36-84a9-727fc4ca9f34,5.3,Picking up food,"3223, Irma Street, Saanich, British Columbia",19:28
business,uber,2026-05-08,"3223, Irma Street, Saanich, British Columbia",19:28,5810f287-cc3a-4346-aa14-6758ae47568f,6.4,Dropping off delivery,"2000, Cadboro Bay Road, Oak Bay, British Columbia",18:58
business,uber,2026-05-08,"Cadboro Bay Road, Oak Bay, British Columbia",18:58,53494dcc-446e-4f31-93d1-4030b2944c33,2.1,Picking up food,"1230, Transit Road, Oak Bay, British Columbia",18:51
business,uber,2026-05-08,"1197, Transit Road, Oak Bay, British Columbia",18:49,fb9776bd-84a9-45d0-9f52-418d93ce5b68,2.9,Dropping off delivery,"1594, Fairfield Road, Victoria, British Columbia",18:39
business,uber,2026-05-08,"Fairfield Road, Victoria, British Columbia",18:39,64b5eba2-e955-4f1a-adaf-633bad5a5093,1.2,Picking up food,"140, Bushby Street, Victoria, British Columbia",18:31
business,uber,2026-05-08,"106, Eberts Street, Victoria, British Columbia",18:31,0aad3b40-1edd-4883-b418-5ee37cca9777,2.9,Dropping off delivery,"1547, Foul Bay Road, Oak Bay, British Columbia",18:21
business,uber,2026-05-08,"1547, Foul Bay Road, Oak Bay, British Columbia",18:21,28c0c1f4-dcc7-43cf-8080-1bc0e4c54122,1.9,Picking up food,"849, Oak Shade Lane, Victoria, British Columbia",18:16
business,uber,2026-05-08,"849, Oak Shade Lane, Victoria, British Columbia",18:15,fd1d7744-abbc-484d-9d3d-c95f9828e4b8,4.1,Dropping off delivery,"636, Johnson Street, Victoria, British Columbia",17:58
business,uber,2026-05-08,"640, Johnson Street, Victoria, British Columbia",17:58,22e65b79-b767-4ec0-b45c-8b209837959f,1.7,Picking up food,"1750, Government Street, Victoria, British Columbia",17:52
business,uber,2026-05-08,"546, Herald Street, Victoria, British Columbia",17:51,31216b57-7ac3-4925-96a1-f226b7c494be,1.7,Picking up food,"2980, Jutland Road, Victoria, British Columbia",17:45
business,uber,2026-05-08,"2980, Jutland Road, Victoria, British Columbia",17:44,ea47b1dc-df63-433c-a7aa-bd6c87f5db74,1.9,Dropping off delivery,"Douglas Street, Saanich, British Columbia",17:34
business,uber,2026-05-08,"3201, Douglas Street, Saanich, British Columbia",17:34,a56cf661-01b5-4c4f-b74b-25a01b1c2d1b,0.8,Picking up food,"Saanich Road, Saanich, British Columbia",17:31
business,,2026-05-08,"Oak Street, Saanich, British Columbia",17:30,1a43a43b-b2d9-43be-a500-84f0ce19e1c0,11.3,Going to hot zone,"Royal Oak Drive, Saanich, British Columbia",17:14
business,uber,2026-05-07,"1752 Cedar Hill Cross Road, Saanich, BC, V8P 2P7, Saanich, British Columbia, V8P 2P7",22:01,69deedff-c5bc-4350-a0d4-f2e75bb9b8d2,4.5,Dropping off delivery,"821, Tulip Avenue, Saanich, British Columbia",21:32
business,uber,2026-05-07,"821, Tulip Avenue, Saanich, British Columbia",21:32,78c72897-e3ae-42a4-b534-afcfeabe39f1,3.7,Dropping off delivery,"Blanshard Street, Saanich, British Columbia",21:22
business,uber,2026-05-07,"Blanshard Street, Saanich, British Columbia",21:22,030b5302-1ac4-4231-8230-f40dd3cab592,1.9,Picking up food,"821, Queens Avenue, Victoria, British Columbia",21:12
business,uber,2026-05-07,"810, Queens Avenue, Victoria, British Columbia",21:11,f0e0b21e-92fe-45e7-b908-5dc5fdb236c9,6.4,Dropping off delivery,"Admirals Road, View Royal, British Columbia",20:52
business,uber,2026-05-07,"1517, Admirals Road, View Royal, British Columbia",20:52,9d48940a-02e2-4c77-9175-3d9c3c5c3898,0.8,Picking up food,"Subway, Aldersmith Place, View Royal",20:39
business,uber,2026-05-07,"Subway, Aldersmith Place, View Royal",20:39,0d8844be-2168-4fef-80a7-096c410f0c86,3,Picking up food,"766, Matheson Place, Esquimalt, British Columbia",20:33
business,uber,2026-05-07,"770, Matheson Place, Esquimalt, British Columbia",20:32,9b8f2d3a-8ed6-44c4-b710-e35f6c343484,0,Dropping off delivery,"766, Matheson Place, Esquimalt, British Columbia",20:32
business,uber,2026-05-07,"766, Matheson Place, Esquimalt, British Columbia",20:31,f4c8ee1c-893f-404c-aa78-320b62e2e238,0.7,Dropping off delivery,"910, Shearwater Street, Esquimalt, British Columbia",20:27
business,uber,2026-05-07,"909, Shearwater Street, Esquimalt, British Columbia",20:25,ab6820c7-d503-41b4-9ef1-ea63b703fdd2,2.8,Dropping off delivery,"1125, Douglas Street, Victoria, British Columbia",20:08
business,uber,2026-05-07,"1125, Douglas Street, Victoria, British Columbia",20:08,2b01f312-28ab-41cd-b947-1db49f5a31a5,0.2,Picking up food,"Millie's Lane, Victoria, British Columbia",20:02
business,uber,2026-05-07,"780, Yates Street, Victoria, British Columbia",20:02,350c143a-e07a-40d2-b668-3aa25a28325b,3.9,Dropping off delivery,"306, Burnside Road West, Saanich, British Columbia",19:51
business,uber,2026-05-07,"306, Burnside Road West, Saanich, British Columbia",19:51,986dae0b-345e-47c0-9590-bf752e25bcf7,2.4,Picking up food,"885, Craigflower Road, Esquimalt, British Columbia",19:37
business,uber,2026-05-07,"885, Craigflower Road, Esquimalt, British Columbia",19:37,a20b1a5b-6f29-411f-93ab-b5089370a5c6,0.3,Dropping off delivery,"860, Carrie Street, Esquimalt, British Columbia",19:33
business,uber,2026-05-07,"860, Carrie Street, Esquimalt, British Columbia",19:32,b744b4be-2072-470b-9c59-d4df6dde40b2,3.8,Dropping off delivery,"2657, Fifth Street, Victoria, British Columbia",19:19
business,uber,2026-05-07,"2657, Fifth Street, Victoria, British Columbia",19:19,a8aec4a9-b4f3-4a94-a94a-befb33b2546a,0.9,Dropping off delivery,"2709, Quadra Street, Victoria, British Columbia",19:09
business,uber,2026-05-07,"2736, Quadra Street, Victoria, British Columbia",19:09,5ed93785-dba0-480d-8787-f4e5b5a428ad,2.9,Picking up food,"3497 Saanich Road, Saanich, BC, V8Z 3L0, Saanich, British Columbia, V8Z 3L0",19:02
business,uber,2026-05-07,"3497, Saanich Road, Saanich, British Columbia",19:03,56ca90c2-65aa-4b31-a2b7-b3aaa3563868,3.5,Picking up food,"1052, Tillicum Road, Esquimalt, British Columbia",18:42
business,skip,2026-05-07,"1052, Tillicum Road, Esquimalt, British Columbia",18:41,55f68670-4a82-4195-ba4e-3de5b0eef140,5.2,Dropping off delivery,"Reynolds Road, Saanich, British Columbia",18:28
business,skip,2026-05-07,"3947, Quadra Street, Saanich, British Columbia",18:28,43ac9762-e2d1-441c-a1a3-24e520335613,1,Picking up food,"1038, Leslie Drive, Saanich, British Columbia",18:24
business,,2026-05-07,"3650, Elliston Avenue, Saanich, British Columbia",18:23,aaf42c73-c2e8-4074-8774-e0fd2e9314a8,17.5,Going to hot zone,"Patricia Bay Highway, Saanich, British Columbia",17:28
business,skip,2026-05-20,"48.44358, -123.39095",20:57,7be1ca92-b555-418f-87a9-5d2a67a2144e,1.7,Dropping off delivery,"48.44865, -123.36874",20:48
business,uber,2026-05-20,"48.44866, -123.36893",20:48,417e7725-0cb4-4d79-99f3-e48ba7a486a8,1,Picking up food,"612, Garbally Road, Victoria, British Columbia",20:44
business,uber,2026-05-20,"510, Gorge Road East, Victoria, British Columbia",20:43,0c9d6507-ae76-4e18-bb95-c008db734351,2.8,Dropping off delivery,"Menzies Street, Victoria, British Columbia",20:33
business,uber,2026-05-20,"365, Menzies Street, Victoria, British Columbia",20:32,15c8ca42-6ab9-4ddd-b3ae-5d25c750fe90,0.6,Picking up food,"655, Douglas Street, Victoria, British Columbia",20:26
business,uber,2026-05-20,"606, Douglas Street, Victoria, British Columbia",20:26,6be260fd-21ca-48ca-b53e-6b284b3a45b0,1,Dropping off delivery,"Fort Street, Victoria, British Columbia",20:21
business,uber,2026-05-20,"Fort Street, Victoria, British Columbia",20:20,d266efc3-6e43-4ab2-998b-0616ced4eb60,1.5,Picking up food,"48.41595, -123.35507",20:13
business,uber,2026-05-20,"1110, Oscar Street, Victoria, British Columbia",20:12,d3da14bf-f8a1-4f98-8cdd-e26cf99551f4,2.2,Dropping off delivery,"48.42381, -123.36294",20:06
business,uber,2026-05-20,"1012, Blanshard Street, Victoria, British Columbia",20:06,765ca211-33f1-434c-bc2a-d3d6a4903850,2.4,Picking up food,"1425, Grant Street, Victoria, British Columbia",19:57
business,skip,2026-05-20,"1425, Grant Street, Victoria, British Columbia",19:55,b40321a8-f52f-47ef-b06a-8b0be2247915,1.2,Dropping off delivery,"48.43027, -123.35285",19:51
business,skip,2026-05-20,"1839, Cook Street, Victoria, British Columbia",19:51,3dbe1635-9144-4b59-9768-5c857deaab1b,1.3,Picking up food,"48.43281, -123.34710",19:42
business,uber,2026-05-20,"48.43288, -123.34687",19:41,f8295204-21aa-418e-b8cd-0623a160367b,1.3,Dropping off delivery,"48.42932, -123.33492",19:34
business,uber,2026-05-20,"48.42914, -123.33475",19:34,ed9aa899-b8d6-4e3e-af44-018c98c2ba82,2.5,Dropping off delivery,"Fort Street, Victoria, British Columbia",19:24
business,uber,2026-05-20,"48.42503, -123.36906",19:24,a2346e71-f5a4-464c-9bdc-1ed61394bb24,0.6,Picking up food,"45, Songhees Road, Victoria, British Columbia",19:19
business,uber,2026-05-20,"E&N Rail Trail - Humpback Connector, Victoria, British Columbia",19:19,780af219-eea7-4ba2-9df8-e4d008441d83,0.8,Dropping off delivery,"645, Tyee Road, Victoria, British Columbia",19:08
business,uber,2026-05-20,"645, Tyee Road, Victoria, British Columbia",19:08,eeac6a3e-4f0b-4741-b7f0-6879274415d4,2.6,Picking up food,"48.42668, -123.35356",18:55
business,uber,2026-05-20,"1488, Cook Street, Victoria, British Columbia",18:54,4452188d-d08d-4845-bc70-8972d1544c22,2.2,Dropping off delivery,"852, Yates Street, Victoria, British Columbia",18:37
business,uber,2026-05-20,"48.42586, -123.36002",18:36,639a5691-824a-407c-8a23-e0dd4a8190ac,0.6,Dropping off delivery,"736, View Street, Victoria, British Columbia",18:31
business,uber,2026-05-20,"736, View Street, Victoria, British Columbia",18:31,d8bd11ce-1e04-4349-ac8b-f1e8299c91cc,0.2,Picking up food,"773, Fort Street, Victoria, British Columbia",18:28
business,uber,2026-05-20,"773, Fort Street, Victoria, British Columbia",18:26,2f6079f9-f62b-486f-9c17-eead1eccca13,2.8,Picking up food,"2852, Douglas Street, Victoria, British Columbia",18:13
business,uber,2026-05-20,"2852, Douglas Street, Victoria, British Columbia",18:13,3909cad1-1d5b-4245-94f4-67a9e3b24c7f,1.7,Picking up food,"McDonald's, 3465 Saanich Road, Saanich, BC, V8Z 3L0, 3465 Saanich Road, Saanich, British Columbia, V8Z 3L0",18:09
business,,2026-05-20,"McDonald's, 3465 Saanich Road, Saanich, BC, V8Z 3L0, 3465 Saanich Road, Saanich, British Columbia, V8Z 3L0",17:29,1840d209-0d3f-46c5-8802-befceb5e23bc,9.8,Going to hot zone,"Royal Oak Drive, Saanich, British Columbia",17:20
personal,,2026-05-15,"3420, Quadra Street, Saanich, British Columbia",22:09,9e96f42d-aa61-4ad3-820c-d73c5b5ddd65,5,Home,"819, MacLeod Avenue, Esquimalt, British Columbia",21:58
business,skip,2026-05-15,"819, MacLeod Avenue, Esquimalt, British Columbia",21:55,288c75fd-0875-4959-bf9e-4aaa29055619,4,Dropping off delivery,"3501, Ravine Way, Saanich, British Columbia",21:35
business,uber,2026-05-15,"Blanshard Street, Saanich, British Columbia",21:34,a5a2bd9a-2652-41a2-b2e0-fcc423b9f5b6,0.8,Picking up food,"3450, Saanich Road, Saanich, British Columbia",21:31
business,,2026-05-15,"3450, Saanich Road, Saanich, British Columbia",21:31,1d9605d6-95ee-40c9-a2e9-09beb402b217,5.3,Going to hot zone,"20, Erskine Lane, View Royal, British Columbia",21:15
business,uber,2026-05-15,"10, Erskine Lane, View Royal, British Columbia",21:12,169aa56a-69de-4522-bb7d-2e3492ac7375,4.6,Dropping off delivery,"Burnside Road West, Saanich, British Columbia",21:00
business,uber,2026-05-15,"Burnside Road West, Saanich, British Columbia",21:00,855a5a7d-7167-4fb6-a82a-b238c8158509,1.3,Picking up food,"Uptown Boulevard, Saanich, British Columbia",20:55
business,uber,2026-05-15,"Uptown Boulevard, Saanich, British Columbia",20:54,078493ce-83f6-483a-9cad-321c9c48c44b,0.1,Picking up food,"3375, Oak Street, Saanich, British Columbia",20:53
business,,2026-05-15,"3375, Oak Street, Saanich, British Columbia",20:52,741b46de-a1ee-4143-9558-4a084bb6d1a0,1.7,Going to hot zone,"2821, Irma Street, Victoria, British Columbia",20:40
business,uber,2026-05-15,"2821, Irma Street, Victoria, British Columbia",20:39,8bcaf118-cd7a-4f2b-84df-166a5b30e571,4.9,Dropping off delivery,"1672, Pear Street, Saanich, British Columbia",20:21
business,skip,2026-05-15,"1672, Pear Street, Saanich, British Columbia",20:19,329692b9-b90e-457c-aa9d-a8ec2446ab39,1.1,Picking up food,"Shelbourne Street, Saanich, British Columbia",20:18
business,,2026-05-15,"Shelbourne Street, Saanich, British Columbia",20:18,1ad46315-70f7-4e22-b83c-9ad32436ded5,2.9,Going to hot zone,"1602, Bay Street, Victoria, British Columbia",20:03
business,skip,2026-05-15,"1602, Bay Street, Victoria, British Columbia",20:03,67e50339-729c-4134-8aea-16582fd1c2b2,2.4,Dropping off delivery,"1639, Rowan Street, Saanich, British Columbia",19:58
business,uber,2026-05-15,"1639, Rowan Street, Saanich, British Columbia",19:57,00f5b720-6395-471f-beaa-a0616ae45d89,1.3,Dropping off delivery,"Garnet Road, Saanich, British Columbia",19:52
business,uber,2026-05-15,"Garnet Road, Saanich, British Columbia",19:50,140b55ad-54b3-4fd5-abf7-7377ac7a10fa,0.7,Picking up food,"1580, Cedar Hill Cross Road, Victoria, British Columbia",19:48
business,uber,2026-05-15,"3700, Shelbourne Street, Saanich, British Columbia",19:48,addd494e-c99b-45c4-9cf5-d33874afbf40,3.4,Picking up food,"3251, Linwood Avenue, Saanich, British Columbia",19:47
business,uber,2026-05-15,"Shelbourne Street, Saanich, British Columbia",19:45,ed0bb5f7-d0eb-42c3-a1f2-8f1db39cd8d5,2,Picking up food,"1288, Fairlane Terrace, Saanich, British Columbia",19:39
business,uber,2026-05-15,"1280, Fairlane Terrace, Saanich, British Columbia",19:36,d2e215b7-677e-47bf-b2a2-48bbf4eed1bb,4.1,Dropping off delivery,"2852, Douglas Street, Victoria, British Columbia",19:25
business,uber,2026-05-15,"Gorge Road East, Victoria, British Columbia",19:25,31768bfb-4295-4727-954f-ce74b338672e,4.9,Picking up food,"2580, Avebury Avenue, Victoria, British Columbia",19:14
business,uber,2026-05-15,"2580, Avebury Avenue, Victoria, British Columbia",19:13,869da854-21fa-4349-9c7a-bcc6a281d752,2.4,Dropping off delivery,"Cook Street, Victoria, British Columbia",19:08
business,uber,2026-05-15,"Cook Street, Victoria, British Columbia",19:06,709832f7-baf2-4b12-8b12-719a73cffd6c,2.9,Dropping off delivery,"1600, Government Street, Victoria, British Columbia",18:49
business,uber,2026-05-15,"3, Centennial Square, Victoria, British Columbia",18:49,1472a0c9-a7e7-41fc-9058-c3a0ef0ddf27,0.3,Picking up food,"569, Johnson Street, Victoria, British Columbia",18:44
business,uber,2026-05-15,"569, Johnson Street, Victoria, British Columbia",18:44,f4c38709-916d-4284-af0f-e00cde9543fb,2.5,Picking up food,"536, Head Street, Esquimalt, British Columbia",18:36
business,uber,2026-05-15,"Victoria View Road, Esquimalt, British Columbia",18:33,46758af7-7da0-4865-a928-fda78df308ea,1.6,Dropping off delivery,"48.43209, -123.39857",18:25
business,uber,2026-05-15,"852, Esquimalt Road, Victoria, British Columbia",18:24,468df3bf-a60b-489a-9b58-b10afe1b9686,4.2,Dropping off delivery,"Tolmie Avenue, Saanich, British Columbia",18:05
business,uber,2026-05-15,"Tolmie Avenue, Saanich, British Columbia",18:04,8cef6cdf-8acf-4a99-944c-f1977df013cb,6.3,Picking up food,"Chatterton Way, Saanich, British Columbia",17:21
personal,,2026-05-14,"48.45409, -123.36098",22:12,105ed59a-b737-4168-a30c-31f452be15c2,5.9,Home,"2724, Cadboro Bay Road, Oak Bay, British Columbia",22:00
business,uber,2026-05-14,"48.44067, -123.31260",21:58,12d92cfc-fcf0-4a99-b6b7-135608a6cba3,6.1,Dropping off delivery | L,"48.43908, -123.36763",21:44
business,uber,2026-05-14,"2852, Douglas Street, Victoria, British Columbia",21:44,f06401ed-b1f9-436f-bc11-12c3da7bcf72,4.2,Picking up food,"3905, Carey Road, Saanich, British Columbia",21:36
business,uber,2026-05-14,"Carey Road, Saanich, British Columbia",21:36,e9b72b22-4c33-46cd-8bbf-8153e708b316,6.2,Dropping off delivery,"48.45811, -123.43615",21:23
business,uber,2026-05-14,"48.45732, -123.43809",21:22,4057be3f-bd80-45b2-bf63-92123d4ae97c,7.2,Dropping off delivery,"3561, Blanshard Street, Saanich, British Columbia",20:34
business,uber,2026-05-14,"Uptown Boulevard, Saanich, British Columbia",20:33,0a728fef-273f-4a20-aa33-1b53be194261,9.2,Picking up food,"4082, Orion Place, Saanich, British Columbia",20:07
business,skip,2026-05-14,"4082, Orion Place, Saanich, British Columbia",20:05,a77ec411-2642-49e2-939d-9fa7654a9f54,3.7,Dropping off delivery,"Church Avenue, Saanich, British Columbia",19:59
business,,2026-05-14,"3560, Cedar Hill Road, Saanich, British Columbia",19:48,1805716f-3199-4749-ad43-6aca6d9803da,2.5,,"Shelbourne Street, Saanich, British Columbia",19:53
business,skip,2026-05-14,"Church Avenue, Saanich, British Columbia",19:57,80f41a69-635e-483e-8017-9b6a83215eec,1.5,Picking up food,"Shelbourne Street, Saanich, British Columbia",19:53
business,,2026-05-14,"3560 Cedar Hill Road, Saanich, BC, V8P 5T7, Saanich, British Columbia, V8P 5T7",19:53,585e81fa-a8e6-4489-b37e-3f79a8c17021,0.8,Going to hot zone,"3560, Cedar Hill Road, Saanich, British Columbia",19:48
business,skip,2026-05-14,"3560, Cedar Hill Road, Saanich, British Columbia",19:48,a78892e5-8e06-4b2a-80c9-f320ecf76c22,0,Dropping off delivery,"3560, Cedar Hill Road, Saanich, British Columbia",19:48
business,skip,2026-05-14,"3560, Cedar Hill Road, Saanich, British Columbia",19:46,cee587db-811e-4c6d-a24a-06fa1ea6c6b3,2,Dropping off delivery,"3950, Cedarwood Street, Saanich, British Columbia",19:40
business,skip,2026-05-14,"3950, Cedarwood Street, Saanich, British Columbia",19:36,a9bc4a4d-f084-4252-8733-7c970f102123,6.1,Dropping off delivery,"Quadra Street, Victoria, British Columbia",19:25
business,skip,2026-05-14,"Quadra Street, Victoria, British Columbia",19:23,b144c075-a054-41c5-b495-7990aa53dca0,3.2,Picking up food,"2852, Douglas Street, Victoria, British Columbia",19:09
business,skip,2026-05-14,"2852, Douglas Street, Victoria, British Columbia",19:08,be3183b0-558a-46a3-a46d-12e2c5594a28,2.5,Picking up food,"48.45423, -123.36092",19:03
personal,,2026-05-27,"3420, Quadra Street, Saanich, British Columbia",21:46,62dc69a0-3ec8-4f52-a00d-8231930d534f,2.5,Going to hot zone,"1414, Hillside Avenue, Victoria, British Columbia",21:37
business,uber,2026-05-27,"1414, Hillside Avenue, Victoria, British Columbia",21:36,06e4dcfa-61ee-4b4f-99d3-4bc683175653,2.2,Dropping off delivery,"1960, Woodley Road, Saanich, British Columbia",21:29
business,uber,2026-05-27,"1961, Woodley Road, Saanich, British Columbia",21:28,ad96b31c-6d4f-4e76-a24c-aaf2d8ab8461,1.5,Dropping off delivery,"Stamboul Street, Saanich, British Columbia",21:10
business,uber,2026-05-27,"Stamboul Street, Saanich, British Columbia",21:10,8e8f6357-cb03-42cf-bfd6-9974967f2da2,0.6,Picking up food,"Church Avenue, Saanich, British Columbia",21:08
business,,2026-05-27,"Church Avenue, Saanich, British Columbia",21:08,7c96b02a-0aaf-4251-a5dc-a42598fc1e53,0.3,Going to hot zone,"3660, Cedar Hill Road, Saanich, British Columbia",21:06
business,uber,2026-05-27,"3575, Cedar Hill Road, Saanich, British Columbia",21:06,9c3f9b8d-417b-4525-a0ba-54fa2fad05ee,2.4,Dropping off delivery,"2751, Shelbourne Street, Victoria, British Columbia",20:52
business,uber,2026-05-27,"2751, Shelbourne Street, Victoria, British Columbia",20:52,fe6ac8cb-e8cc-42aa-9bf4-70f50e6e9398,4,Dropping off delivery,"Kebab On Fire, 890 Government Street, Victoria",20:39
business,uber,2026-05-27,"Kebab On Fire, 890 Government Street, Victoria",20:39,2acadef9-76fe-4426-a6dc-8b6b8547f468,0.5,Picking up food,"721, Government Street, Victoria, British Columbia",20:36
business,uber,2026-05-27,"721, Government Street, Victoria, British Columbia",20:32,6c7a7ef4-2a90-40ed-a353-b9a72b718ae0,1.1,Picking up food,"226, Superior Street, Victoria, British Columbia",20:25
business,uber,2026-05-27,"239, Superior Street, Victoria, British Columbia",20:24,88bc42d5-ddb4-465d-9a45-634211d6a095,1.2,Dropping off delivery,"850, Douglas Street, Victoria, British Columbia",20:13
business,uber,2026-05-27,"Douglas Street, Victoria, British Columbia",20:13,079f3bf1-8c47-40ec-b063-555cdfb65c31,0.2,Picking up food,"602, Courtney Street, Victoria, British Columbia",20:11
business,uber,2026-05-27,"600, Courtney Street, Victoria, British Columbia",20:11,e1e4284f-e526-4ddf-ba3a-1adec7837172,2.6,Dropping off delivery,"48.42425, -123.35480",19:50
business,uber,2026-05-27,"1039, View Street, Victoria, British Columbia",19:50,c871a81b-c592-4742-a4f8-076695637b2a,3.3,Dropping off delivery,"1043, Mason Street, Victoria, British Columbia",19:30
business,uber,2026-05-27,"1046, Mason Street, Victoria, British Columbia",19:29,111dd53e-ae83-4cb4-b0a5-373a23790129,3.1,Dropping off delivery,"Gorge Road East, Victoria, British Columbia",19:20
business,uber,2026-05-27,"2852, Douglas Street, Victoria, British Columbia",19:20,82fc4ee5-38d7-4089-803c-b7627d97d27b,1.9,Picking up food,"3140, Douglas Street, Victoria, British Columbia",19:12
business,uber,2026-05-27,"3140, Douglas Street, Victoria, British Columbia",19:12,97aa6eb1-c8b0-4f35-8d90-c6ecc7e2e1f3,2.4,Picking up food,"McDonald's, 3465 Saanich Road, Saanich, BC, V8Z 3L0, 3465 Saanich Road, Saanich, British Columbia, V8Z 3L0",19:04
business,,2026-05-27,"McDonald's, 3465 Saanich Road, Saanich, BC, V8Z 3L0, 3465 Saanich Road, Saanich, British Columbia, V8Z 3L0",19:04,f4d5fd04-45d8-4576-aa8d-ad6d14fe3b18,7.5,Going to hot zone,"Chatterton Way, Saanich, British Columbia",17:44
personal,,2026-05-26,"991, Cloverdale Avenue, Saanich, British Columbia",21:34,ecf2d5a3-65ae-4701-8ef2-e3b5374b591f,2,Homs,"Waterfront Crescent, Victoria, British Columbia",21:27
business,uber,2026-05-26,"Gorge Road East, Victoria, British Columbia",21:26,67308ab8-e2db-4a9c-8417-65659a375722,1.4,Dropping off delivery,"3271, Maple Street, Saanich, British Columbia",21:16
business,uber,2026-05-26,"Maple Street, Saanich, British Columbia",21:16,045485c5-5e57-4afa-9363-0b435fe17d31,0.3,Picking up food,"Oak Street, Saanich, British Columbia",21:13
business,,2026-05-26,"Oak Street, Saanich, British Columbia",21:13,6d4c0c66-5132-4ddd-885d-0a2a762eaa9c,1.7,Going to hot zone,"Seaton Street, Saanich, British Columbia",21:04
business,uber,2026-05-26,"48.45777, -123.38636",21:04,5e873e97-2067-4394-8af6-ac5a01ced0f7,2.9,Dropping off delivery,"3353, Salsbury Way, Saanich, British Columbia",20:50
business,uber,2026-05-26,"48.45343, -123.35388",20:50,6fb20d55-70e0-4201-81cd-2d963d621f2a,0.5,Dropping off delivery,"3255, Cook Street, Saanich, British Columbia",20:43
business,uber,2026-05-26,"3232, Cook Street, Saanich, British Columbia",20:43,6979f09c-08ff-48a2-ab82-68a5859a7df1,3,Dropping off delivery,"1015, Fort Street, Victoria, British Columbia",20:33
business,uber,2026-05-26,"1011, Fort Street, Victoria, British Columbia",20:32,cfca518d-a06e-4da2-a158-ef5740dd98e0,0.4,Picking up food,"815, Fort Street, Victoria, British Columbia",20:28
business,uber,2026-05-26,"824, Fort Street, Victoria, British Columbia",20:28,f28b5245-52a6-4651-8ac7-7b3247dc28f2,0.6,Picking up food,"48.42507, -123.36901",20:17
business,uber,2026-05-26,"517, Fort Street, Victoria, British Columbia",20:16,a5df4be8-d16b-413c-8497-89d3838c822b,1.3,Picking up food,"680, Montreal Street, Victoria, British Columbia",20:10
business,uber,2026-05-26,"680, Montreal Street, Victoria, British Columbia",20:10,87a8827c-7c94-4833-a5d7-a448a77b2905,2.4,Dropping off delivery,"48.42816, -123.36964",20:03
business,uber,2026-05-26,"48.42818, -123.36964",20:01,2fd92534-e5dd-464d-8aff-98a654e74f72,0.6,Picking up food,"48.42631, -123.36536",19:57
business,,2026-05-26,"699, Yates Street, Victoria, British Columbia",19:57,7b78020d-11fe-4c09-9d64-0c6ae5c90cea,1.7,Going to hot zone,"1445, Fort Street, Victoria, British Columbia",19:44
business,uber,2026-05-26,"1410, Elford Street, Victoria, British Columbia",19:43,9604d9d4-9909-4b4e-b0fd-becf610167c3,2.9,Dropping off delivery,"1609, Blanshard Street, Victoria, British Columbia",19:35
business,uber,2026-05-26,"1609, Blanshard Street, Victoria, British Columbia",19:35,6a5de3cd-d72e-419a-9a62-061397f9bed5,1.1,Picking up food,"841, Johnson Street, Victoria, British Columbia",19:27
business,uber,2026-05-26,"843, Johnson Street, Victoria, British Columbia",19:26,97afa57c-4d5c-486f-bc1f-e478bc315a16,2.2,Dropping off delivery,"2852, Douglas Street, Victoria, British Columbia",19:21
business,uber,2026-05-26,"48.43903, -123.36782",19:20,4571ab66-fad0-40cd-beef-cd5514c85306,5,Picking up food,"3971, Arlene Place, Saanich, British Columbia",19:11
business,uber,2026-05-26,"3967, Arlene Place, Saanich, British Columbia",19:11,e7887ffa-9e2d-448a-911a-fef27a5bb0fb,2.9,Dropping off delivery,"Ono Poké, Uptown Boulevard, Saanich",18:58
business,uber,2026-05-26,"Ono Poké, Uptown Boulevard, Saanich",18:58,c26044b8-9a7f-4b2e-a501-e2a12ec4754d,0.7,Picking up food,"Saanich Road, Saanich, British Columbia",18:55
business,,2026-05-26,"Saanich Road, Saanich, British Columbia",18:54,5cca2b22-0647-4a97-bf81-a8e95cf4471a,0.9,Going to hot zone,"3235, Alder Street, Saanich, British Columbia",18:46
business,skip,2026-05-26,"3235, Alder Street, Saanich, British Columbia",18:43,be51840a-9b28-48c1-a2c5-836e28ca8e98,2.3,Dropping off delivery,"Reynolds Road, Saanich, British Columbia",18:39
business,skip,2026-05-26,"Reynolds Road, Saanich, British Columbia",18:38,87856cc2-17d2-4f7d-8df3-340521c74d60,2.4,Picking up food,"3420, Quadra Street, Saanich, British Columbia",18:30
business,,2026-05-26,"3420, Quadra Street, Saanich, British Columbia",18:29,339372b6-f592-4fb3-b325-1bbc5163cfbe,6.8,Going to hot zone,"Royal Oak Drive, Saanich, British Columbia",17:17
business,doordash,2026-05-22,"3420, Quadra Street, Saanich, British Columbia",23:03,210addad-7ccd-4eb7-84b2-e14de1148ce6,0.5,Dropping off delivery,"3255, Glasgow Avenue, Saanich, British Columbia",22:46
business,uber,2026-05-22,"3252, Glasgow Avenue, Saanich, British Columbia",22:45,1f9761e3-a2c0-4d74-8c6d-4784694fc24e,1.1,Dropping off delivery,"2717, Quadra Street, Victoria, British Columbia",22:33
business,uber,2026-05-22,"2736, Quadra Street, Victoria, British Columbia",22:33,40c44cfa-bb28-429f-a5d1-1bebb7f11279,0.8,Picking up food,"2852, Douglas Street, Victoria, British Columbia",22:28
business,uber,2026-05-22,"2852, Douglas Street, Victoria, British Columbia",22:27,3c527f52-6005-4019-8f3e-25fe3efe14ea,1.9,Picking up food,"Colville Road, Esquimalt, British Columbia",22:11
business,uber,2026-05-22,"Colville Road, Esquimalt, British Columbia",22:11,c2ec3940-c090-4e5a-b79d-bdf274b20f17,2.5,Dropping off delivery,"258, Gorge Road East, Victoria, British Columbia",21:55
business,uber,2026-05-22,"258, Gorge Road East, Victoria, British Columbia",21:54,cff48331-71a0-4fd5-a829-44a7455c8d97,1,Dropping off delivery,"3140, Douglas Street, Victoria, British Columbia",21:40
business,uber,2026-05-22,"Douglas Street, Victoria, British Columbia",21:40,9d6a81d0-eab9-4f4e-9966-b4c6f87f83b0,1.9,Picking up food,"Saanich Road, Saanich, British Columbia",21:30
business,,2026-05-22,"Saanich Road, Saanich, British Columbia",21:30,0cd40c6f-be23-495f-ba63-b54d7382fefa,4.6,Going to hot zone,"1260, Dunsterville Avenue, Saanich, British Columbia",21:18
business,uber,2026-05-22,"1255, Dunsterville Avenue, Saanich, British Columbia",21:18,62c699aa-ced8-4006-92c7-ee8c04c82ba2,4.5,Dropping off delivery,"Dairy Queen, 3993 Quadra Street, Saanich",21:08
business,uber,2026-05-22,"Dairy Queen, 3993 Quadra Street, Saanich",21:07,c878ce3d-c778-4e77-80d8-8fe3d7decb87,0.7,Picking up food,"975, McKenzie Avenue, Saanich, British Columbia",21:02
business,uber,2026-05-22,"975, McKenzie Avenue, Saanich, British Columbia",21:01,7617cff4-4f88-48fc-8f59-de55a6bfec5f,4.8,Dropping off delivery,"2566, Fifth Street, Victoria, British Columbia",20:49
business,uber,2026-05-22,"2566, Fifth Street, Victoria, British Columbia",20:49,ece6f998-ef26-4bef-a9f1-f81382e01aae,2.7,Dropping off delivery,"1729, Richmond Avenue, Victoria, British Columbia",20:37
business,uber,2026-05-22,"Richmond Avenue, Victoria, British Columbia",20:37,72a05fb9-9472-4239-81ae-28439bc5601d,1.4,Picking up food,"1047, Bank Street, Victoria, British Columbia",20:33
business,uber,2026-05-22,"1047, Bank Street, Victoria, British Columbia",20:32,7e0546ab-d50a-4104-b646-97a6fe3bed95,3.5,Dropping off delivery,"575, Yates Street, Victoria, British Columbia",20:09
business,uber,2026-05-22,"1218, Langley Street, Victoria, British Columbia",20:09,3d86d8f3-69c5-41b7-9a40-e4d19608476a,1.4,Picking up food,"1600, Government Street, Victoria, British Columbia",20:02
business,uber,2026-05-22,"3, Centennial Square, Victoria, British Columbia",20:01,4767c48f-d314-40c6-b2a1-e5b45770359e,3.7,Picking up food,"861, Esquimalt Road, Esquimalt, British Columbia",19:42
business,uber,2026-05-22,"854, Esquimalt Road, Victoria, British Columbia",19:41,d07069f5-10e5-4a72-899f-d2ac67b4eb2b,2.8,Dropping off delivery,"622, Yates Street, Victoria, British Columbia",19:30
business,uber,2026-05-22,"630, Yates Street, Victoria, British Columbia",19:30,267e105c-7db0-4c6f-a5c5-5ef58b054787,3,Picking up food,"950, Walker Street, Victoria, British Columbia",19:20
business,uber,2026-05-22,"950, Walker Street, Victoria, British Columbia",19:19,0055f5c4-070d-4b08-8f4b-34cec6b123f9,4.2,Dropping off delivery,"3271, Maple Street, Saanich, British Columbia",19:08
business,skip,2026-05-22,"Maple Street, Saanich, British Columbia",19:06,ba0f1293-a15c-4ac8-8106-1cd51cd01263,0.8,Picking up food,"Saanich Road, Saanich, British Columbia",19:04
business,,2026-05-22,"Saanich Road, Saanich, British Columbia",19:04,472c55b7-632e-4418-8e57-a7a0cfbcee0e,1.3,Going to hot zone,"3572, Quadra Street, Saanich, British Columbia",18:59
business,uber,2026-05-22,"3561, Quadra Street, Saanich, British Columbia",18:57,893903dc-9b72-49fd-be33-520464347feb,1,Dropping off delivery,"3412, Maplewood Road, Saanich, British Columbia",18:53
business,uber,2026-05-22,"3412, Maplewood Road, Saanich, British Columbia",18:53,3a1c4e23-d61f-4529-a453-777ef8812022,2.9,Dropping off delivery,"3613, Shelbourne Street, Saanich, British Columbia",18:41
business,uber,2026-05-22,"3609, Shelbourne Street, Saanich, British Columbia",18:41,8be3f721-cca9-4958-8458-6de0158a36c2,0.7,Picking up food,"3819, Shelbourne Street, Saanich, British Columbia",18:35
business,uber,2026-05-22,"1580, Christmas Avenue, Saanich, British Columbia",18:34,a9c5040b-7b1d-4ea5-9de7-94f36141ed52,1.8,Dropping off delivery,"Teakwood Road, Saanich, British Columbia",18:24
business,uber,2026-05-22,"Teakwood Road, Saanich, British Columbia",18:24,93d62731-0e4f-4c0b-be1d-93872c45cbaf,1,Picking up food,"1576, Midgard Avenue, Saanich, British Columbia",18:15
business,uber,2026-05-22,"1597, Midgard Avenue, Saanich, British Columbia",18:14,047e5ff7-8a2c-4e49-a540-a0456d2faa48,5.3,Dropping off delivery,"Burnside Road East, Victoria, British Columbia",18:02
business,uber,2026-05-22,"Burnside Road East, Victoria, British Columbia",18:01,66eb83ca-f9d5-4169-9de0-178b61f70219,2.6,Picking up food,"3179, Glasgow Street, Victoria, British Columbia",17:57
business,skip,2026-05-22,"3176, Glasgow Street, Victoria, British Columbia",17:55,92aaa11a-3d58-4ad6-b2f6-a5d46b0aaed6,4.7,Dropping off delivery,"2852, Douglas Street, Victoria, British Columbia",17:50
business,skip,2026-05-22,"2852, Douglas Street, Victoria, British Columbia",17:50,bcaa12d0-72c2-48c2-a840-23b7a90aa27c,0.5,Picking up food,"765, Market Street, Victoria, British Columbia",17:42
business,skip,2026-05-22,"765, Market Street, Victoria, British Columbia",17:41,34320fcd-6e07-4644-a2db-568f71d0f257,1.6,Dropping off delivery,"Tolmie Avenue, Saanich, British Columbia",17:35
business,skip,2026-05-22,"3147, Douglas Street, Victoria, British Columbia",17:34,f900889d-dbeb-4ccb-9630-49c31a39b868,13.8,Picking up food,"Royal Oak Drive, Saanich, British Columbia",17:17
business,,2026-06-03,"3420, Quadra Street, Saanich, British Columbia",22:15,d9a69e60-c413-40ba-b7a9-f9895bfea32e,3.8,Going to hot zone,"1615, Belmont Avenue, Victoria, British Columbia",22:02
business,uber,2026-06-03,"1615, Belmont Avenue, Victoria, British Columbia",22:02,76e4e65c-bbd9-4f31-bd7e-06023809ab2e,6.1,Dropping off delivery,"48.46943, -123.36265",21:43
business,uber,2026-06-03,"48.46941, -123.36271",21:42,58efaece-63ce-4b19-a552-c71ce06d5001,1,Picking up food,"3977, Rainbow Street, Saanich, British Columbia",21:38
business,uber,2026-06-03,"3977, Rainbow Street, Saanich, British Columbia",21:37,4cfa0d6c-928e-46e4-9a31-1a07603ba9da,2,Dropping off delivery,"McKenzie Avenue, Saanich, British Columbia",21:32
business,uber,2026-06-03,"McKenzie Avenue, Saanich, British Columbia",21:32,65b3e7cb-6b85-48d7-b9d4-a0f52efe3509,4.1,Picking up food,"3978, Cedar Hill Cross Road, Saanich, British Columbia",21:28
business,uber,2026-06-03,"3978, Cedar Hill Cross Road, Saanich, British Columbia",21:27,4991fe1c-fe7c-42b8-9c39-c4974e9922b2,2.9,Dropping off delivery,"48.48596, -123.38765",21:20
business,uber,2026-06-03,"48.48599, -123.38763",21:20,ad78c541-8354-4488-b49e-3af07a868354,3.9,Picking up food,"1257, Stancil Lane, View Royal, British Columbia",21:08
business,uber,2026-06-03,"1225, Stancil Lane, View Royal, British Columbia",21:08,d2d738a9-f7b5-452e-8e36-5c7039d6de98,6.3,Dropping off delivery,"Namaste Indian Cuisine, Burnside Road East, Victoria",20:54
business,uber,2026-06-03,"Namaste Indian Cuisine, Burnside Road East, Victoria",20:54,3f9e9e1c-c3b0-455a-bd2c-885bb0865bae,1.3,Picking up food,"136, Gorge Road East, Victoria, British Columbia",20:48
business,uber,2026-06-03,"136, Gorge Road East, Victoria, British Columbia",20:47,44b5cd98-9d92-46a7-a1a1-c71f55fa7369,2.9,Dropping off delivery,"777, Broughton Street, Victoria, British Columbia",20:37
business,uber,2026-06-03,"777, Broughton Street, Victoria, British Columbia",20:37,4785bca8-d936-4c37-a1b7-15c2ee4c1c8e,1.7,Picking up food,"2852, Douglas Street, Victoria, British Columbia",20:30
business,uber,2026-06-03,"Gorge Road East, Victoria, British Columbia",20:29,9a5d99cb-bd61-4e18-8d63-a7dbf7fe57fb,5.2,Picking up food,"Nelles Street, Esquimalt, British Columbia",20:19
business,uber,2026-06-03,"48.43582, -123.41956",20:19,d0741a04-58e3-40c4-8e6a-4dd6aef82c2b,1.3,Dropping off delivery,"1149, Esquimalt Road, Esquimalt, British Columbia",20:13
business,uber,2026-06-03,"1149, Esquimalt Road, Esquimalt, British Columbia",20:13,e3bdf739-d244-4f3e-82d0-cc4b84564d11,1.3,Picking up food,"Nelles Street, Esquimalt, British Columbia",20:08
business,uber,2026-06-03,"Nelles Street, Esquimalt, British Columbia",20:07,08a56656-0513-4a5d-b9cb-68bc91cafefd,6.4,Dropping off delivery,"KFC, 3140 Douglas Street, Victoria",19:52
business,uber,2026-06-03,"Douglas Street, Victoria, British Columbia",19:52,7cb6b882-ac38-47df-902f-8f32ed1c57f6,1.9,Picking up food,"850, Pendene Place, Saanich, British Columbia",19:46
business,uber,2026-06-03,"860, Pendene Place, Saanich, British Columbia",19:45,89587015-2e19-4c63-9d91-c1a40cbef459,1,Dropping off delivery,"Blanshard Street, Saanich, British Columbia",19:36
business,uber,2026-06-03,"Blanshard Street, Saanich, British Columbia",19:36,34b8c9aa-8fca-4977-9bc9-7a58d8ad7fa6,1.3,Picking up food,"213 Crease Avenue, Saanich, BC, V8Z 1K8, Saanich, British Columbia, V8Z 1K8",19:32
business,uber,2026-06-03,"213, Crease Avenue, Saanich, British Columbia",19:23,61a4bbbe-ab40-42d7-9be7-c7b600ba57f5,3.3,Dropping off delivery,"Quadra Street, Saanich, British Columbia",19:12
business,skip,2026-06-03,"Quadra Street, Saanich, British Columbia",19:12,7a153d32-c54a-4f16-acd9-a7fe86d2b779,1.7,Picking up food,"McDonald's, 3465 Saanich Road, Saanich, BC, V8Z 3L0, 3465 Saanich Road, Saanich, British Columbia, V8Z 3L0",19:06
business,,2026-06-03,"McDonald's, 3465 Saanich Road, Saanich, BC, V8Z 3L0, 3465 Saanich Road, Saanich, British Columbia, V8Z 3L0",19:31,258c4828-c543-490a-b481-e9b16a527e27,11.6,Going to hot zone,"Royal Oak Drive, Saanich, British Columbia",17:22
personal,,2026-06-02,"3420, Quadra Street, Saanich, British Columbia",22:03,cc20108f-0528-4e4e-b783-d4b357dfd13c,4.7,Going to hot zone,"48.45286, -123.40347",22:03
business,uber,2026-06-02,"48.45286, -123.40347",21:47,83e2c581-38a2-49de-9cd2-bd17230ad235,3,Dropping off delivery,"A&W, 860 Esquimalt Road, Esquimalt",21:40
business,uber,2026-06-02,"A&W, 860 Esquimalt Road, Esquimalt",21:40,ff31553f-ad57-49af-9cf9-aa577ba885c4,1,Picking up food,"980, Wordsley Street, Esquimalt, British Columbia",21:37
business,uber,2026-06-02,"48.42993, -123.40481",21:36,7df05202-6334-497d-8b41-38afce508abf,8.2,Dropping off delivery,"48.44484, -123.46779",21:29
business,uber,2026-06-02,"48.44484, -123.46779",21:22,228145d4-eb25-4bab-8c08-37ade517398c,3.8,Picking up food,"Millstream Road, Langford, British Columbia",21:12
business,uber,2026-06-02,"Millstream Road, Langford, British Columbia",21:12,64d67f6c-a802-4417-ac9f-ae35d0c835bf,6,Dropping off delivery,"260, Island Highway, View Royal, British Columbia",20:54
business,uber,2026-06-02,"Island Highway, View Royal, British Columbia",20:54,1398d677-6129-4c66-94b8-dc4245ba7fd7,6,Picking up food,"90, Gorge Road West, Saanich, British Columbia",20:44
business,uber,2026-06-02,"Wascana Street, Saanich, British Columbia",20:44,8aabb27b-b349-4519-bb6b-1e529ac90a01,1.7,Picking up food,"Uptown Boulevard, Saanich, British Columbia",20:38
business,uber,2026-06-02,"Uptown Boulevard, Saanich, British Columbia",20:38,3542a870-3b2c-47d1-946e-4b19e5d2f4f1,0.1,Picking up food,"Uptown Boulevard, Saanich, British Columbia",20:36
business,uber,2026-06-02,"Uptown Boulevard, Saanich, British Columbia",20:36,6a27c341-768c-451f-8e73-3a477e37d1f6,1,Picking up food,"Oak Street, Saanich, British Columbia",20:33
business,,2026-06-02,"Saanich Road, Saanich, British Columbia",20:33,3832aa61-6253-4b25-a295-a70e39c844b0,1.3,Going to hot zone,"960, Inverness Road, Saanich, British Columbia",20:19
business,uber,2026-06-02,"960, Inverness Road, Saanich, British Columbia",20:16,c574d603-c891-41c6-9fb9-19f3875a8c3f,1.2,Dropping off delivery,"3366, Douglas Street, Saanich, British Columbia",20:09
business,uber,2026-06-02,"3366, Douglas Street, Saanich, British Columbia",20:08,5023f2d0-fe34-44ed-bfbe-b69cbec58190,0.5,Picking up food,"Uptown Boulevard, Uptown Boulevard, Saanich, British Columbia",20:06
business,,2026-06-02,"Oak Street, Saanich, British Columbia",20:05,d7244875-a37f-475e-bfda-30b1f5153665,2.9,Going to hot zone,"1010, McKenzie Avenue, Saanich, British Columbia",19:43
business,skip,2026-06-02,"1002, McKenzie Avenue, Saanich, British Columbia",19:43,0c87bdc2-db2d-4abe-83e8-9d475ee67f7e,2.9,Dropping off delivery,"Uptown Boulevard, Saanich, British Columbia",19:35
business,skip,2026-06-02,"Uptown Boulevard, Saanich, British Columbia",19:29,6de3153a-f1ef-4687-a22b-ee7debed9886,2.1,Picking up food,"3800, Quadra Street, Saanich, British Columbia",19:18
business,skip,2026-06-02,"3805, Quadra Street, Saanich, British Columbia",19:18,5cc66b11-bbed-4ee7-a675-120db2b5c7ef,1.6,Dropping off delivery,"Cedar Hill Cross Road, Saanich, British Columbia",19:12
business,uber,2026-06-02,"Cedar Hill Cross Road, Saanich, British Columbia",19:11,1cc18f9f-91e2-42ee-baf2-8a5f27366676,2.8,Picking up food,"Oak Street, Saanich, British Columbia",19:03
business,,2026-06-02,"Oak Street, Saanich, British Columbia",18:53,4b99ab33-7cf8-48b1-a952-f2d5720176c3,1.5,Going to hot zone,"3274, Glasgow Avenue, Saanich, British Columbia",18:49
business,uber,2026-06-02,"3252, Glasgow Avenue, Saanich, British Columbia",18:48,4e871b8b-9f01-4ce3-8880-831b3c1b7e21,3.9,Dropping off delivery,"Bin 4 Burger Lounge, 911 Yates Street, Victoria",18:36
business,uber,2026-06-02,"Bin 4 Burger Lounge, 911 Yates Street, Victoria",18:36,7846db43-aabd-4182-bdfc-298405ffb6ef,0.7,Picking up food,"Hudson House by Townline, 1700 Blanshard Street, Victoria, BC, V8W 0G8, 1700 Blanshard Street, Victoria, British Columbia, V8W 0G8",18:29
business,uber,2026-06-02,"1700, Blanshard Street, Victoria, British Columbia",18:15,49c40ec9-79fe-4ee4-8705-b6dcd9c5af90,2.8,Dropping off delivery,"Douglas Street, Victoria, British Columbia",18:06
business,uber,2026-06-02,"Douglas Street, Victoria, British Columbia",18:06,cc0c3900-72dd-4a2b-8b18-1d52cba4892f,3.8,Picking up food,"Lochside Regional Trail, Saanich, British Columbia",17:54
business,uber,2026-06-02,"McKenzie Avenue, Saanich, British Columbia",17:53,e7101c74-c8be-4da3-8570-277048eb7485,1.7,Picking up food,"McDonald's, 3465 Saanich Road, Saanich, BC, V8Z 3L0, 3465 Saanich Road, Saanich, British Columbia, V8Z 3L0",17:49
business,,2026-06-02,"McDonald's, 3465 Saanich Road, Saanich, BC, V8Z 3L0, 3465 Saanich Road, Saanich, British Columbia, V8Z 3L0",17:49,dc3fba85-5cc5-4979-b8e9-cd1959618e43,7.5,Going to hot zone,"Royal Oak Drive, Saanich, British Columbia",17:07
business,uber,2026-06-01,"Yates Street, Victoria, British Columbia",22:26,55038d60-1936-4671-aaaa-a4b270dc11bc,11.3,Dropping off delivery,"Dunedin Street, Victoria, BC, V8T 4N4, Victoria, British Columbia, V8T 4N4",22:11
business,uber,2026-06-01,"Dunedin Street, Victoria, British Columbia",22:04,f9686437-76d1-436b-bdb1-cf8871d3cf4a,6.4,Dropping off delivery,"990 View Street, Victoria, BC, V8V 0C9, Victoria, British Columbia, V8V 0C9",21:52
business,uber,2026-06-01,"990, View Street, Victoria, British Columbia",21:37,112676e4-2b6e-42e2-963b-5ec69de59466,0.8,Dropping off delivery,"Yates Street, Victoria, British Columbia",21:29
business,uber,2026-06-01,"Yates Street, Victoria, British Columbia",21:28,27708c3e-7581-4696-9989-b3ffa2bcc531,1.1,Picking up food,"1253, Johnson Street, Victoria, British Columbia",21:22
business,uber,2026-06-01,"1250, Johnson Street, Victoria, British Columbia",21:21,e57d48ca-0830-4b8a-9f22-188b6fdd2b65,0.5,Dropping off delivery,"990, View Street, Victoria, British Columbia",21:18
business,uber,2026-06-01,"990, View Street, Victoria, British Columbia",21:17,6fd1813d-0a0d-46fc-ac1c-29c8ec1f8988,0.1,Dropping off delivery,"Pizza Hut, Vancouver Street, Victoria",20:59
business,uber,2026-06-01,"Pizza Hut, Vancouver Street, Victoria",20:59,89fc2fdb-2c60-4b6a-a54b-cce4bdf139a2,1.8,Picking up food,"1510, Jubilee Avenue, Victoria, British Columbia",20:55
business,uber,2026-06-01,"1520, Jubilee Avenue, Victoria, British Columbia",20:55,d7db6a76-507c-4849-9d1f-7efe7b881c8a,4.7,Dropping off delivery,"Teakwood Road, Saanich, British Columbia",20:39
business,uber,2026-06-01,"Teakwood Road, Saanich, British Columbia",20:38,8de5d09e-a7f8-469d-8dac-030f8141b156,2.9,Picking up food,"Shelbourne Street, Saanich, British Columbia",20:20
business,uber,2026-06-01,"Shelbourne Street, Saanich, British Columbia",20:19,21ac5c59-9b87-4678-abb5-802d5fc77817,0.6,Picking up food,"2780, Shelbourne Street, Victoria, British Columbia",20:09
business,uber,2026-06-01,"2780, Shelbourne Street, Victoria, British Columbia",20:09,7ce4236a-9bbc-4e4d-b5ac-bc13df54775b,1.4,Dropping off delivery,"1871, Fort Street, Victoria, British Columbia",19:46
business,uber,2026-06-01,"1871, Fort Street, Victoria, British Columbia",19:45,131669b6-586d-457a-b0c2-aee8c25702c4,2.4,Picking up food,"1250, Newport Avenue, Oak Bay, British Columbia",19:37
business,uber,2026-06-01,"1250, Newport Avenue, Oak Bay, British Columbia",19:36,5e72226b-398f-48d8-ba2b-ebfa20e95616,3.4,Dropping off delivery,"1002, Balmoral Road, Victoria, British Columbia",19:28
business,uber,2026-06-01,"1585, Vancouver Street, Victoria, British Columbia",19:27,ae8ff425-df16-417c-90c6-80acac03d96f,1.1,Picking up food,"1017, Queens Avenue, Victoria, British Columbia",19:13
business,uber,2026-06-01,"1017, Queens Avenue, Victoria, British Columbia",19:13,b83541b0-dcc2-44c3-a34b-ed5aa6333ed2,2.1,Dropping off delivery,"604, Broughton Street, Victoria, British Columbia",19:03
business,uber,2026-06-01,"604, Broughton Street, Victoria, British Columbia",19:03,5df52810-f9e5-405a-8f86-4dc554897a08,7,Picking up food,"4144, Wilkinson Road, Saanich, British Columbia",18:44
business,uber,2026-06-01,"4144, Wilkinson Road, Saanich, British Columbia",18:44,46956b09-9617-44d1-a2e3-619b8315bd0c,4.3,Picking up food,"715, Violet Avenue, Saanich, British Columbia",18:34
business,uber,2026-06-01,"721, Violet Avenue, Saanich, British Columbia",18:34,e7e7a719-62ae-4291-94aa-14b344857b5d,3.9,Dropping off delivery,"3388, Douglas Street, Saanich, British Columbia",18:24
business,uber,2026-06-01,"3388, Douglas Street, Saanich, British Columbia",18:24,fc9a2360-95a2-4670-9730-aba7f2549e87,1.9,Picking up food,"4015, Saanich Road, Saanich, British Columbia",18:18
business,uber,2026-06-01,"4015, Saanich Road, Saanich, British Columbia",18:18,72953d3c-6c5c-4555-a74b-c06a7534116e,2.9,Dropping off delivery,"Blanshard Street, Victoria, British Columbia",18:05
business,uber,2026-06-01,"Tolmie Avenue, Saanich, British Columbia",18:05,90e728b5-37f2-4ac6-a425-76292055998e,0.5,Picking up food,"Lot 1 Pasta Bar, Blanshard Street, Saanich",18:01
business,uber,2026-06-01,"Lot 1 Pasta Bar, Blanshard Street, Saanich",18:01,03a2e2aa-5f6c-4c4a-83b4-a8f5c2b0deea,2.7,Picking up food,"3232, Cook Street, Saanich, British Columbia",17:48
business,uber,2026-06-01,"1275, Maywood Road, Saanich, British Columbia",17:46,33401bca-8768-4728-bc3d-ede575b2674c,1.8,Dropping off delivery,"3252, Glasgow Avenue, Saanich, British Columbia",17:43
business,uber,2026-06-01,"3240, Glasgow Avenue, Saanich, British Columbia",17:42,8fe84ab0-69d6-49e3-a9ca-77edf11aea58,1,Dropping off delivery,"A&W, 3335 Douglas Street, Saanich",17:29
business,uber,2026-06-01,"A&W, 3335 Douglas Street, Saanich",17:29,412fa8ac-2ee5-481f-bb24-30589829a528,0.9,Picking up food,"Blanshard Street, Saanich, British Columbia",17:13
business,uber,2026-06-01,"Blanshard Street, Saanich, British Columbia",17:13,dc1a2707-e19d-481f-ace6-63ce89a838e3,1.6,Picking up food,"901, McAdoo Place, Saanich, British Columbia",17:06
business,uber,2026-06-01,"903, McAdoo Place, Saanich, British Columbia",17:06,3f849f87-7ec3-4efe-b92d-9092ac666006,3.9,Dropping off delivery,"642, Johnson Street, Victoria, British Columbia",16:49
business,uber,2026-06-01,"638, Johnson Street, Victoria, British Columbia",16:49,2a2065df-2854-4045-8aef-a3ccd4b48e3b,2.8,Picking up food,"485, Head Street, Esquimalt, British Columbia",16:33
business,uber,2026-06-01,"485, Head Street, Esquimalt, British Columbia",16:33,36f853b9-8818-4e25-a263-32f4d4490068,1.8,Dropping off delivery,"1249, Esquimalt Road, Esquimalt, British Columbia",16:23
business,uber,2026-06-01,"Comerford Street, Esquimalt, British Columbia",16:23,dd2c97db-8da0-4953-8c85-850216d07f86,1.2,Picking up food,"461, Sturdee Street, Esquimalt, British Columbia",16:20
business,uber,2026-06-01,"Sturdee Street, Esquimalt, British Columbia",16:20,8b7d317a-a9bb-48ab-9704-416474900d4c,7.6,Dropping off delivery,"2002, Oak Bay Avenue, Oak Bay, British Columbia",15:48
business,uber,2026-06-01,"2005, Oak Bay Avenue, Oak Bay, British Columbia",15:46,5a1a672d-bcf3-4385-b3c4-c411d49706d7,5,Picking up food,"1692, Douglas Street, Victoria, British Columbia",15:29
business,uber,2026-06-01,"1675, Douglas Street, Victoria, British Columbia",15:25,5e5f26ca-608f-45d3-9743-b029e275882b,4.2,Picking up food,"1580, Wilmot Place, Oak Bay, British Columbia",15:13
business,uber,2026-06-01,"1580, Wilmot Place, Oak Bay, British Columbia",15:12,a833eba3-0d15-4a1f-98aa-765516b845a7,2.4,Dropping off delivery,"1080, Belmont Avenue, Victoria, British Columbia",15:00
business,uber,2026-06-01,"1080, Belmont Avenue, Victoria, British Columbia",15:00,02918c59-b2a2-4cb5-ab54-3abffdb7dc6c,2.9,Dropping off delivery,"1420, Quadra Street, Victoria, British Columbia",14:49
business,uber,2026-06-01,"1420, Quadra Street, Victoria, British Columbia",14:49,a486d41e-ef95-44a3-b7fa-a07cfd31251b,2.2,Picking up food,"Wilson Street, Victoria, British Columbia",14:35
business,uber,2026-06-01,"105, Wilson Street, Victoria, British Columbia",14:35,c4e38146-1b18-4ba0-ba32-e88dd280e1b8,3.7,Dropping off delivery,"Benjamin's Cafe, 614B Grenville Avenue, Victoria",14:22
business,uber,2026-06-01,"Benjamin's Cafe, 614B Grenville Avenue, Victoria",14:22,1cdd4b20-51c3-488f-bcf9-bd07bcaabdf2,1.3,Picking up food,"1149, Esquimalt Road, Esquimalt, British Columbia",14:13
business,uber,2026-06-01,"1121, Esquimalt Road, Esquimalt, British Columbia",14:12,e7c89877-213d-4230-b6dd-b52455cff204,4.3,Picking up food,"1100, Yates Street, Victoria, British Columbia",13:48
business,uber,2026-06-01,"1100, Yates Street, Victoria, British Columbia",13:48,2d46179f-0079-408f-9d92-5a1bc13b0fb6,2.5,Picking up food,"409, Vancouver Street, Victoria, British Columbia",13:41
business,uber,2026-06-01,"409, Vancouver Street, Victoria, British Columbia",13:39,f2d47c57-8756-44b9-9f4a-1bf798eb44aa,2.1,Dropping off delivery,"Rise n Grind, 1294 Broad Street, Victoria",13:28
business,uber,2026-06-01,"Rise n Grind, 1294 Broad Street, Victoria",13:27,e05cf34f-812f-41bc-8804-be46ce9f0278,0.5,Picking up food,"727, Yates Street, Victoria, British Columbia",13:25
business,,2026-06-01,"726, Yates Street, Victoria, British Columbia",13:23,9de0387f-007b-4904-9095-11a1f2520535,2.7,Going to hot zone,"1975, Lee Avenue, Victoria, British Columbia",13:11
business,uber,2026-06-01,"1975, Lee Avenue, Victoria, British Columbia",13:11,23f9601d-5ef6-4c38-be14-0b56378381c7,1.5,Dropping off delivery,"Estevan Avenue, Oak Bay, British Columbia",13:05
business,uber,2026-06-01,"Estevan Avenue, Oak Bay, British Columbia",13:04,544c3162-849f-4241-aa73-1cb868ccba96,5.3,Picking up food,"3984, Medway Street, Saanich, British Columbia",12:53
business,uber,2026-06-01,"3985, Medway Street, Saanich, British Columbia",12:53,ebffa689-9f51-4dd0-bc55-a264ca9cc27c,10.5,Dropping off delivery,"419, William Street, Victoria, British Columbia",12:18
business,uber,2026-06-01,"419, William Street, Victoria, British Columbia",12:18,086d4e94-f75e-423b-bb1c-26ae3c158ef3,2.9,Dropping off delivery,"533, Lyall Street, Esquimalt, British Columbia",12:04
business,uber,2026-06-01,"Admirals Road, Esquimalt, British Columbia",12:03,d0227354-d4d6-40e4-98ac-a6064def6c83,2.6,Picking up food,"Admirals Road, View Royal, British Columbia",11:56
business,uber,2026-06-01,"1517, Admirals Road, View Royal, British Columbia",11:55,65fde38d-e5a0-4c32-95b9-a5253db99708,0.3,Picking up food,"Mary Brown's, 100 Aldersmith Place, View Royal",11:49
business,uber,2026-06-01,"Mary Brown's, 100 Aldersmith Place, View Royal",11:49,75fdff25-dafd-4372-8ff9-431aa9fe2262,1,Picking up food,"2931, Craigowan Road, View Royal, British Columbia",11:42
business,uber,2026-06-01,"2931, Craigowan Road, View Royal, British Columbia",11:42,f97e4897-9447-4576-b2ed-a0704606efd1,5.3,Dropping off delivery,"578, Yates Street, Victoria, British Columbia",11:23
business,uber,2026-06-01,"564, Yates Street, Victoria, British Columbia",11:23,6ef8cf13-2e95-4a1a-9dc5-5b308b41944c,1.1,Picking up food,"770, Fisgard Street, Victoria, British Columbia",11:17
business,uber,2026-06-01,"770, Fisgard Street, Victoria, British Columbia",11:16,5ef92213-d21b-44e7-8c43-5b5393ce0ab2,1.3,Dropping off delivery,"Ross Lane, Victoria, British Columbia",11:11
business,uber,2026-06-01,"Ross Lane, Victoria, British Columbia",11:11,60f7e0ec-0b4e-4436-8544-ab79225015fc,2,Picking up food,"787, Hillside Avenue, Victoria, British Columbia",11:10
business,uber,2026-06-01,"787, Hillside Avenue, Victoria, British Columbia",11:10,21ff2130-1668-4516-81c8-34f5b5787b9a,0.5,Picking up food,"Government Street, Victoria, British Columbia",11:06
business,uber,2026-06-01,"2224, Douglas Street, Victoria, British Columbia",11:03,ed0f51a8-a641-432e-8f8b-a055a1a7a24a,1.8,Dropping off delivery,"Ross Lane, Victoria, British Columbia",10:57
business,uber,2026-06-01,"787, Hillside Avenue, Victoria, British Columbia",10:57,2c081edd-3a5b-449f-8558-32310cb470ab,1.7,Picking up food,"252, Gorge Road East, Victoria, British Columbia",10:50
business,uber,2026-06-01,"252, Gorge Road East, Victoria, British Columbia",10:49,a9399103-ff25-452d-a28a-a5d4e54141cd,2.7,Dropping off delivery,"Roderick Street, Saanich, British Columbia",10:40
business,uber,2026-06-01,"Douglas Street, Saanich, British Columbia",10:39,d0c5fa9c-2f55-4aff-9810-26e1dc823a26,0.3,Picking up food,"Douglas Street, Victoria, British Columbia",10:36
business,,2026-06-01,"Douglas Street, Victoria, British Columbia",10:36,f5207f45-1ee6-4184-8700-d5f88673f0aa,1,Order Cancelled,"Oak Street, Saanich, British Columbia",10:32
business,,2026-06-01,"Oak Street, Saanich, British Columbia",10:31,53af8468-5e2f-43e5-a33b-50923665a1ec,2,Going to hot zone,"Wascana Street, Saanich, British Columbia",10:27
business,uber,2026-06-01,"Wascana Street, Saanich, British Columbia",10:27,317494cb-a19e-45d9-8c04-5af0b5c7e245,2.5,Dropping off delivery,"Uptown Boulevard, Saanich, British Columbia",10:20
business,uber,2026-06-01,"Saanich Road, Saanich, British Columbia",10:19,aa17dc0d-b1d3-4d4d-bc3b-8b3b2aba24e3,4,Picking up food,"3420, Quadra Street, Saanich, British Columbia",10:12
personal,,2026-05-31,"3420, Quadra Street, Saanich, British Columbia",21:57,e3132d28-d8b7-4614-a073-3b2ed0b95645,6.7,Home,"Nelles Street, Esquimalt, British Columbia",21:43
business,uber,2026-05-31,"Nelles Street, Esquimalt, British Columbia",21:43,29a931be-deb3-4f59-aa92-6bbb5f55eb48,2.6,Dropping off delivery,"Admirals Road, Esquimalt, British Columbia",21:41
business,uber,2026-05-31,"Admirals Road, Esquimalt, British Columbia",21:40,ab8d93fe-b23f-43ef-a1bb-6ad36edbe0e4,4.1,Dropping off delivery,"Colquitz River Trail, Saanich, British Columbia",21:28
business,uber,2026-05-31,"Colquitz River Trail, Saanich, British Columbia",21:28,ed8da654-edf9-41de-ad7e-f96d1f64bc39,3.3,Picking up food,"Uptown Boulevard, Saanich, British Columbia",21:21
business,uber,2026-05-31,"Uptown Boulevard, Saanich, British Columbia",21:21,fa0cde0c-0441-4071-b3a3-c6a72a8312fd,0.3,Picking up food,"Saanich Road, Saanich, British Columbia",21:19
business,,2026-05-31,"Saanich Road, Saanich, British Columbia",21:19,a3de82cd-1a12-4c21-8c37-bc07cb900e1a,4.2,Going to hot zone,"4658, Amblewood Drive, Saanich, British Columbia",21:06
business,uber,2026-05-31,"4661, Amblewood Drive, Saanich, British Columbia",21:05,a1c99cac-4825-4ce1-bcab-1189e58edeba,2.6,Dropping off delivery,"West Saanich Road, Saanich, British Columbia",20:57
business,uber,2026-05-31,"West Saanich Road, Saanich, British Columbia",20:57,14c4209e-a5fd-467e-96d7-791b3701f642,4.7,Picking up food,"4080, Hatfield Road, Saanich, British Columbia",20:49
business,uber,2026-05-31,"48.47355, -123.40780",20:49,6492dc3c-8e47-4afc-b129-5f46dc85ee72,0.5,Dropping off delivery,"841, Violet Avenue, Saanich, British Columbia",20:44
business,uber,2026-05-31,"841, Violet Avenue, Saanich, British Columbia",20:44,51c03547-f4aa-4dbb-a9ca-d46f1d6c2647,4.9,Dropping off delivery,"776, Bay Street, Victoria, British Columbia",20:33
business,uber,2026-05-31,"Wendy's Drive-Though, Victoria, British Columbia",20:33,abe941b9-4620-4e32-bcca-8fa4ba9421f1,2,Picking up food,"642, Johnson Street, Victoria, British Columbia",20:26
business,uber,2026-05-31,"642, Johnson Street, Victoria, British Columbia",20:24,78196a7a-a4cd-42fd-aef0-e57dcd713331,2,Dropping off delivery,"Douglas Street, Victoria, British Columbia",20:19
business,uber,2026-05-31,"1315, Douglas Street, Victoria, British Columbia",20:19,19b79f67-1bfc-414f-bcd2-e3e73fd19aff,1.7,Picking up food,"2525, Government Street, Victoria, British Columbia",20:15
business,uber,2026-05-31,"2525, Government Street, Victoria, British Columbia",20:14,38edde2b-1e5c-4282-a359-6d2b67d660ee,0.5,Picking up food,"689, Bay Street, Victoria, British Columbia",20:08
business,uber,2026-05-31,"689, Bay Street, Victoria, British Columbia",20:08,841169eb-3b85-45c0-a354-aea609367b15,2.9,Dropping off delivery,"1932 Quamichan Street, Victoria, BC, V8S 1H4, Victoria, British Columbia, V8S 1H4",19:57
business,uber,2026-05-31,"1932, Quamichan Street, Victoria, British Columbia",19:46,e1b84b70-19df-41a4-947e-34662c12a4d7,1.9,Dropping off delivery,"Fairfield Road, Victoria, British Columbia",19:36
business,uber,2026-05-31,"Fairfield Road, Victoria, British Columbia",19:36,7f79594c-77b2-4f75-8c58-780fd20efc36,0.5,Picking up food,"135, Passmore Street, Victoria, British Columbia",19:34
business,uber,2026-05-31,"135, Passmore Street, Victoria, British Columbia",19:33,e94e9930-e4de-4387-94cd-e5a518cade3b,1.8,Dropping off delivery,"137, Bushby Street, Victoria, British Columbia",19:25
business,uber,2026-05-31,"128, Bushby Street, Victoria, British Columbia",19:24,6b650cc6-8774-4415-879b-8bbd66b53d90,4.6,Dropping off delivery,"2525, Government Street, Victoria, British Columbia",19:13
business,uber,2026-05-31,"2525, Government Street, Victoria, British Columbia",19:13,816f8d2e-9b8a-439f-abfd-120555dacb75,1.5,Picking up food,"2670, Fifth Street, Victoria, British Columbia",19:09
business,uber,2026-05-31,"2670, Fifth Street, Victoria, British Columbia",19:09,d9409b18-9c77-4c89-b9c8-6d2d5972e427,0.8,Picking up food,"2533, Cook Street, Victoria, British Columbia",19:07
business,uber,2026-05-31,"2610, Cook Street, Victoria, British Columbia",19:06,85f75980-0b43-436f-a9b3-6b1393e2d375,1.8,Dropping off delivery,"3250, Cook Street, Saanich, British Columbia",19:01
business,uber,2026-05-31,"3232, Cook Street, Saanich, British Columbia",19:01,1b3a23dc-be52-43d7-ae30-ce791126949a,3.5,Dropping off delivery,"Stamboul Street, Saanich, British Columbia",18:49
business,uber,2026-05-31,"Stamboul Street, Saanich, British Columbia",18:49,df35425a-8ea7-4097-9a36-546194ac1f67,1.2,Picking up food,"1951, Woodley Road, Saanich, British Columbia",18:45
business,uber,2026-05-31,"1955, Woodley Road, Saanich, British Columbia",18:45,8b88ce35-2c49-4fad-a495-a06025a5d3e4,2.6,Dropping off delivery,"Bay Street, Saanich, British Columbia",18:38
business,uber,2026-05-31,"Bay Street, Saanich, British Columbia",18:37,f4507f08-f7e8-46ed-98e8-413a6a578f97,3.3,Dropping off delivery,"1018, Blanshard Street, Victoria, British Columbia",18:20
business,uber,2026-05-31,"1009, Blanshard Street, Victoria, British Columbia",18:19,29ee2a53-1350-4fe1-ad9c-891be8eb957f,1.3,Picking up food,"890, Academy Close, Victoria, British Columbia",18:13
business,uber,2026-05-31,"890, Academy Close, Victoria, British Columbia",18:13,b6f3fb0f-7cb9-4996-9515-1f644ed3fdd1,2.5,Dropping off delivery,"2630, Cook Street, Victoria, British Columbia",18:03
business,uber,2026-05-31,"Cook Street, Victoria, British Columbia",18:02,4960a81a-d208-4cdc-a43b-83215b2ad486,2.8,Dropping off delivery,"3140, Douglas Street, Victoria, British Columbia",17:53
business,uber,2026-05-31,"Douglas Street, Victoria, British Columbia",17:53,79365881-f2a5-40b9-a587-e3908aa4610e,3.7,Picking up food,"874, Fleming Street, Esquimalt, British Columbia",17:37
business,uber,2026-05-31,"868, Fleming Street, Esquimalt, British Columbia",17:36,c304ee3a-c382-424a-a29c-830fa2f5ad00,0.5,Dropping off delivery,"866, Craigflower Road, Esquimalt, British Columbia",17:29
business,uber,2026-05-31,"866, Craigflower Road, Esquimalt, British Columbia",17:29,6b9ed1ed-de62-4d62-a4b2-5a40890a472b,2.7,Dropping off delivery,"Gorge Road East, Victoria, British Columbia",17:18
business,uber,2026-05-31,"Gorge Road East, Victoria, British Columbia",17:18,6a6edcf6-7be2-4902-8cf0-bd16dc64dda7,3.5,Picking up food,"Baan Thai, Cadboro Bay Road, Oak Bay",17:05
business,uber,2026-05-31,"Baan Thai, Cadboro Bay Road, Oak Bay",17:05,48cd2900-4e3c-415f-b10f-445ec242c4e3,1.9,Picking up food,"1817, Neil Street, Saanich, British Columbia",17:01
business,uber,2026-05-31,"1879, Neil Street, Saanich, British Columbia",17:01,5b228a09-b5b9-442f-9096-6d144dab6686,2.5,Dropping off delivery,"1963, Cromwell Road, Saanich, British Columbia",16:48
business,uber,2026-05-31,"1963, Cromwell Road, Saanich, British Columbia",16:47,2e368448-f540-47a7-8806-a3debcf66b02,2.8,Dropping off delivery,"McKenzie Avenue, Gordon Head, Saanich, BC, V8N 0A4, Gordon Head, Saanich, Capital Regional District, British Columbia, V8N 0A4, Canada",16:29
business,,2026-05-31,"McKenzie Avenue, Gordon Head, Saanich, BC, V8N 0A4, Gordon Head, Saanich, Capital Regional District, British Columbia, V8N 0A4, Canada",16:08,86f6b42a-780d-465f-8faa-3ca643a8480f,3.3,Going to hot zone,"4526, Gordon Point Drive, Saanich, British Columbia",16:01
business,uber,2026-05-31,"48.48944, -123.30386",16:00,5b120253-ae14-4461-908f-4067c3cbb647,2.7,Dropping off delivery,"48.47353, -123.31972",15:54
business,uber,2026-05-31,"48.47427, -123.31963",15:53,cd113ad1-eb54-41ba-8653-138ba46ea53f,2.5,Dropping off delivery,"McKenzie Avenue, Saanich, British Columbia",15:42
business,uber,2026-05-31,"1632, McKenzie Avenue, Saanich, British Columbia",15:41,e0692084-5bbc-411c-9516-6a0bec2fb3da,0.1,Picking up food,"Papa John's, 1632 McKenzie Avenue, Saanich",15:41
business,uber,2026-05-31,"Papa John's, 1632 McKenzie Avenue, Saanich",15:41,e1d911df-be22-405d-a330-e07e6e52da03,1.2,Picking up food,"1723, Christmas Avenue, Saanich, British Columbia",15:35
business,uber,2026-05-31,"1723, Christmas Avenue, Saanich, British Columbia",15:35,4c2daf72-164c-4475-9b3a-056d0c4385f5,2.3,Dropping off delivery,"Shelbourne Street, Saanich, British Columbia",15:29
business,uber,2026-05-31,"Shelbourne Street, Saanich, British Columbia",15:28,676fc926-ed1a-4df9-bf7b-c42ad11d0847,0.7,Picking up food,"4053, Cedar Hill Road, Saanich, British Columbia",15:24
business,uber,2026-05-31,"4053, Cedar Hill Road, Saanich, British Columbia",15:24,06a91187-139e-4d18-a2f6-5ae32c8c9828,3.8,Dropping off delivery,"1366, Hillside Avenue, Victoria, British Columbia",15:09
business,uber,2026-05-31,"1366, Hillside Avenue, Victoria, British Columbia",15:09,97c61eea-e1c6-4561-ae3f-e2cba541bd35,3.8,Dropping off delivery,"Uptown Boulevard, Saanich, British Columbia",14:52
business,uber,2026-05-31,"48.45398, -123.37570",14:52,4612d76c-32a1-4d12-9e66-160597f641f7,4.1,Picking up food,"565, Mountfield Street, Saanich, British Columbia",14:44
business,uber,2026-05-31,"564, Mountfield Street, Saanich, British Columbia",14:44,28ce9377-69df-4fb6-b78a-58f8ae320b9f,3.2,Dropping off delivery,"Gorge Road East, Victoria, British Columbia",14:05
business,uber,2026-05-31,"Gorge Road East, Victoria, British Columbia",14:04,f32b1722-13f3-4865-9297-0b221c2a22b1,2.2,Picking up food,"201 Chown Place, 201 Chown Place, Victoria, BC, V9A 1L4, Victoria, British Columbia, V9A 1L4",13:58
business,uber,2026-05-31,"79, Gorge Road West, Saanich, British Columbia",13:56,8168c1a4-391b-4f43-a425-e8f408a7af60,0,Dropping off delivery,"201 Chown Place, Victoria, BC, V9A 1L4, Victoria, British Columbia, V9A 1L4",13:56
business,uber,2026-05-31,"201, Chown Place, Victoria, British Columbia",13:47,cf7b5597-b995-4994-b48b-a190abf2c56a,3.8,Dropping off delivery,"3465, Saanich Road, Saanich, British Columbia",13:36
business,uber,2026-05-31,"3465, Saanich Road, Saanich, British Columbia",13:33,279baab0-2f38-4216-ba32-d592696e39e8,2.8,Picking up food,"4062, Carey Road, Saanich, British Columbia",13:26
business,uber,2026-05-31,"1021, Marigold Road, Saanich, British Columbia",13:26,97436a59-fd0b-4759-9a11-9c30a315c435,5.9,Dropping off delivery,"Lot 1 Pasta Bar, Blanshard Street, Saanich",13:10
business,uber,2026-05-31,"Lot 1 Pasta Bar, Blanshard Street, Saanich",13:10,bade33f0-82e8-4127-8b83-871592051abd,2.3,Picking up food,"1432, Finlayson Street, Victoria, British Columbia",13:04
business,uber,2026-05-31,"1428, Finlayson Street, Victoria, British Columbia",13:03,70752890-6e94-4e47-86bf-9d8e74320e84,0.8,Dropping off delivery,"3044, Jackson Street, Victoria, British Columbia",12:59
business,uber,2026-05-31,"3055, Jackson Street, Victoria, British Columbia",12:58,c4ca3d83-cb89-4e63-89be-26655d0425b6,2.6,Dropping off delivery,"Big Wheel Burger, Lochside Regional Trail, Saanich",12:47
business,uber,2026-05-31,"Big Wheel Burger, Lochside Regional Trail, Saanich",12:47,4c2faa3b-e884-4bfc-a97e-caa0d6dee1af,3.6,Picking up food,"4144, Wilkinson Road, Saanich, British Columbia",12:37
business,uber,2026-05-31,"4144, Wilkinson Road, Saanich, British Columbia",12:36,c82d1d15-d704-4bf7-8c32-cb8319ecca0a,3.1,Picking up food,"48.46911, -123.38711",12:28
business,uber,2026-05-31,"48.46903, -123.38680",12:26,264d0588-be4b-4bee-b70c-e7b9ae877b1c,3.8,Dropping off delivery,"3501, Ravine Way, Saanich, British Columbia",12:17
business,uber,2026-05-31,"3501, Ravine Way, Saanich, British Columbia",12:17,d72b5836-c49f-4844-b57a-5d1da2c56f29,2.2,Picking up food,"3460, Quadra Street, Saanich, British Columbia",12:12
business,uber,2026-05-30,"Wark Street, Victoria, British Columbia",21:42,9fda181a-c067-4225-95f3-79058ee5951b,2.3,Dropping off delivery,"1627, Hillside Avenue, Victoria, British Columbia",21:32
business,uber,2026-05-30,"1627, Hillside Avenue, Victoria, British Columbia",21:32,e67c04a0-92ee-4e9e-9ab1-d127a2adf92f,1,Picking up food,"1506, Haultain Street, Victoria, British Columbia",21:26
business,uber,2026-05-30,"1508, Haultain Street, Victoria, British Columbia",21:26,7e971f09-f1c8-4c78-b120-5ddb3a04f226,1.2,Dropping off delivery,"2566, Fifth Street, Victoria, British Columbia",21:21
business,uber,2026-05-30,"2566, Fifth Street, Victoria, British Columbia",21:21,1d568daf-5f80-4488-9571-d3c9fadb7ff9,1.3,Dropping off delivery,"618, Fisgard Street, Victoria, British Columbia",21:14
business,uber,2026-05-30,"622, Fisgard Street, Victoria, British Columbia",21:14,b3dda0d4-56d0-47b3-b6f6-e34ec5ad2577,0.2,Picking up food,"522, Fisgard Street, Victoria, British Columbia",21:10
business,uber,2026-05-30,"513, Fisgard Street, Victoria, British Columbia",21:09,4e61260a-b470-4964-8cd2-e6aa442b70d3,2.8,Picking up food,"Malvern Street, Esquimalt, British Columbia",20:59
business,uber,2026-05-30,"Malvern Street, Esquimalt, British Columbia",20:56,0c116619-6339-48f9-87e3-24120880891f,4.4,Dropping off delivery,"Royal Spice Fine Indian Cuisine, Blanshard Street, Saanich",20:41
business,uber,2026-05-30,"Royal Spice Fine Indian Cuisine, Blanshard Street, Saanich",20:41,740e9ea6-732c-4b2d-b0d0-3a380e7d870c,1.5,Picking up food,"Saanich Road, Saanich, British Columbia",20:38
business,,2026-05-30,"3375, 3375, Oak Street, Saanich, British Columbia",20:38,aa0116ae-af4e-479e-a092-b7c696eaf26a,3.1,Going to hot zone,"3255, Cook Street, Saanich, British Columbia",20:30
business,uber,2026-05-30,"3232, Cook Street, Saanich, British Columbia",20:30,f83110af-9720-46f0-96c5-4afa885afafc,2,Dropping off delivery,"1734, Townley Street, Saanich, British Columbia",20:25
business,uber,2026-05-30,"1735, Townley Street, Saanich, British Columbia",20:25,f713343b-5d73-4dd9-9620-47ce3d1fbe90,2.4,Dropping off delivery,"1950, Oak Bay Avenue, Victoria, British Columbia",20:18
business,uber,2026-05-30,"Oak Bay Avenue, Victoria, British Columbia",20:18,30483436-8137-4ea8-87f2-ae5f2a86e0de,1,Picking up food,"1871, Fort Street, Victoria, British Columbia",20:05
business,uber,2026-05-30,"1881, Fort Street, Victoria, British Columbia",20:04,f3b95bbb-bce8-4048-a5e5-67a157c44e11,1.8,Picking up food,"2314, Oak Bay Avenue, Oak Bay, British Columbia",19:55
business,uber,2026-05-30,"2314, Oak Bay Avenue, Oak Bay, British Columbia",19:54,e82fd411-86ab-4dca-ae6f-d2ddbbcd1121,0.6,Dropping off delivery,"2005, Oak Bay Avenue, Oak Bay, British Columbia",19:49
business,uber,2026-05-30,"2012, Oak Bay Avenue, Oak Bay, British Columbia",19:49,dcb4bad3-86b4-409b-86b9-cd95eca87471,1.6,Picking up food,"1693, Fort Street, Victoria, British Columbia",19:40
business,uber,2026-05-30,"1693, Fort Street, Victoria, British Columbia",19:40,be50c074-2072-4014-a872-ce5d05eca178,1,Dropping off delivery,"1417, Stadacona Avenue, Victoria, British Columbia",19:36
business,uber,2026-05-30,"1417, Stadacona Avenue, Victoria, British Columbia",19:35,9760d48b-cf8b-4f1b-b0da-3f6a049e042a,1,Dropping off delivery,"1155, Mason Street, Victoria, British Columbia",19:31
business,uber,2026-05-30,"1158, Mason Street, Victoria, British Columbia",19:29,98cd8c93-58d9-482a-9462-4a70eaafbf63,3.3,Dropping off delivery,"815, Cloverdale Avenue, Saanich, British Columbia",19:17
business,uber,2026-05-30,"Blanshard Street, Saanich, British Columbia",19:16,b58bfc91-b14c-4ffc-8945-9e09e68252da,1.3,Picking up food,"Uptown Boulevard, Saanich, British Columbia",19:08
business,uber,2026-05-30,"Uptown Boulevard, Saanich, British Columbia",19:07,7e104f8e-2ce4-4920-b802-5285d09dd73a,1.9,Picking up food,"982, McKenzie Avenue, Saanich, British Columbia",19:00
business,skip,2026-05-30,"982, McKenzie Avenue, Saanich, British Columbia",18:52,09104cc9-c978-4253-99de-6b0e51289bf1,2.4,Dropping off delivery,"3335, Douglas Street, Saanich, British Columbia",18:39
business,uber,2026-05-30,"Audley Street, Saanich, British Columbia",18:38,f1cbdf1e-8816-446f-9c67-5919f398b2f0,0.5,Picking up food,"Oak Street, Saanich, British Columbia",18:34
business,,2026-05-30,"Oak Street, Saanich, British Columbia",18:17,c02e790b-f086-42a1-bad5-0e997d8dfb52,0.8,Going to hot zone,"Douglas Street, Saanich, British Columbia",18:13
business,,2026-05-30,"Douglas Street, Saanich, British Columbia",18:13,d607068a-cbba-421e-b3ba-a63f8ecc734a,6.4,Going to hot zone,"Chatterton Way, Saanich, British Columbia",17:58
personal,,2026-05-30,"Chatterton Way, Saanich, British Columbia",16:01,5890dd2f-f201-4db0-a066-3db456ab6774,7.8,Personal,"1575, Westall Avenue, Victoria, British Columbia",15:45
personal,uber,2026-05-30,"1575, Westall Avenue, Victoria, British Columbia",15:44,74419343-5580-4c02-aafa-b66b41e1acc0,3.9,Dropping off delivery,"48.42799, -123.36308",15:28
business,uber,2026-05-30,"48.42803, -123.36311",15:27,0ec07e8d-bbbb-4a92-93a1-e9355f0b76f8,0.5,Picking up food,"762, Fort Street, Victoria, British Columbia",15:07
business,uber,2026-05-30,"763, Fort Street, Victoria, British Columbia",15:05,a48760e7-ef66-43c4-b31d-870e457a2abb,5.8,Dropping off delivery,"3551, Uptown Boulevard, Saanich, British Columbia",14:44
business,uber,2026-05-30,"Douglas Street, Saanich, British Columbia",14:41,a5451243-51cf-44cc-a61c-d70290d990d1,0.6,Picking up food,"Saanich Road, Saanich, British Columbia",14:33
business,,2026-05-30,"McDonald's, McDonald's, 3465 Saanich Rd, Victoria, BC V8X 1W8, Canada",14:33,1dd3d815-8ce0-46c6-b5a4-b73da2df7528,3.3,Going to hot zone,"Craigflower Road, Esquimalt, British Columbia",14:22
business,uber,2026-05-30,"Tillicum Road, Esquimalt, British Columbia",14:22,17d127b3-4bc4-49d2-96dd-41983796a3e8,5.4,Dropping off delivery,"2790, Cedar Hill Road, Victoria, British Columbia",14:04
business,uber,2026-05-30,"2790, Cedar Hill Road, Victoria, British Columbia",14:03,058dfe8b-c35e-441e-9e2a-4b2599fb0577,1.5,Picking up food,"1422, Pembroke Street, Victoria, British Columbia",13:56
personal,,2026-06-10,"3420, Quadra Street, Saanich, British Columbia",22:16,1dc27349-9297-4553-a683-43c547c72b30,2.7,Home,"157, Gorge Road East, Victoria, British Columbia",22:07
business,skip,2026-06-10,"157, Gorge Road East, Victoria, British Columbia",22:03,6f62759e-f79b-487f-95f6-743acad3eb6f,1.4,Dropping off delivery,"322, Gorge Road West, Saanich, British Columbia",21:55
business,skip,2026-06-10,"Gorge Road West, Saanich, British Columbia",21:48,bd0cddea-ab38-414b-a02b-ccb5e924d3c5,0.9,Picking up food,"890, Lampson Street, Esquimalt, British Columbia",21:44
business,,2026-06-10,"890, Lampson Street, Esquimalt, British Columbia",21:44,e8bac115-cc89-4cde-8658-555344d6e5ae,3.7,,"Oak Street, Saanich, British Columbia",21:19
business,,2026-06-10,"Oak Street, Saanich, British Columbia",21:19,503cc01e-46bd-4b91-8fb8-d079e4481e82,5.2,Going to hot zone,"764, Mann Avenue, Saanich, British Columbia",21:12
business,skip,2026-06-10,"764, Mann Avenue, Saanich, British Columbia",21:12,64a06416-4397-49f0-89a9-fd944763d127,0.6,Dropping off delivery,"4291, Glanford Avenue, Saanich, British Columbia",21:07
business,skip,2026-06-10,"4291, Glanford Avenue, Saanich, British Columbia",21:07,20431d2b-ae9c-484c-956e-4a5466b90fe8,4.6,Picking up food,"Oak Street, Saanich, British Columbia",20:58
business,,2026-06-10,"Saanich Road, Saanich, British Columbia",20:58,740e6e50-bf49-4784-99ba-13794f94c3ec,2.4,Going to hot zone,"1035, Tolmie Avenue, Saanich, British Columbia",20:52
business,skip,2026-06-10,"1035, Tolmie Avenue, Saanich, British Columbia",20:52,43ac585a-06f1-48e2-b23c-045b2cf1a1d8,2.4,Dropping off delivery,"1605, Hillside Avenue, Victoria, British Columbia",20:45
business,skip,2026-06-10,"1605, Hillside Avenue, Victoria, British Columbia",20:44,9052090e-100e-4a0c-85db-0517ae7014a8,0.1,Picking up food,"3005, Shakespeare Street, Victoria, British Columbia",20:42
business,skip,2026-06-10,"3005, Shakespeare Street, Victoria, British Columbia",20:42,24b68e14-4fac-4463-bb5c-2e7ef4c0ed64,2.3,Dropping off delivery,"1288, Camrose Crescent, Saanich, British Columbia",20:32
business,skip,2026-06-10,"1288, Camrose Crescent, Saanich, British Columbia",20:30,6569f998-e264-4e7b-bc4c-377fb7b97627,2.7,Dropping off delivery,"960, Inverness Road, Saanich, British Columbia",19:58
business,skip,2026-06-10,"960, Inverness Road, Saanich, British Columbia",19:56,e57f9ebc-6fb3-43ab-afe5-db483f955ca1,1.5,Dropping off delivery,"3366, Douglas Street, Saanich, British Columbia",19:51
business,skip,2026-06-10,"3366, Douglas Street, Saanich, British Columbia",19:50,6574a654-baae-40ff-84e1-a18aa92cc926,0.6,Picking up food,"Oak Street, Saanich, British Columbia",19:46
business,,2026-06-10,"Oak Street, Saanich, British Columbia",19:46,f9e617ab-3dc6-40a9-9ce0-f3b58ad758aa,0.8,Going to hot zone,"3257, Linwood Avenue, Saanich, British Columbia",19:33
business,skip,2026-06-10,"3257, Linwood Avenue, Saanich, British Columbia",19:32,90c76c5a-eb7c-426f-9899-314210354f15,0.9,Dropping off delivery,"3620, Quadra Street, Saanich, British Columbia",19:29
business,skip,2026-06-10,"3620, Quadra Street, Saanich, British Columbia",19:28,6c07416b-43f6-45a5-8c2e-373754c8f0b1,0.3,Dropping off delivery,"Falmouth Road, Saanich, British Columbia",19:27
business,skip,2026-06-10,"Falmouth Road, Saanich, British Columbia",19:26,a116320a-0b5b-44d2-92a3-0b1ffe180339,1.5,Picking up food,"McKenzie Avenue, Saanich, British Columbia",19:22
business,skip,2026-06-10,"McKenzie Avenue, Saanich, British Columbia",19:21,4934cd20-d808-43a9-a111-ddb5cc5d5944,3.2,Picking up food,"3420, Quadra Street, Saanich, British Columbia",19:12
personal,,2026-06-09,"3420, Quadra Street, Saanich, British Columbia",21:58,4588de16-5418-41a3-a9d1-7f2f82262270,5.7,Home,"135, Dallas Road, Victoria, British Columbia",21:40
business,uber,2026-06-09,"455, Superior Street, Victoria, British Columbia",21:35,acbca279-587e-4ba8-b04c-84dd49dacdcd,2.5,Dropping off delivery,"1207, Douglas Street, Victoria, British Columbia",21:26
business,uber,2026-06-09,"712, View Street, Victoria, British Columbia",21:25,e22a4385-568c-4117-be9d-23ecb1d03a9f,1,Picking up food,"1012, Blanshard Street, Victoria, British Columbia",21:19
business,uber,2026-06-09,"1019, Blanshard Street, Victoria, British Columbia",21:18,6c6fd598-bc11-470d-8a8e-fcd4624e19d9,2,Picking up food,"1030, Princess Avenue, Victoria, British Columbia",21:10
business,uber,2026-06-09,"1030, Princess Avenue, Victoria, British Columbia",21:10,888b5c82-2fdf-40c8-84d4-f797c8b5ff78,1.2,Dropping off delivery,"Yates Street, Victoria, British Columbia",21:02
business,uber,2026-06-09,"Yates Street, Victoria, British Columbia",21:02,eea9480e-b720-42f4-acd6-ed856ab6a023,0.7,Picking up food,"805, Broughton Street, Victoria, British Columbia",20:55
business,,2026-06-09,"970, Blanshard Street, Victoria, British Columbia",20:55,aa6e53d0-2d24-44c1-b429-95ab1639cc15,1.5,Going to hot zone,"501, Government Street, Victoria, British Columbia",20:45
business,uber,2026-06-09,"501, Government Street, Victoria, British Columbia",20:45,530a5bd4-7e49-42f3-b6ad-66bf4f5d34fa,1.3,Dropping off delivery,"225, Menzies Street, Victoria, British Columbia",20:35
business,uber,2026-06-09,"225, Menzies Street, Victoria, British Columbia",20:35,e910de5b-44ef-4be1-a4cb-4835a1afe358,2.4,Picking up food,"214, Moss Street, Victoria, British Columbia",20:26
business,uber,2026-06-09,"214, Moss Street, Victoria, British Columbia",20:26,736dac5b-34ef-4a97-ae73-c534b7c41523,2.7,Dropping off delivery,"641, Fort Street, Victoria, British Columbia",20:20
business,uber,2026-06-09,"2010, Broughton Street, Victoria, British Columbia",20:17,e3dfdf76-5e5f-49c5-87a3-6ed3ebaf51bd,3.1,Picking up food,"540, West Bay Terrace, Esquimalt, British Columbia",20:08
business,uber,2026-06-09,"533, West Bay Terrace, Esquimalt, British Columbia",20:06,6d7d9604-88bc-4d25-bad5-674b9e56a62d,5.5,Dropping off delivery,"999, Hillside Avenue, Victoria, British Columbia",19:47
business,uber,2026-06-09,"999, Hillside Avenue, Victoria, British Columbia",19:46,208fbf5a-524b-4ea5-9970-fcd3633ecba2,2.5,Picking up food,"3420, Quadra Street, Saanich, British Columbia",19:42
business,,2026-06-08,"48.45460, -123.36192",22:26,8091f5c0-af42-480c-8ea5-5ffbc6d9aef5,4.6,Home,"48.47908, -123.39447",22:20
business,uber,2026-06-08,"565, Leaside Avenue, Saanich, British Columbia",22:18,24cca4fd-7585-4415-9d7b-183aebe07318,1.3,Dropping off delivery,"544, Agnes Street, Saanich, British Columbia",22:13
business,uber,2026-06-08,"999, Hillside Avenue, Victoria, British Columbia",22:03,f7f4f54e-e102-4beb-a0f4-864e7d127c76,0,Picking up food,"999, Hillside Avenue, Victoria, British Columbia",22:03
business,uber,2026-06-08,"549, Agnes Street, Saanich, British Columbia",22:12,73d1ac1a-74b0-4f6c-99bf-ce0d4b68d2c5,4.8,Dropping off delivery,"999, Hillside Avenue, Victoria, British Columbia",22:03
business,uber,2026-06-08,"999, Hillside Avenue, Victoria, British Columbia",22:02,cb1acbfb-fdb9-426c-84c4-42ca0421cf20,3,Picking up food,"1627, Hillside Avenue, Victoria, British Columbia",21:56
business,uber,2026-06-08,"1627, Hillside Avenue, Victoria, British Columbia",21:56,b0bbae27-799d-4eb9-a453-42b724145dc3,1.8,Picking up food,"1533, Gladstone Avenue, Victoria, British Columbia",21:51
business,uber,2026-06-08,"1524, Gladstone Avenue, Victoria, British Columbia",21:50,93b57b8c-ac55-49ef-a002-3e55530d61c1,1.4,Dropping off delivery,"1100, Yates Street, Victoria, British Columbia",21:45
business,uber,2026-06-08,"1100, Yates Street, Victoria, British Columbia",21:45,98fa9a98-753a-43e5-8f04-8b289c04d0f2,1.3,Dropping off delivery,"1340, Harrison Street, Victoria, British Columbia",21:36
business,uber,2026-06-08,"1340, Harrison Street, Victoria, British Columbia",21:35,d6c78435-71a2-4018-9674-d40be8490e65,0.8,Dropping off delivery,"989, Johnson Street, Victoria, British Columbia",21:29
business,uber,2026-06-08,"989, Johnson Street, Victoria, British Columbia",21:28,e20fe6d5-8d46-4b3c-8a2a-254dd8e769a9,0.5,Dropping off delivery,"1113, Blanshard Street, Victoria, British Columbia",21:18
business,uber,2026-06-08,"1107, Blanshard Street, Victoria, British Columbia",21:18,451a1251-5fad-41df-b217-152944e43894,0.5,Picking up food,"740, Burdett Avenue, Victoria, British Columbia",21:14
business,uber,2026-06-08,"740, Burdett Avenue, Victoria, British Columbia",21:13,d78838d1-00e1-4064-878f-1028cca7abe9,0.7,Dropping off delivery,"704, View Street, Victoria, British Columbia",21:02
business,uber,2026-06-08,"707, View Street, Victoria, British Columbia",21:01,85241393-52f6-4054-9883-ca062746934c,1.2,Picking up food,"850, Rupert Terrace, Victoria, British Columbia",20:56
business,uber,2026-06-08,"850, Rupert Terrace, Victoria, British Columbia",20:55,59cd8e0b-5d7b-4196-b152-3e2c216b4c28,2.1,Dropping off delivery,"1684, Douglas Street, Victoria, British Columbia",20:50
business,uber,2026-06-08,"1674, Douglas Street, Victoria, British Columbia",20:50,2af8dce6-65b2-4fc3-8a69-420b1122be67,1.5,Picking up food,"819, Yates Street, Victoria, British Columbia",20:44
business,uber,2026-06-08,"48.42580, -123.36106",20:44,720e5156-5de4-4096-99cc-a6568a3b8eca,0.7,Dropping off delivery,"Mason Street, Victoria, British Columbia",20:40
business,uber,2026-06-08,"954, Mason Street, Victoria, British Columbia",20:39,883d1fee-4c41-4f33-88e4-1dceca8f6ba2,1.3,Picking up food,"1015, Rockland Avenue, Victoria, British Columbia",20:33
business,uber,2026-06-08,"1015, Rockland Avenue, Victoria, British Columbia",20:33,35b1e6c5-c8b5-4ce7-b34e-4b0d270e6a97,1.4,Dropping off delivery,"658, View Street, Victoria, British Columbia",20:28
business,uber,2026-06-08,"658, View Street, Victoria, British Columbia",20:26,395bc97c-735b-4ba2-bfbe-46b371cc2377,1.9,Picking up food,"48.43162, -123.36210",20:17
business,uber,2026-06-08,"48.43149, -123.36215",20:17,18cd4e3e-969b-4657-9b92-7654b4e44337,1.1,Dropping off delivery,"Mason Street, Victoria, British Columbia",20:11
business,uber,2026-06-08,"980, Pandora Avenue, Victoria, British Columbia",20:11,a91361cc-f617-469c-aae3-e92cd77cfae4,3.6,Picking up food,"984, Saint Patrick Street, Oak Bay, British Columbia",20:01
business,uber,2026-06-08,"48.41657, -123.31278",19:59,c9bbb1a0-0ce0-460b-bebd-b712f374da38,1.8,Dropping off delivery,"2041, Granite Street, Oak Bay, British Columbia",19:48
business,uber,2026-06-08,"2041, Granite Street, Oak Bay, British Columbia",19:47,5a7d07f0-9092-4ed4-b633-ef3e212f35c9,3.5,Dropping off delivery,"1580, Cook Street, Victoria, British Columbia",19:39
business,uber,2026-06-08,"Mason Street, Victoria, British Columbia",19:39,de9f26ed-f397-4768-b022-69900b28d102,2.2,Picking up food,"Menzies Street, Victoria, British Columbia",19:28
business,uber,2026-06-08,"Menzies Street, Victoria, British Columbia",19:27,82bfa0ae-15b9-4e10-968e-ccd7d8b6f85c,1.2,Picking up food,"980, Blanshard Street, Victoria, British Columbia",19:22
business,,2026-06-08,"980, Blanshard Street, Victoria, British Columbia",19:20,61dec0f3-cc73-4f3d-a88b-2407fbec6cee,1.2,Going to hot zone,"968, Balmoral Road, Victoria, British Columbia",18:59
business,skip,2026-06-08,"968, Balmoral Road, Victoria, British Columbia",18:56,934441a4-66c0-49dc-b530-33b4c7aa693b,3,Dropping off delivery,"Blanshard Street, Saanich, British Columbia",18:43
business,skip,2026-06-08,"3521, Blanshard Street, Saanich, British Columbia",18:43,2dfa46d0-175a-4adb-a8a1-de46a45ba510,5.5,Picking up food,"3012, Cedar Hill Road, Victoria, British Columbia",18:32
business,skip,2026-06-08,"3012, Cedar Hill Road, Victoria, British Columbia",18:32,0945766d-9270-4cc2-9196-e541e842fecf,2.1,Dropping off delivery,"2670, Fifth Street, Victoria, British Columbia",18:26
business,skip,2026-06-08,"2670, Fifth Street, Victoria, British Columbia",18:25,65366ab1-0406-4b29-9f81-da200844048c,0.8,Picking up food,"3103, Quadra Street, Victoria, British Columbia",18:23
personal,,2026-06-06,"3420, Quadra Street, Saanich, British Columbia",21:45,a0cdb5c4-bb42-4214-bd6c-67a05443f6ee,2.6,Home,"173, Hampton Road, Saanich, British Columbia",21:37
business,uber,2026-06-06,"161, Hampton Road, Saanich, British Columbia",21:37,0dbc5ef6-4813-4e7e-a763-2df992be0e25,2.5,Dropping off delivery,"Bakery Mews, Victoria, British Columbia",21:29
business,uber,2026-06-06,"1160, Hillside Avenue, Victoria, British Columbia",21:29,fa32b3db-56ad-4456-88c3-c6c63ba7815b,2.8,Dropping off delivery,"McKenzie Avenue, Saanich, British Columbia",21:05
business,,2026-06-06,"48.46889, -123.33005",21:04,05cdfb98-a3d3-482c-80c8-a2cb1eead81f,1.2,Going to hot zone,"4206, Shelbourne Street, Saanich, British Columbia",21:01
business,skip,2026-06-06,"4206, Shelbourne Street, Saanich, British Columbia",21:01,06c9bbc2-8a55-4f83-b767-9bb9523684fa,4.6,Dropping off delivery,"Maple Street, Saanich, British Columbia",20:49
business,skip,2026-06-06,"Maple Street, Saanich, British Columbia",20:47,d6dc0294-8253-4cfa-a470-e1e2a43135b2,1.2,Picking up food,"Saanich Road, Saanich, British Columbia",20:28
business,,2026-06-06,"Oak Street, Saanich, British Columbia",20:27,96985a88-9caf-49b6-b53e-80afa6d93186,0.7,Going to hot zone,"1195, Tolmie Avenue, Victoria, British Columbia",20:23
business,skip,2026-06-06,"1199, Tolmie Avenue, Victoria, British Columbia",20:21,2a8b032e-cc6b-4d7f-9597-dcac7cc19a2b,1.7,Dropping off delivery,"Uptown Boulevard, Saanich Core, Saanich, BC, V8Z 3L0, Saanich Core, Saanich, Capital Regional District, British Columbia, V8Z 3L0, Canada",20:16
business,,2026-06-06,"Uptown, 3440 Saanich Rd, Victoria, BC V8Z, Canada",19:42,67f7f9a6-11d0-41b4-8866-db1b2d6d21ce,6.6,Going to hot zone,"48.47979, -123.39958",19:33
business,,2026-06-06,"48.47979, -123.39958",19:33,12d095fd-9ed8-4e15-b0e1-fb6723e2874f,2.5,,"Uptown Boulevard, Saanich, British Columbia",19:22
business,skip,2026-06-06,"Uptown Boulevard, Saanich, British Columbia",19:22,82bd02df-a452-4032-8842-ace35e5b5e17,1.3,Picking up food,"Saanich Road, Saanich, British Columbia",19:20
business,,2026-06-06,"Saanich Road, Saanich, British Columbia",19:20,8f6ac837-beb0-428e-a9bc-605e0e9377db,1.8,Going to hot zone,"3535, Maplewood Road, Saanich, British Columbia",19:13
business,skip,2026-06-06,"3535, Maplewood Road, Saanich, British Columbia",19:11,ca0f057a-3872-4cc9-84cb-87fc7190a811,2,Dropping off delivery,"3366, Douglas Street, Saanich, British Columbia",19:05
business,skip,2026-06-06,"3366, Douglas Street, Saanich, British Columbia",19:02,978ecad7-db4d-4768-8a5e-74efbc41455b,0.8,Picking up food,"Oak Street, Saanich, British Columbia",18:53
business,,2026-06-06,"Saanich Road, Saanich, British Columbia",18:53,dbf457a5-87f2-47d9-ae43-887c60b6a73c,6.2,Going to hot zone,"784, Murphy Place, Saanich, British Columbia",18:43
business,skip,2026-06-06,"784, Murphy Place, Saanich, British Columbia",18:41,6a9343d7-ec8e-42d5-bb27-5d8919339f7b,7.1,Dropping off delivery,"McKenzie Avenue, Saanich, British Columbia",18:32
business,skip,2026-06-06,"McKenzie Avenue, Saanich, British Columbia",18:31,b2eb035f-336d-43b4-ac54-505e22611f56,2.6,Picking up food,"590, O'Connell Place, Saanich, British Columbia",18:25
business,skip,2026-06-06,"590, O'Connell Place, Saanich, British Columbia",18:25,d544ace1-f78f-4dd8-8aa2-36b6c47dd197,4.1,Dropping off delivery,"Uptown Boulevard, Saanich, British Columbia",17:52
business,skip,2026-06-06,"Uptown Boulevard, Saanich, British Columbia",17:52,88503cd1-6ed4-4a45-951f-2a7f813c1dd9,0.8,Picking up food,"Oak Street, Saanich, British Columbia",17:43
business,skip,2026-06-06,"Saanich Road, Saanich, British Columbia",17:42,e04bd55f-672e-4e31-8f19-9e4148556a92,4.8,Dropping off delivery,"906, Parklands Drive, Esquimalt, British Columbia",17:32
business,skip,2026-06-06,"905, Parklands Drive, Esquimalt, British Columbia",17:31,f0fe0343-2cbe-4d1c-8d83-8b2197376d32,9.8,Dropping off delivery,"Uptown Boulevard, Saanich, British Columbia",17:17
business,doordash,2026-06-06,"Uptown Boulevard, Saanich, British Columbia",17:10,808b6e52-9df5-4bae-a6ae-4afb8f031f8b,1.3,Picking up food,"Saanich Road, Saanich, British Columbia",17:06
business,,2026-06-06,"Saanich Road, Saanich, British Columbia",17:05,9ffc0f32-0b07-4185-86f4-d672b0148c88,3.3,Going to hot zone,"4184, Quadra Street, Saanich, British Columbia",16:58
business,skip,2026-06-06,"4184, Quadra Street, Saanich, British Columbia",16:58,2bd63af8-1d5a-498f-9742-876ea9228b97,3.6,Dropping off delivery,"Uptown Boulevard, Saanich, British Columbia",16:47
business,skip,2026-06-06,"Uptown Boulevard, Saanich, British Columbia",16:43,34cc5ad9-cf32-4a98-96c0-0a20643160b7,0.8,Picking up food,"Saanich Road, Saanich, British Columbia",16:38
business,,2026-06-06,"48.45402, -123.37391",16:37,e838ec1f-5575-4cf5-acb9-3e422559b453,2.3,Going to hot zone,"Quadra Street, Victoria, British Columbia",16:32
business,,2026-06-06,"Quadra Street, Victoria, British Columbia",16:32,c0d6226f-baaf-474b-af57-56ce710e3b7e,11.1,Going to hot zone,"Royal Oak Drive, Saanich, British Columbia",16:18
personal,,2026-06-05,"3420, Quadra Street, Saanich, British Columbia",22:04,96d0fcdf-7900-41cf-888c-6061494cbb24,2.6,Home,"Westall Avenue, Victoria, British Columbia",21:57
business,uber,2026-06-05,"Westall Avenue, Victoria, British Columbia",21:51,4ab83a32-9d6b-4e19-ad36-ce17340e4493,6.9,Dropping off delivery,"McKenzie Avenue, Saanich, British Columbia",21:36
business,uber,2026-06-05,"McKenzie Avenue, Saanich, British Columbia",21:36,c7d68ab7-02a4-400d-8090-b4dc0b54e377,1.5,Picking up food,"Jolly Place, Saanich, British Columbia",21:30
business,uber,2026-06-05,"655, Hess Crescent, Saanich, British Columbia",21:26,ad503e27-bbf4-426f-a557-d1b63899ddaa,3.2,Dropping off delivery,"3465, Saanich Road, Saanich, British Columbia",21:19
business,uber,2026-06-05,"Oak Street, Saanich, British Columbia",21:18,aa2f10ec-b3d1-4892-b091-7aee4a56e18d,0.8,Picking up food,"Uptown Boulevard, Saanich, British Columbia",21:16
business,uber,2026-06-05,"Uptown Boulevard, Saanich, British Columbia",21:12,a4a0e720-8abd-4445-b1b7-0b71bd2f4a91,1,Picking up food,"Oak Street, Saanich, British Columbia",21:05
business,,2026-06-05,"Oak Street, Saanich, British Columbia",21:04,ec446272-3835-48a9-90f3-56c772e7b839,1.7,Going to hot zone,"1025, Hillside Avenue, Victoria, British Columbia",20:54
business,uber,2026-06-05,"1031, Hillside Avenue, Victoria, British Columbia",20:53,fad0a9fa-0664-4b61-a89e-7090e843a46f,1.7,Dropping off delivery,"Blanshard Street, Saanich, British Columbia",20:43
business,skip,2026-06-05,"Blanshard Street, Saanich, British Columbia",20:43,dae374a3-ce18-4aa7-b717-a6d608dd24c3,0.6,Picking up food,"Oak Street, Saanich, British Columbia",20:39
business,,2026-06-05,"Saanich Road, Saanich, British Columbia",20:39,7a003258-2c44-40ec-a810-924199d8f54b,0.7,Going to hot zone,"Boleskine Road, Saanich, British Columbia",20:34
business,,2026-06-05,"Boleskine Road, Saanich, British Columbia",20:34,f6e3cad3-603b-4041-97a4-3736bc65e88e,2.2,Going to hot zone,"431, Ker Avenue, Saanich, British Columbia",20:29
business,skip,2026-06-05,"431, Ker Avenue, Saanich, British Columbia",20:27,8189f448-9836-43d1-b5c2-d1239b21028c,5,Dropping off delivery,"622, Yates Street, Victoria, British Columbia",20:08
business,,2026-06-05,"619, Yates Street, Victoria, British Columbia",20:08,604a3ae1-8873-4b25-8826-94a8303382c4,3.7,Going to hot zone,"Cadboro Bay Road, Oak Bay, British Columbia",19:28
business,,2026-06-05,"Cadboro Bay Road, Oak Bay, British Columbia",19:19,6898a595-2335-4809-9bdc-0bacf59bd054,1.2,Going to hot zone,"2328, Foul Bay Road, Oak Bay, British Columbia",19:17
business,skip,2026-06-05,"2328, Foul Bay Road, Oak Bay, British Columbia",19:16,f12eb8fb-b424-42d1-aa19-ca72c93da2bb,0.4,Dropping off delivery,"2014, Foul Bay Road, Oak Bay, British Columbia",19:14
business,skip,2026-06-05,"2022, Foul Bay Road, Oak Bay, British Columbia",19:11,48de6d7b-e642-43b0-8984-2b63f14fa341,2.3,Picking up food,"2023, Townley Street, Oak Bay, British Columbia",19:09
business,skip,2026-06-05,"2023, Townley Street, Oak Bay, British Columbia",19:07,a5dc8b33-666b-4016-ad22-6a12e4f69079,5.5,Dropping off delivery,"Oak Street, Saanich, British Columbia",18:49
business,,2026-06-05,"Oak Street, Saanich, British Columbia",18:49,8fd0535d-3a5d-4dca-8476-d8d46b79387e,1.9,Going to hot zone,"3811, Carey Road, Saanich, British Columbia",18:44
business,skip,2026-06-05,"3811, Carey Road, Saanich, British Columbia",18:43,f1ac7f2e-08cc-419e-8a69-b190bab20ce2,1.1,Dropping off delivery,"Oak Street, Saanich, British Columbia",18:39
business,skip,2026-06-05,"Oak Street, Saanich, British Columbia",18:39,03826c4d-3ed9-46e1-9299-e060908a4187,5.8,Picking up food,"4619, Elk Lake Drive, Saanich, British Columbia",18:25
business,skip,2026-06-05,"4619, Elk Lake Drive, Saanich, British Columbia",18:25,65b8738a-5ce5-4007-af64-7d269a923790,5.2,Dropping off delivery,"White Spot, Quadra Street, Saanich",18:13
business,skip,2026-06-05,"White Spot, Quadra Street, Saanich",18:10,a56796ad-7c36-4e62-bbeb-d92118076071,2.3,Picking up food,"3582, Quadra Street, Saanich, British Columbia",18:07
business,skip,2026-06-05,"3520, Quadra Street, Saanich, British Columbia",18:07,c5e07b61-7c83-4287-a36e-ff5f685e1be3,2.3,Dropping off delivery,"Blanshard Street, Saanich, British Columbia",18:01
business,uber,2026-06-05,"Blanshard Street, Saanich, British Columbia",17:48,00484f73-41bb-45d4-9c3c-354020878f4a,8.8,Picking up food,"Royal Oak Drive, Saanich, British Columbia",17:35
personal,,2026-06-04,"3420, Quadra Street, Saanich, British Columbia",21:54,31a73f3b-918b-486a-8f9b-607e96fccb39,1.9,Home,"McDonald's, 3465 Saanich Road, Saanich, BC, V8Z 3L0, 3465 Saanich Road, Saanich, British Columbia, V8Z 3L0",21:49
business,,2026-06-04,"McDonald's, McDonald's, 3465 Saanich Road, Saanich, BC, V8Z 3L0, 3465 Saanich Road, Saanich, British Columbia, V8Z 3L0",21:42,0d7e662f-c179-4503-8b6b-8f15f04b2bd4,3.7,Going to hot zone,"996, Ambassador Avenue, Saanich, British Columbia",21:35
business,skip,2026-06-04,"996, Ambassador Avenue, Saanich, British Columbia",21:34,951fb33d-4fad-477f-afec-4785dcf5cdaf,4.4,Dropping off delivery,"Oak Street, Saanich, British Columbia",21:26
business,skip,2026-06-04,"Oak Street, Saanich, British Columbia",21:26,05d196a7-11b9-493b-8682-d0821c455404,1.1,Picking up food,"493, Burnside Road East, Victoria, British Columbia",21:13
business,uber,2026-06-04,"493, Burnside Road East, Victoria, British Columbia",21:12,64f61dae-493e-430d-a69e-b0f43c8c9a92,0.8,Dropping off delivery,"534, Dunedin Street, Victoria, British Columbia",21:00
business,uber,2026-06-04,"534, Dunedin Street, Victoria, British Columbia",21:00,b3abf947-c637-4a41-b913-4c130f9b875e,5.4,Dropping off delivery,"Oak Street Dental, 3375 Oak Street, Saanich, BC, V8Z 3L4, 3375 Oak Street, Saanich, British Columbia, V8Z 3L4",20:54
business,,2026-06-04,"Oak Street, Saanich, British Columbia",20:16,ea7017eb-81e3-4ce6-b02e-ef84eb7860fe,5,Going to hot zone,"McKenzie Avenue, Saanich, British Columbia",20:12
business,skip,2026-06-04,"Carey Road, Saanich, British Columbia",20:12,3a4a35b1-7c7b-447a-8c46-3c83ffaa68ed,3.7,Dropping off delivery,"Saanich Road, Saanich, British Columbia",19:57
business,skip,2026-06-04,"Saanich Road, Saanich, British Columbia",19:56,c069f902-6a45-4b86-8f5c-39bb0b43b1a9,1.6,Picking up food,"176, Lurline Avenue, Saanich, British Columbia",19:25
business,uber,2026-06-04,"176, Lurline Avenue, Saanich, British Columbia",19:25,62dab80c-5fa5-4500-b9c2-404cb7f07f19,1.2,Dropping off delivery,"315, Burnside Road West, Saanich, British Columbia",19:18
business,uber,2026-06-04,"Burnside Road West, Saanich, British Columbia",19:17,7a8b94b1-9d33-413c-8e43-ecb4b3285be0,4.3,Picking up food,"3420, Quadra Street, Saanich, British Columbia",19:09
business,,2026-06-04,"3420, Quadra Street, Saanich, British Columbia",19:09,b917c9c6-eb41-427a-a7e5-d207523d21a6,2.2,Going to hot zone,"3500, Blanshard Street, Saanich, British Columbia",17:35
personal,,2026-06-17,"3420, Quadra Street, Saanich, British Columbia",22:15,5fc0ef81-8304-418d-b9e3-d9e09a0e9cde,2.7,Home,"535, Manchester Road, Victoria, British Columbia",22:09
business,skip,2026-06-17,"535, Manchester Road, Victoria, British Columbia",22:09,ae6384d1-f7c2-4fb1-a58a-189e179c2517,2,Dropping off delivery,"Blanshard Street, Saanich, British Columbia",21:03
business,,2026-06-17,"Blanshard Street, Saanich, British Columbia",21:03,89470d1f-6136-4cf9-b153-38d41256f18d,2.3,,"48.45391, -123.37359",20:43
business,,2026-06-17,"48.45391, -123.37359",20:43,7fe965b1-19c1-4220-8dd0-f9c100e766ad,5.6,Going to hot zone,"48.48084, -123.40081",20:35
business,skip,2026-06-17,"Carey Road, Saanich, British Columbia",20:33,2735be9d-053c-4f40-a3cd-d9bbe4a5d869,2.9,Dropping off delivery,"White Spot, Quadra Street, Saanich",20:26
business,skip,2026-06-17,"White Spot, Quadra Street, Saanich",20:24,6c56863c-8d66-4fa2-8111-541458c682e5,3.6,Picking up food,"550, Broadway Street, Saanich, British Columbia",20:14
business,skip,2026-06-17,"550, Broadway Street, Saanich, British Columbia",20:12,8fc1c9da-a6c6-45cf-9bd4-01aa1d2f8748,4,Dropping off delivery,"48.45503, -123.37430",19:18
business,,2026-06-17,"Oak Street, Saanich, British Columbia",19:16,dfbb2fbc-8b2a-4d89-ba6d-df288be538fd,1.3,Going to hot zone,"991, Cloverdale Avenue, Saanich, British Columbia",18:43
personal,,2026-06-16,"3420, Quadra Street, Saanich, British Columbia",22:15,1291b717-14c3-482b-aecc-303612d9fa2d,4.7,Home,"David Foster Harbour Pathway, Victoria, British Columbia",21:54
business,skip,2026-06-16,"David Foster Harbour Pathway, Victoria, British Columbia",21:53,b40a1aeb-fe37-49f7-9fea-5841dbf8a9d4,1.7,Dropping off delivery,"662, View Street, Victoria, British Columbia",21:48
business,skip,2026-06-16,"662, View Street, Victoria, British Columbia",21:44,721fef14-aa37-4c8f-a9d6-78556a693dd1,2.2,Picking up food,"1433, Faircliff Lane, Victoria, British Columbia",21:38
business,skip,2026-06-16,"1433, Faircliff Lane, Victoria, British Columbia",21:33,a4fc3f6a-6e20-4630-80ae-8dd9e53087d6,2.1,Dropping off delivery,"1225, Douglas Street, Victoria, British Columbia",21:03
business,,2026-06-16,"1225, Douglas Street, Victoria, British Columbia",21:03,b82b51df-6976-46c1-9a77-80baea536c15,3.5,Going to hot zone,"1985, Haultain Street, Saanich, British Columbia",20:54
business,skip,2026-06-16,"1982, Haultain Street, Saanich, British Columbia",20:54,8324ac35-3b26-4507-9065-07497c91ad94,1.6,Dropping off delivery,"1700, Hillside Avenue, Victoria, British Columbia",20:42
business,,2026-06-16,"1700, Hillside Avenue, Victoria, British Columbia",20:40,263542ff-69e6-420d-bee2-5c455d2fd87a,1.5,Going to hot zone,"3680, Cottonwood Street, Saanich, British Columbia",20:37
business,skip,2026-06-16,"3680, Cottonwood Street, Saanich, British Columbia",20:37,e3d35b28-c516-49a1-91dc-398e77246f5f,0.2,Picking up food,"Church Avenue, Saanich, British Columbia",20:27
business,,2026-06-16,"Church Avenue, Saanich, British Columbia",20:27,213bd64c-5385-4bc9-abe5-9da84c99a308,0.6,Going to hot zone,"1702, Kingsberry Crescent, Saanich, British Columbia",20:24
business,skip,2026-06-16,"1705, Kingsberry Crescent, Saanich, British Columbia",20:24,3e3466f4-8cfc-4408-8215-ce7c315863bd,5.3,Dropping off delivery,"McKenzie Avenue, Saanich, British Columbia",20:01
business,,2026-06-16,"McKenzie Avenue, Saanich, British Columbia",20:01,688a32ff-f402-43a6-aa33-1cf397d74bda,6,Going to hot zone,"1828, Teakwood Road, Saanich, British Columbia",19:58
business,skip,2026-06-16,"1828, Teakwood Road, Saanich, British Columbia",19:58,68e1121c-ce07-4ad3-9b04-b459abeda2e5,5.5,Dropping off delivery,"Uptown Boulevard, Saanich, British Columbia",19:44
business,skip,2026-06-16,"Uptown Boulevard, Saanich, British Columbia",19:41,04677a58-c8d7-4980-b521-ef6354bc2051,5.1,Picking up food,"4560, West Saanich Road, Saanich, British Columbia",19:29
business,skip,2026-06-16,"4560, West Saanich Road, Saanich, British Columbia",19:27,22a86a1d-b620-4e20-a263-87b42a7aa222,4.6,Dropping off delivery,"Burnside Road West, Saanich, British Columbia",19:18
business,skip,2026-06-16,"Burnside Road West, Saanich, British Columbia",19:16,3cfc840a-19ff-43a3-92f2-da394d157814,0.8,Picking up food,"331, Obed Avenue, Saanich, British Columbia",19:12
business,skip,2026-06-16,"331, Obed Avenue, Saanich, British Columbia",19:10,a208da6a-e9e3-42e9-93ed-5d6444e08c95,3.4,Dropping off delivery,"3450, Uptown Boulevard, Saanich, British Columbia",19:04
business,skip,2026-06-16,"3450, Uptown Boulevard, Saanich, British Columbia",18:57,1fa350af-6c7f-4c39-958a-0981f740e46c,0.4,Picking up food,"Oak Street, Saanich, British Columbia",18:54
business,,2026-06-16,"Oak Street, Saanich, British Columbia",18:54,af9fc836-2720-4df8-9c47-d9c1ba73dafd,3.2,Going to hot zone,"3420, Quadra Street, Saanich, British Columbia",18:43
personal,,2026-06-15,"3420, Quadra Street, Saanich, British Columbia",22:08,8e6cef36-78db-4742-bf45-b62042f89183,4.4,Home,"1637, Davie Street, Victoria, British Columbia",21:56
business,skip,2026-06-15,"1637, Davie Street, Victoria, British Columbia",21:55,b6f8e877-83de-4352-858c-e5a8b0c13e72,1.9,Dropping off delivery,"McDonald's, 1581 Hillside Avenue, Victoria",21:49
business,skip,2026-06-15,"McDonald's, 1581 Hillside Avenue, Victoria",21:46,8ee798f3-0cfc-495b-b849-780d0b0e831d,0.6,Picking up food,"2751, Shelbourne Street, Victoria, British Columbia",21:45
business,skip,2026-06-15,"2748, Shelbourne Street, Victoria, British Columbia",21:40,53116460-5e9d-482f-850c-eb413e59b31b,3.3,Dropping off delivery,"Yates Street, Victoria, British Columbia",21:33
business,skip,2026-06-15,"Yates Street, Victoria, British Columbia",21:31,5928ffb8-10ba-4f5f-b28f-83c36fa8c035,2.9,Picking up food,"960, Inverness Road, Saanich, British Columbia",21:23
business,skip,2026-06-15,"960, Inverness Road, Saanich, British Columbia",21:21,c871aca4-c09e-43c1-ade1-948281f95c83,0.9,Dropping off delivery,"3366, Douglas Street, Saanich, British Columbia",21:15
business,skip,2026-06-15,"3366, Douglas Street, Saanich, British Columbia",21:14,01b6f8a2-967a-457c-bee5-6b9f3ed7b85a,3.4,Picking up food,"861, Fleming Street, Esquimalt, British Columbia",21:07
business,skip,2026-06-15,"871, Fleming Street, Esquimalt, British Columbia",21:05,fc0c4b40-ef85-40ef-aba8-1c3bdfd6e5b8,2.1,Dropping off delivery,"2821, Irma Street, Victoria, British Columbia",20:58
business,skip,2026-06-15,"2821, Irma Street, Victoria, British Columbia",20:53,04f09dc9-a29b-40d2-abd3-5cde02cf299f,1.8,Dropping off delivery,"Blanshard Street, Saanich, British Columbia",20:47
business,skip,2026-06-15,"Blanshard Street, Saanich, British Columbia",20:44,4f6c5e34-dd02-4a37-a376-41045540df43,4.9,Picking up food,"Douglas Street, Victoria, British Columbia",20:41
business,skip,2026-06-15,"Douglas Street, Victoria, British Columbia",20:38,f12b6212-d315-4ea3-b18a-036c50f34fe4,4.1,Picking up food,"532, Cecelia Road, Victoria, British Columbia",20:35
business,skip,2026-06-15,"532, Cecelia Road, Victoria, British Columbia",20:34,cd77971b-6e5d-4f13-a1f3-408f276b0b6d,2.7,Dropping off delivery,"Audley Street, Saanich, British Columbia",20:30
business,skip,2026-06-15,"Audley Street, Saanich, British Columbia",20:26,ffe43bbe-3c65-4ccf-b4de-c7f4c2ed12c1,1,Picking up food,"Oak Street, Saanich, British Columbia",20:20
business,,2026-06-15,"Oak Street, Saanich, British Columbia",20:19,40e56870-5236-445d-82f9-99f29f255039,2.8,Going to hot zone,"1268, Garkil Road, Saanich, British Columbia",20:12
business,skip,2026-06-15,"1269, Garkil Road, Saanich, British Columbia",20:12,1aff3376-6c7c-43ac-b512-0840763ce337,1.6,Dropping off delivery,"Church Avenue, Saanich, British Columbia",19:44
business,,2026-06-15,"Church Avenue, Saanich, British Columbia",19:44,62dd376b-a7ca-445c-9a93-829cdeae4397,0.6,Going to hot zone,"3906, Shorncliffe Road South, Saanich, British Columbia",19:41
business,skip,2026-06-15,"3906, Shorncliffe Road South, Saanich, British Columbia",19:38,b1849932-e0e9-4a2b-8c45-6c26683a865f,2.1,Dropping off delivery,"Cedar Hill Cross Road, Saanich, British Columbia",19:33
business,skip,2026-06-15,"Cedar Hill Cross Road, Saanich, British Columbia",19:32,eb958f2f-3d82-403c-b0db-33ece6870309,8.5,Picking up food,"3852, Wilkinson Road, Saanich, British Columbia",19:18
business,skip,2026-06-15,"3846, Wilkinson Road, Saanich, British Columbia",19:16,bc8030d8-24b0-46f4-ac97-501103c2546e,4,Dropping off delivery,"48.44988, -123.36959",19:07
business,,2026-06-15,"48.44988, -123.36959",19:07,f62ccea0-3021-47e5-8488-838510be24ef,2.4,,"Blanshard Street, Saanich, British Columbia",19:01
business,skip,2026-06-15,"Blanshard Street, Saanich, British Columbia",19:01,8ad6d4ea-059c-431b-928e-7ddcaa658d12,0.5,Picking up food,"Oak Street, Saanich, British Columbia",18:58
business,,2026-06-15,"McDonald's, McDonald's, 3465 Saanich Rd, Victoria, BC V8X 1W8, Canada",18:58,4c7b44f0-0d35-4eb0-a7a1-ae53e873b411,3.5,Going to hot zone,"1176, Craigflower Road, Esquimalt, British Columbia",18:51
business,skip,2026-06-15,"1176, Craigflower Road, Esquimalt, British Columbia",18:49,34e56716-e356-45fc-bc1c-240e3925a7f8,1.7,Dropping off delivery,"2891, Craigowan Road, View Royal, British Columbia",18:44
business,skip,2026-06-15,"2891, Craigowan Road, View Royal, British Columbia",18:42,028e5094-3aa1-41fa-9475-5433fe067ee3,3.1,Dropping off delivery,"Helmcken Road, View Royal, British Columbia",18:33
business,skip,2026-06-15,"Helmcken Road, View Royal, British Columbia",18:26,a4354ce9-e0f8-456e-ad95-53f25f277f51,4.5,Picking up food,"Oak Street, Saanich, British Columbia",18:13
business,,2026-06-15,"Oak Street, Saanich, British Columbia",18:12,18c3a16a-7036-4770-8cf7-1d6b9eb676ef,6.8,Going to hot zone,"4921, Wesley Road, Saanich, British Columbia",18:02
business,skip,2026-06-15,"4921, Wesley Road, Saanich, British Columbia",18:00,274061ba-e9e7-400f-b0ae-5a2e672727e6,5.9,Dropping off delivery,"Reynolds Road, Saanich, British Columbia",17:51
business,skip,2026-06-15,"Reynolds Road, Saanich, British Columbia",17:49,6aad60cc-0d8b-4a50-8af2-f9e84d146b9a,1.1,Picking up food,"3420, Quadra Street, Saanich, British Columbia",17:45
personal,,2026-06-15,"3420, Quadra Street, Saanich, British Columbia",17:37,5367779c-9346-444a-a1af-b6b438416041,5.7,Going to hot zone,"Royal Oak Drive, Saanich, British Columbia",17:16
personal,,2026-06-14,"3420, Quadra Street, Saanich, British Columbia",21:59,94bc603f-641e-410f-a2e9-396f9574099c,1.5,Home,"Saanich Road, Saanich, British Columbia",21:55
business,,2026-06-14,"1319 Tolmie Avenue, 1319 Tolmie Avenue, Victoria, BC, V8X 1G4, Victoria, British Columbia, V8X 1G4",21:55,155addee-4b9d-4beb-8a5e-b06f1cff0b73,0.8,Going to hot zone,"Harriet Road, Saanich, British Columbia",21:43
business,,2026-06-14,"Saanich Road, Saanich, British Columbia",21:55,c89a0575-5268-4105-983f-3a2278ca9d1e,1.2,,"Harriet Road, Saanich, British Columbia",21:42
business,skip,2026-06-14,"Harriet Road, Saanich, British Columbia",21:42,e090e65a-80a0-4b51-8dbf-d1c2c0b9d1ed,1.4,Dropping off delivery,"3388, Douglas Street, Saanich, British Columbia",21:40
business,skip,2026-06-14,"3388, Douglas Street, Saanich, British Columbia",21:39,364ab19a-77e2-4245-ab8f-72b92096be88,0.4,Picking up food,"Saanich Road, Saanich, British Columbia",21:35
business,,2026-06-14,"Oak Street, Saanich, British Columbia",21:35,79aed65f-6100-490a-8680-4b431831b457,1.4,Going to hot zone,"Gorge Road East, Victoria, British Columbia",21:05
business,skip,2026-06-14,"Gorge Road East, Victoria, British Columbia",21:03,f68ac1b1-34fb-4807-af15-fbbd2ddfeb39,1,Picking up food,"2821, Irma Street, Victoria, British Columbia",20:56
business,skip,2026-06-14,"2821, Irma Street, Victoria, British Columbia",20:52,d4a6d03f-0b13-4310-889f-a188dd06160f,1.5,Dropping off delivery,"Oak Street, Saanich, British Columbia",20:16
business,,2026-06-14,"Oak Street, Saanich, British Columbia",20:16,0472163c-7966-43ce-9f67-ade8b3ed327a,5.5,Going to hot zone,"1291, Hastings Street, Saanich, British Columbia",20:05
business,skip,2026-06-14,"1291, Hastings Street, Saanich, British Columbia",20:03,08916b5d-ec5b-4da5-b674-e5a29fdbf915,5.2,Dropping off delivery,"3271, Maple Street, Saanich, British Columbia",19:53
business,doordash,2026-06-14,"48.45059, -123.36858",19:48,3e42f099-a213-4cf5-b385-cfc247e0ec7a,0.5,Picking up food,"Blanshard Street, Saanich, British Columbia",19:40
business,,2026-06-14,"Blanshard Street, Saanich, British Columbia",19:40,c8ae7ff6-cda9-4807-9880-fa1dff77cba3,2.1,,"584, Margaret Street, Saanich, British Columbia",19:23
business,skip,2026-06-14,"584, Margaret Street, Saanich, British Columbia",19:23,ef733087-dd14-4a50-9f1b-6281e950c65a,5.1,Dropping off delivery,"1669, Pear Street, Saanich, British Columbia",19:13
business,skip,2026-06-14,"1669, Pear Street, Saanich, British Columbia",19:12,59da3498-5783-4a47-a9bc-f3479816f924,2.5,Picking up food,"McKenzie Avenue, Saanich, British Columbia",19:05
business,,2026-06-14,"McKenzie Avenue, Saanich, British Columbia",19:05,2d83a4a6-d9fd-4a91-8174-2dd2ad5f0c2f,2.7,Going to hot zone,"2450, Sinclair Road, Saanich, British Columbia",19:00
business,skip,2026-06-14,"2446, Sinclair Road, Saanich, British Columbia",19:00,db4050d4-236b-427a-a204-f400216a7400,4.7,Dropping off delivery,"McKenzie Avenue, Saanich, British Columbia",18:51
business,skip,2026-06-14,"McKenzie Avenue, Saanich, British Columbia",18:49,d11ceca2-df84-4ea2-87a9-12d588c534f3,4.4,Picking up food,"Oak Street, Saanich, British Columbia",18:43
business,,2026-06-14,"Oak Street, Saanich, British Columbia",18:43,ae022c9a-74d3-4f08-877b-19f882ed2355,2.2,Going to hot zone,"3136, Stevenson Place, Victoria, British Columbia",18:35
business,,2026-06-14,"3136, Stevenson Place, Victoria, British Columbia",18:35,7c140ab1-16c8-46c5-b070-b85b82e1a73d,5.8,,"944, Johnson Street, Victoria, British Columbia",18:22
business,skip,2026-06-14,"944, Johnson Street, Victoria, British Columbia",18:22,10054531-71bb-4ab0-8551-1f0e74a7dbef,0.7,Dropping off delivery,"Serena's Pizzeria and Hoagies, 766 Fort Street, Victoria",18:18
business,skip,2026-06-14,"Serena's Pizzeria and Hoagies, 766 Fort Street, Victoria",18:18,6441b64c-d585-4d82-95ae-81fd62b96da3,0.4,Picking up food,"716, Burdett Avenue, Victoria, British Columbia",18:12
business,skip,2026-06-14,"716, Burdett Avenue, Victoria, British Columbia",18:08,5efa5bb0-77e9-4b89-82f9-beec77f53839,1.1,Picking up food,"Fort Street, Victoria, British Columbia",17:51
business,,2026-06-14,"Fort Street, Victoria, British Columbia",17:51,a2f5249b-8f9b-4858-9048-740bba3a0073,2.4,Going to hot zone,"51, Moss Street, Victoria, British Columbia",17:43
business,skip,2026-06-14,"51, Moss Street, Victoria, British Columbia",17:43,abd66b7a-1a74-442f-8a10-363e69e11443,3.1,Dropping off delivery,"761, Fort Street, Victoria, British Columbia",17:36
business,skip,2026-06-14,"761, Fort Street, Victoria, British Columbia",17:34,74762009-2c6c-4ca3-895a-db69b43205ef,1.9,Picking up food,"11, Paddon Avenue, Victoria, British Columbia",17:27
business,skip,2026-06-14,"11, Paddon Avenue, Victoria, British Columbia",17:26,e9d27f76-f88a-435d-8b90-cf3969e52632,2.5,Dropping off delivery,"Government Street, Victoria, British Columbia",17:12
business,skip,2026-06-14,"Government Street, Victoria, British Columbia",17:10,8bdcda33-e3e8-452a-bfb7-4c25e2ed2b5d,0.8,Picking up food,"2350, Douglas Street, Victoria, British Columbia",17:08
business,skip,2026-06-14,"2350, Douglas Street, Victoria, British Columbia",17:05,941500d5-da24-402c-908f-d09cd28cb639,1.5,Picking up food,"821, Tyee Road, Victoria, British Columbia",17:01
business,skip,2026-06-14,"821, Tyee Road, Victoria, British Columbia",16:59,58452711-49b6-44fc-abc1-6b2362d3cc4a,3,Dropping off delivery,"650, View Street, Victoria, British Columbia",16:53
business,skip,2026-06-14,"650, View Street, Victoria, British Columbia",16:48,27ea8e07-80b2-4a55-9e6a-7c12c67bb6f9,0.1,Picking up food,"1207, Douglas Street, Victoria, British Columbia",16:43
business,,2026-06-14,"1207, Douglas Street, Victoria, British Columbia",16:43,daec54cb-5003-4915-99dd-dbc0a3882e03,1.3,Going to hot zone,"520, Cook Street, Victoria, British Columbia",16:37
business,skip,2026-06-14,"520, Cook Street, Victoria, British Columbia",16:36,a2ec5167-4a08-49b6-b4d7-39062581ea00,1.4,Dropping off delivery,"48.42556, -123.36624",16:30
business,skip,2026-06-14,"View Street, Victoria, British Columbia",16:29,b2820ed3-1cac-479b-827a-f18ba3369067,2.7,Picking up food,"530, Craigflower Road, Victoria, British Columbia",16:21
business,uber,2026-06-14,"1216, Styles Street, Victoria, British Columbia",16:20,30c2439c-5044-4a2e-8268-67db79c70ac0,3.9,Dropping off delivery,"685, Admirals Road, Esquimalt, British Columbia",16:09
business,skip,2026-06-14,"685, Admirals Road, Esquimalt, British Columbia",16:09,a1d4ea63-7f19-452f-8e53-53d38d9c8102,2.4,Dropping off delivery,"100, Aldersmith Place, View Royal, British Columbia",16:04
business,uber,2026-06-14,"Admirals Road, View Royal, British Columbia",16:03,88a13d19-9090-4a2e-b8d6-e85e4003c6e4,5.7,Picking up food,"Tolmie Avenue, Saanich, British Columbia",15:38
business,uber,2026-06-14,"Tolmie Avenue, Saanich, British Columbia",15:37,41a69eda-bd58-42bf-94a7-bbb120e82827,1.5,Picking up food,"Oak Street, Saanich, British Columbia",15:28
business,,2026-06-14,"Oak Street, Saanich, British Columbia",15:28,b9fee438-6667-41e5-b7e0-aebad5130ca9,3.2,Going to hot zone,"Gosper Crescent, Esquimalt, British Columbia",15:19
personal,,2026-06-13,"991, Cloverdale Avenue, Saanich, British Columbia",22:09,85639695-ac55-4bbf-bbb3-4c10607f0b9e,2.1,Home,"252, Gorge Road East, Victoria, British Columbia",21:59
business,skip,2026-06-13,"252, Gorge Road East, Victoria, British Columbia",21:50,b0707a08-65f7-499d-a454-f2390848fa3d,3.8,Dropping off delivery,"McDonald's, 1149 Esquimalt Road, Esquimalt",21:43
business,skip,2026-06-13,"McDonald's, 1149 Esquimalt Road, Esquimalt",21:39,fc734c9f-e44c-4f2b-8aac-12fd28091985,1.3,Picking up food,"Esquimalt Road, Esquimalt, British Columbia",21:35
business,skip,2026-06-13,"Esquimalt Road, Esquimalt, British Columbia",21:31,77a05789-39b5-4498-825c-d65b409b15d2,3.9,Dropping off delivery,"Carey Road, Saanich, British Columbia",21:19
business,,2026-06-13,"Carey Road, Saanich, British Columbia",21:19,e3d817c2-413d-478b-be04-ed7cb5670dab,1.6,,"Oak Street, Saanich, British Columbia",21:07
business,,2026-06-13,"Oak Street, Saanich, British Columbia",21:07,b2ad0a9c-ef53-4da9-8a97-06f357e889d8,0.7,Going to hot zone,"3130, Jutland Road, Victoria, British Columbia",21:02
business,skip,2026-06-13,"3130, Jutland Road, Victoria, British Columbia",20:57,31365b28-0b51-42c9-9900-d1c5b2083c63,2.7,Dropping off delivery,"1319 Tolmie Avenue, Victoria, BC, V8X 1G4, Victoria, British Columbia, V8X 1G4",20:40
business,,2026-06-13,"Oak Street, Saanich, British Columbia",20:40,b6554368-7caa-444b-afef-682313853927,1.8,Going to hot zone,"Saanich Road, Saanich Road, Saanich Core, Saanich, BC, V8X 1X7, Saanich Core, Saanich, Capital Regional District, British Columbia, V8X 1X7, Canada",20:34
business,skip,2026-06-13,"1319, Tolmie Avenue, Victoria, British Columbia",20:32,df0807b9-4462-4577-a19a-d1cdbbb283e5,2,Dropping off delivery,"Uptown Boulevard, Saanich, British Columbia",20:25
business,skip,2026-06-13,"Uptown Boulevard, Saanich, British Columbia",20:21,c74e6221-e7c2-40a1-a7ad-833a3c613e43,1.4,Picking up food,"Saanich Road, Saanich, British Columbia",20:16
business,,2026-06-13,"Oak Street, Saanich, British Columbia",20:16,8b172d1d-60c0-4e35-a0d7-2d030ed29540,1.4,Going to hot zone,"229, Gorge Road East, Victoria, British Columbia",20:09
business,skip,2026-06-13,"229, Gorge Road East, Victoria, British Columbia",20:06,e476a038-2bb6-4de4-a661-5040aca3b756,1.7,Dropping off delivery,"50, Burnside Road West, Saanich, British Columbia",20:01
business,skip,2026-06-13,"50, Burnside Road West, Saanich, British Columbia",19:57,413ef779-413d-4786-9907-4e013d4cf887,0.4,Picking up food,"3268, Millgrove Street, Saanich, British Columbia",19:54
business,skip,2026-06-13,"3268, Millgrove Street, Saanich, British Columbia",19:52,0bba3db9-e0ae-4918-9b9f-1808f9624af2,2.2,Dropping off delivery,"Saanich Road, Saanich, British Columbia",19:40
business,,2026-06-13,"Saanich Road, Saanich, British Columbia",19:40,b745b2ab-447a-497e-8650-bffff886e16e,16.1,Going to hot zone,"8047, Huckleberry Court, Central Saanich, British Columbia",19:23
business,skip,2026-06-13,"8047, Huckleberry Court, Central Saanich, British Columbia",19:21,43be1c88-7790-4bc3-b74b-ecdb56f78a41,3.7,Dropping off delivery,"Stelly's Cross Road, Central Saanich, British Columbia",19:14
business,skip,2026-06-13,"Gowdy Road, Central Saanich, British Columbia",19:13,7c457a7c-2eac-497c-a8fd-1d18596bc5d2,4,Dropping off delivery,"Veyaness Road, Central Saanich, British Columbia",19:06
business,skip,2026-06-13,"Veyaness Road, Central Saanich, British Columbia",19:01,8c3f13f3-a265-4ab2-b7cc-1ed8636d5d5f,10.2,Picking up food,"5275, Patricia Bay Highway, Saanich, British Columbia",18:54
business,skip,2026-06-13,"5275, Patricia Bay Highway, Saanich, British Columbia",18:54,5688533a-2809-4ce4-beff-97ec3bf1b49b,10.2,Dropping off delivery,"Sarpino's Pizzeria, 3009 Gosworth Road, Victoria",18:40
business,skip,2026-06-13,"Sarpino's Pizzeria, 3009 Gosworth Road, Victoria",18:36,127a0ad3-7b4b-446c-868f-e5a7fc97a9f6,0.4,Picking up food,"2701, Gosworth Road, Victoria, British Columbia",18:35
business,skip,2026-06-13,"2701, Gosworth Road, Victoria, British Columbia",18:33,d46c39e0-4ebc-421f-b4cd-fe1f9a7a0d84,0.5,Dropping off delivery,"Hillside Avenue, Victoria, British Columbia",18:31
business,skip,2026-06-13,"Hillside Avenue, Victoria, British Columbia",18:27,5c81bf7e-ef9e-4061-9bef-8051e595e60c,2.7,Picking up food,"Oakmount Road, Saanich, British Columbia",18:22
business,skip,2026-06-13,"Oakmount Road, Saanich, British Columbia",18:17,1ee1de06-2088-498f-ac6a-52fce52a6a5d,2.2,Dropping off delivery,"Hillside Avenue, Victoria, British Columbia",18:13
business,skip,2026-06-13,"Hillside Avenue, Victoria, British Columbia",18:04,5184d212-a468-4809-8853-ea31c2aed43f,3.4,Picking up food,"3505, James Heights, Saanich, British Columbia",17:54
business,skip,2026-06-13,"3505, James Heights, Saanich, British Columbia",17:53,97ffde34-f6cc-4a1d-bef6-5737b60b8e2d,3.9,Dropping off delivery,"315, Burnside Road West, Saanich, British Columbia",17:41
business,skip,2026-06-13,"315, Burnside Road West, Saanich, British Columbia",17:40,4171e027-43a7-42d1-9fa3-f2e322f89dd6,4.1,Picking up food,"48.45465, -123.43806",17:30
business,skip,2026-06-13,"280, Island Highway, View Royal, British Columbia",17:25,e6bcb03e-b674-46c9-8d31-791e40fd97bd,6.2,Dropping off delivery,"Douglas Street, Saanich, British Columbia",17:11
business,,2026-06-13,"Douglas Street, Saanich, British Columbia",17:11,89be1c28-6a48-4dd3-bff5-63ab2876d8dc,0.6,,"Uptown Boulevard, Saanich, British Columbia",17:05
business,skip,2026-06-13,"Uptown Boulevard, Saanich, British Columbia",17:05,901017f6-a6ab-4c6f-908d-1080a80739e3,0.9,Picking up food,"Oak Street, Saanich, British Columbia",16:38
business,,2026-06-13,"Oak Street, Saanich, British Columbia",16:38,1740c716-3341-4c2f-93a4-5e1067237843,5.9,Going to hot zone,"Royal Oak Drive, Saanich, British Columbia",16:28
business,skip,2026-06-12,"2657, Eastdowne Road, Oak Bay, British Columbia",19:34,8c431819-f744-46a1-b0f3-f10deaaf0115,0.6,Dropping off delivery,"2698, Foul Bay Road, Oak Bay, British Columbia",19:33
business,,2026-06-12,"2698, Foul Bay Road, Oak Bay, British Columbia",19:33,e6ebf421-f655-4516-9594-672b79f390c7,12,,"Cadboro Bay Road, Oak Bay, British Columbia",19:09
business,skip,2026-06-12,"Cadboro Bay Road, Oak Bay, British Columbia",19:09,77e2915d-f045-4587-bd3e-80edd2555161,2.7,Picking up food,"48.43130, -123.31186",19:07
business,skip,2026-06-12,"1756, Monteith Street, Oak Bay, British Columbia",19:05,bd53d7a6-b304-4b3d-a1a6-e3fc09e6d196,4.1,Dropping off delivery,"Noodle Box, 818 Douglas Street, Victoria",18:53
business,skip,2026-06-12,"Noodle Box, 818 Douglas Street, Victoria",18:51,aef69d17-7cfa-4754-812c-6cc6b02d9fde,0.2,Picking up food,"735, Humboldt Street, Victoria, British Columbia",18:47
business,skip,2026-06-12,"735, Humboldt Street, Victoria, British Columbia",18:41,f4f78b20-2543-4bed-860f-23d87195faee,5.9,Dropping off delivery,"Kisber Avenue, Saanich, British Columbia",18:24
business,skip,2026-06-12,"Kisber Avenue, Saanich, British Columbia",18:22,63ba76dc-97c0-4947-bbbd-937edaeefabd,0.8,Picking up food,"3700, Shelbourne Street, Saanich, British Columbia",18:21
business,skip,2026-06-12,"1550, Church Avenue, Saanich, British Columbia",18:16,cd73979d-4ee7-4bb2-ac7d-9984baab6a2e,4.3,Dropping off delivery,"McKenzie Avenue, Saanich, British Columbia",18:09
business,skip,2026-06-12,"McKenzie Avenue, Saanich, British Columbia",18:03,d279a668-6a72-4faf-92ee-3b579fa76d6b,6.2,Picking up food,"1171, Royal Oak Drive, Saanich, British Columbia",17:54
business,skip,2026-06-12,"1165, Royal Oak Drive, Saanich, British Columbia",17:52,fe6d4f3a-f34f-4ab3-8abc-c5967b668efc,4.3,Dropping off delivery,"Cedar Hill Cross Road, Saanich, British Columbia",17:42
business,skip,2026-06-12,"Cedar Hill Cross Road, Saanich, British Columbia",17:42,135bbab5-2ade-46f9-ab47-941c13999590,3,Picking up food,"3550, Saanich Road, Saanich, British Columbia",17:33
business,,2026-06-12,"3500, Blanshard Street, Saanich, British Columbia",17:33,f91e5eb2-a865-4a57-a1e7-59f955a59d38,3.4,Going to hot zone,"Royal Oak Drive, Saanich, British Columbia",17:29
personal,,2026-06-11,"3420, Quadra Street, Saanich, British Columbia",22:09,bce3e1c2-f9bb-4766-a6ed-fd7f21dce113,3.6,Home,"1055, Empress Avenue, Victoria, British Columbia",22:02
business,skip,2026-06-11,"1055, Empress Avenue, Victoria, British Columbia",21:56,1cce536b-8216-4fa2-9427-f4032abf2ee8,4.2,Dropping off delivery,"770, Cormorant Street, Victoria, British Columbia",21:52
business,skip,2026-06-11,"Yates Street, Victoria, British Columbia",21:50,6361d6ae-fbd3-47ab-bd61-1aa65c3dbe93,4.7,Picking up food,"80, Regatta Landing, Victoria, British Columbia",21:39
business,skip,2026-06-11,"80, Regatta Landing, Victoria, British Columbia",21:37,c1a89e0a-c4e4-4c58-a9d9-3a0e510624ea,1.3,Dropping off delivery,"Esquimalt Road, Victoria, British Columbia",21:35
business,skip,2026-06-11,"60, Saghalie Road, Victoria, British Columbia",21:34,348c56df-1a31-42a1-9884-660ea666d4dd,3.8,Dropping off delivery,"1003, Blanshard Street, Victoria, British Columbia",20:47
business,,2026-06-11,"1003, Blanshard Street, Victoria, British Columbia",20:47,b3bb2083-c8d9-486c-a05e-88ff313dc94f,2.1,Going to hot zone,"180, Croft Street, Victoria, British Columbia",20:39
business,skip,2026-06-11,"180, Croft Street, Victoria, British Columbia",20:38,34c0765f-9d9f-479f-92e8-59002c9aeefb,2.1,Dropping off delivery,"425, Chester Avenue, Victoria, British Columbia",20:33
business,doordash,2026-06-11,"425, Chester Avenue, Victoria, British Columbia",20:31,7324b013-4d8e-4351-ab70-a5ae71028a30,2,Dropping off delivery,"48.42545, -123.36462",20:26
business,skip,2026-06-11,"655, View Street, Victoria, British Columbia",20:23,2b243b90-e171-4c00-9c92-be048f0f517b,1.3,Picking up food,"1006, Fort Street, Victoria, British Columbia",20:14
business,skip,2026-06-11,"1006, Fort Street, Victoria, British Columbia",20:14,c40396ce-2ea4-499c-8da1-5d4f0b1aeff4,2.8,Dropping off delivery,"2005, Oak Bay Avenue, Oak Bay, British Columbia",20:07
business,skip,2026-06-11,"2005, Oak Bay Avenue, Oak Bay, British Columbia",19:59,08263231-52e3-4fb9-be54-2b991756bb42,3,Picking up food,"1528, Pandora Avenue, Victoria, British Columbia",19:55
business,,2026-06-11,"1557, Oak Bay Avenue, Victoria, British Columbia",19:55,2ab702a4-a96a-4a12-b625-c2cee810530c,1.5,Going to hot zone,"2041, Granite Street, Oak Bay, British Columbia",19:50
business,skip,2026-06-11,"2041, Granite Street, Oak Bay, British Columbia",19:44,43f8b563-bd42-442a-93c6-ace78fed065c,6.7,Dropping off delivery,"1520, McKenzie Avenue, Saanich, British Columbia",19:34
business,skip,2026-06-11,"McKenzie Avenue, Saanich, British Columbia",19:20,70ce2bde-89eb-45ff-9616-bef61e73f96f,1.2,Picking up food,"McKenzie Avenue, Saanich, British Columbia",19:17
business,,2026-06-11,"McKenzie Avenue, Saanich, British Columbia",19:17,b87f083c-ebf5-42e5-b87d-ff1dc2b37779,2.5,Going to hot zone,"2446, Sinclair Road, Saanich, British Columbia",19:00
business,skip,2026-06-11,"2450, Sinclair Road, Saanich, British Columbia",19:00,5f6d9b0a-4f9c-4b88-995c-df4ae064ed65,8.7,Dropping off delivery,"McKenzie Avenue, Saanich, British Columbia",18:49
business,skip,2026-06-11,"McKenzie Avenue, Saanich, British Columbia",18:47,5e057229-1c86-4be3-8a85-31caf973aee1,3.9,Picking up food,"3420, Quadra Street, Saanich, British Columbia",18:42
business,skip,2026-06-24,"1005, McKenzie Avenue, Saanich, British Columbia",22:01,15b58576-9cde-4118-9a4d-12169ca7ac30,2.7,Dropping off delivery,"4291, Glanford Avenue, Saanich, British Columbia",21:57
business,skip,2026-06-24,"4291, Glanford Avenue, Saanich, British Columbia",21:55,d67d1c53-67b9-4215-b280-4e83af6365dd,1.2,Picking up food,"594, Agnes Street, Saanich, British Columbia",21:46
business,skip,2026-06-24,"594, Agnes Street, Saanich, British Columbia",21:46,9fa7a69f-d5d3-4d7b-88b8-b22768b994e2,4.4,Dropping off delivery,"Tolmie Avenue, Saanich, British Columbia",21:36
business,skip,2026-06-24,"Tolmie Avenue, Saanich, British Columbia",21:33,6c71edfa-8f9c-4b9d-b227-b3277b0ff392,0.7,Picking up food,"Oakmount Road, Saanich, British Columbia",21:28
business,skip,2026-06-24,"Oakmount Road, Saanich, British Columbia",21:22,30ebf958-0b23-4e1d-8199-da67e959d94e,3.5,Dropping off delivery,"911, Yates Street, Victoria, British Columbia",21:13
business,skip,2026-06-24,"911, Yates Street, Victoria, British Columbia",21:06,cdb86222-4323-4aa5-b472-b6fc6ff5161b,0.5,Picking up food,"1116, Meares Street, Victoria, British Columbia",21:03
business,skip,2026-06-24,"1116, Meares Street, Victoria, British Columbia",20:59,742c3e35-e6a2-4659-b349-6d4731d39add,1.1,Dropping off delivery,"712, Yates Street, Victoria, British Columbia",20:55
business,skip,2026-06-24,"712, Yates Street, Victoria, British Columbia",20:50,0593b2dc-c6c7-4ee8-a631-62e9c3a3bc1c,0.5,Picking up food,"701, Fort Street, Victoria, British Columbia",20:32
business,,2026-06-24,"701, Fort Street, Victoria, British Columbia",20:31,508f87d4-c316-4c97-b675-0e4180d651d8,1.4,Going to hot zone,"666, Cook Street, Victoria, British Columbia",20:26
business,skip,2026-06-24,"666, Cook Street, Victoria, British Columbia",20:22,f052b190-5d1f-480e-924d-57eff44bc0ed,2.8,Dropping off delivery,"2670, Fifth Street, Victoria, British Columbia",20:16
business,skip,2026-06-24,"2670, Fifth Street, Victoria, British Columbia",20:15,9a220f62-bcdd-4514-a447-65bb75229d26,1.8,Picking up food,"3274, Glasgow Avenue, Saanich, British Columbia",20:11
business,skip,2026-06-24,"3274, Glasgow Avenue, Saanich, British Columbia",20:08,29fe6a0b-5d68-4b86-96b7-8a845d069be5,4.4,Dropping off delivery,"Blanshard Street, Saanich, British Columbia",19:23
business,skip,2026-06-24,"3551, Blanshard Street, Saanich, British Columbia",19:23,d5269d2f-6152-4aeb-9ee7-f337f65dbd4e,3.7,Picking up food,"Oak Street, Saanich, British Columbia",18:46
business,,2026-06-24,"Oak Street, Saanich, British Columbia",18:46,d71f9fd9-ff53-439a-8e4c-b69a438195a9,3.3,Going to hot zone,"1093, Gosper Crescent, Esquimalt, British Columbia",18:38
business,skip,2026-06-24,"1102, Gosper Crescent, Esquimalt, British Columbia",18:35,373416b1-836c-4418-b871-a4889020bef0,5,Dropping off delivery,"3420, Quadra Street, Saanich, British Columbia",18:21
business,,2026-06-23,"Saanich Road, Saanich, British Columbia",21:56,275e69b4-ef52-48d7-ae34-7762ab3374df,3.6,Going to hot zone,"665, Baxter Avenue, Saanich, British Columbia",21:42
business,skip,2026-06-23,"4108, Hawkes Avenue, Saanich, British Columbia",21:42,32e80694-497f-4300-9900-7e98dd25c85c,2.6,Dropping off delivery,"Royal Oak Trail, Saanich, British Columbia",21:38
business,skip,2026-06-23,"Patricia Bay Highway, Saanich, British Columbia",21:35,66118c3b-2c90-4f82-9821-2d1259ebfeee,6.3,Picking up food,"739, Miller Avenue, Saanich, British Columbia",21:23
business,skip,2026-06-23,"739, Miller Avenue, Saanich, British Columbia",21:22,d3ce8060-5cfc-4838-af6e-407dd21a7869,1.7,Dropping off delivery,"4291, Glanford Avenue, Saanich, British Columbia",21:17
business,skip,2026-06-23,"4291, Glanford Avenue, Saanich, British Columbia",21:16,f932e5b8-815a-4fca-8352-67a36f457f2e,9.4,Picking up food,"2470, Tanner Road, Central Saanich, British Columbia",21:07
business,skip,2026-06-23,"2470, Tanner Road, Central Saanich, British Columbia",21:06,18fe5bb7-2322-451e-ab06-aedced7c01b8,13.4,Dropping off delivery,"Oak Street, Saanich, British Columbia",20:32
business,,2026-06-23,"Saanich Road, Saanich, British Columbia",20:32,0cad8863-f3cf-4728-b425-fd012df5f23d,6.9,Going to hot zone,"740, Travino Lane, Saanich, British Columbia",20:24
business,skip,2026-06-23,"740, Travino Lane, Saanich, British Columbia",20:20,ae19c73a-67a6-4077-8174-a4883e865f61,2,Dropping off delivery,"4291, Glanford Avenue, Saanich, British Columbia",20:12
business,skip,2026-06-23,"Glanford Avenue, Saanich, British Columbia",20:11,43a07e11-3dc6-4d49-be95-34b9c86be694,6.4,Picking up food,"49, Kingham Place, View Royal, British Columbia",20:00
business,skip,2026-06-23,"49, Kingham Place, View Royal, British Columbia",19:59,c0383c62-5d64-4796-832b-79ffc97f6626,5.7,Dropping off delivery,"Uptown Boulevard, Saanich, British Columbia",19:51
business,skip,2026-06-23,"Uptown Boulevard, Saanich, British Columbia",19:46,6dae60ce-b4fd-43af-96ca-e8d86a5d2ec2,1,Picking up food,"Oak Street, Saanich, British Columbia",19:43
business,,2026-06-23,"Oak Street, Saanich, British Columbia",19:39,908af19b-99cf-46f3-a9f3-5b2bdcbf3d09,2.3,Going to hot zone,"48.45370, -123.39289",19:35
business,skip,2026-06-23,"275, Burnside Road West, Saanich, British Columbia",19:32,f467fe7a-c2cf-4e77-8aac-4aa908d7488d,2.9,Dropping off delivery,"Oak Street, Saanich, British Columbia",19:15
business,,2026-06-23,"Oak Street, Saanich, British Columbia",19:14,7c3f0282-ca52-48d8-94be-55b852b392ae,1.3,Going to hot zone,"3154, Carroll Street, Victoria, British Columbia",19:09
business,skip,2026-06-23,"3154, Carroll Street, Victoria, British Columbia",19:07,ad41f512-c993-4aaa-b954-7c9f31102bcc,1.4,Dropping off delivery,"3366, Douglas Street, Saanich, British Columbia",19:03
business,skip,2026-06-23,"3366, Douglas Street, Saanich, British Columbia",18:58,85034de6-0e31-46d7-b187-476f1fedc4b0,0.8,Picking up food,"Oak Street, Saanich, British Columbia",18:33
business,,2026-06-23,"Saanich Road, Saanich, British Columbia",18:33,c7cb0452-8d42-4d31-8466-7b17c4fb6280,1.3,Going to hot zone,"3420, Quadra Street, Saanich, British Columbia",18:23
personal,,2026-06-22,"3420, Quadra Street, Saanich, British Columbia",22:21,e124c309-61db-4cc3-89ed-b2db3e6d3c7d,3.5,Home,"48.45775, -123.39232",22:14
business,skip,2026-06-22,"Trans-Canada Highway, Saanich, British Columbia",22:14,a46ad930-4583-431c-806b-d3e79c768164,1.6,Dropping off delivery,"Uptown Boulevard, Saanich, British Columbia",22:07
business,skip,2026-06-22,"Uptown Boulevard, Saanich, British Columbia",21:59,45338842-9285-4a2e-b750-0eebda595d02,1.1,Picking up food,"982, Lovat Avenue, Saanich, British Columbia",21:55
business,skip,2026-06-22,"982, Lovat Avenue, Saanich, British Columbia",21:54,b03836ac-b428-41ca-ae49-700bb582512b,1.3,Dropping off delivery,"Saanich Road, Saanich, British Columbia",21:51
business,,2026-06-22,"Oak Street, Saanich, British Columbia",21:50,6053c375-2179-4e45-8798-a39618baca7d,2.6,Going to hot zone,"3922, Blenkinsop Road, Saanich, British Columbia",21:30
business,skip,2026-06-22,"3922, Blenkinsop Road, Saanich, British Columbia",21:27,3487084a-ed4a-4dc2-869e-4aada20ff4bb,6.8,Dropping off delivery,"Admirals Road, View Royal, British Columbia",21:16
business,skip,2026-06-22,"Admirals Road, View Royal, British Columbia",21:12,43bbc17b-3fcf-44e8-ae52-d4dfa5fca580,3.7,Picking up food,"4064, Carey Road, Saanich, British Columbia",21:06
business,skip,2026-06-22,"4064, Carey Road, Saanich, British Columbia",21:05,12e39363-e3e1-40b7-919f-f5bc8fdb3b53,2.7,Dropping off delivery,"Uptown Boulevard, Saanich, British Columbia",21:00
business,skip,2026-06-22,"Uptown Boulevard, Saanich, British Columbia",20:59,ffe37a9c-d742-42b9-9ce5-84abf8104e8b,1.4,Picking up food,"Saanich Road, Saanich, British Columbia",20:56
business,,2026-06-22,"Oak Street, Saanich, British Columbia",20:56,ea911384-0427-4dc3-ad24-99edb6d8fda3,2.2,Going to hot zone,"Oakmount Road, Saanich, British Columbia",20:45
business,skip,2026-06-22,"Oakmount Road, Saanich, British Columbia",20:43,af947d5e-960e-4cbe-9616-5103c8ee2c49,2.8,Dropping off delivery,"Gorge Road East, Victoria, British Columbia",20:35
business,skip,2026-06-22,"Gorge Road East, Victoria, British Columbia",20:35,3b1244b7-6613-4840-93bb-87d91620ce26,4.9,Picking up food,"841, Admirals Road, Esquimalt, British Columbia",20:23
business,skip,2026-06-22,"841, Admirals Road, Esquimalt, British Columbia",20:22,35416434-5c9b-40b1-8c0e-602c5fb65da6,6.7,Dropping off delivery,"Red Robin, 800 Tolmie Avenue, Saanich",20:11
business,skip,2026-06-22,"Red Robin, 800 Tolmie Avenue, Saanich",20:09,eb6965f2-1657-4b05-b5c2-ffa64773c7d9,0.7,Picking up food,"3260, Quadra Street, Saanich, British Columbia",20:07
business,,2026-06-21,"734, Broughton Street, Victoria, British Columbia",21:33,4a02dd00-6b85-4c71-9fe0-c875090b8cf0,0.6,Going to hot zone,"1116, Meares Street, Victoria, British Columbia",21:28
business,skip,2026-06-21,"1023, Cook Street, Victoria, British Columbia",21:25,2721c8af-4c36-4829-8909-36a56db700bf,0.9,Dropping off delivery,"662, View Street, Victoria, British Columbia",21:22
business,skip,2026-06-21,"662, View Street, Victoria, British Columbia",21:20,e497fe1c-5ca2-4f05-b1fa-9956d0ee5cc5,0.3,Picking up food,"710, Fort Street, Victoria, British Columbia",20:53
business,,2026-06-21,"710, Fort Street, Victoria, British Columbia",20:53,aac3607d-e4ed-4abe-b30c-46f172d8ddbc,0.8,Going to hot zone,"646, Michigan Street, Victoria, British Columbia",20:45
business,skip,2026-06-21,"646, Michigan Street, Victoria, British Columbia",20:39,ab167058-6c7d-44b2-9871-4c4680776eec,0.6,Dropping off delivery,"716, Burdett Avenue, Victoria, British Columbia",20:35
business,skip,2026-06-21,"716, Burdett Avenue, Victoria, British Columbia",20:32,12c3d606-27f6-4662-b94d-ddd0f3d5a209,0.3,Picking up food,"1205, Blanshard Street, Victoria, British Columbia",20:14
business,,2026-06-21,"1205, Blanshard Street, Victoria, British Columbia",20:14,87fea14b-9e19-4401-b9dc-0367ef122551,1,Going to hot zone,"1342, Johnson Street, Victoria, British Columbia",20:09
business,skip,2026-06-21,"1342, Johnson Street, Victoria, British Columbia",20:08,a299f5ce-d95b-4c17-bcf4-b894cafca550,0.6,Dropping off delivery,"1504, Fernwood Road, Victoria, British Columbia",20:06
business,skip,2026-06-21,"1504, Fernwood Road, Victoria, British Columbia",20:00,be1f8e5a-e719-4eca-99b2-b8d980c4859c,1.1,Dropping off delivery,"615, Yates Street, Victoria, British Columbia",19:53
business,skip,2026-06-21,"784, Yates Street, Victoria, British Columbia",19:51,de829836-ac29-40ed-a85a-30f8a5a77750,0.3,Picking up food,"790, Fisgard Street, Victoria, British Columbia",19:49
business,skip,2026-06-21,"790, Fisgard Street, Victoria, British Columbia",19:46,73d45d5e-c53a-4b6c-ba70-ab2048097ccc,1.5,Dropping off delivery,"Tolmie Avenue, Saanich, British Columbia",19:36
business,skip,2026-06-21,"Tolmie Avenue, Saanich, British Columbia",19:36,ae05dc25-a0e7-4eac-92f7-20a9f24ed933,2.4,Picking up food,"3407, Doncaster Drive, Saanich, British Columbia",19:28
business,skip,2026-06-21,"3407, Doncaster Drive, Saanich, British Columbia",19:27,db683121-45ec-4559-b397-0711fb7d50e7,3.6,Dropping off delivery,"Uptown Boulevard, Saanich, British Columbia",19:15
business,skip,2026-06-21,"48.45564, -123.37633",19:15,906d2cdb-5d8f-482f-9045-9260358d6d98,0.5,Picking up food,"48.45394, -123.37389",18:47
business,,2026-06-21,"Oak Street, Saanich, British Columbia",18:46,2c934419-7c95-4326-b5e8-68b4bbf579bd,1.4,Going to hot zone,"535, Manchester Road, Victoria, British Columbia",18:42
business,skip,2026-06-21,"535, Manchester Road, Victoria, British Columbia",18:40,a736d442-79b3-47b1-a3de-b08b546b0807,1.4,Dropping off delivery,"Maple Street, Saanich, British Columbia",18:34
business,skip,2026-06-21,"Maple Street, Saanich, British Columbia",18:22,6526a346-0f34-4a98-9612-42d0c5c20b0c,1.9,Picking up food,"Oak Street, Saanich, British Columbia",18:19
business,,2026-06-21,"Saanich Road, Saanich, British Columbia",18:19,2ed543d3-ba02-4e5c-b513-1e026a240e76,6.1,Going to hot zone,"4829, Amblewood Drive, Saanich, British Columbia",18:04
business,skip,2026-06-21,"4820, Amblewood Drive, Saanich, British Columbia",17:59,8425c22b-511b-4f2a-aff2-8a7aa03a6ff6,16.1,Dropping off delivery,"Uptown Boulevard, Saanich, British Columbia",17:49
business,skip,2026-06-21,"Uptown Boulevard, Saanich, British Columbia",17:48,262b2b71-8396-4ee1-89b7-0e48fc9a3bd5,2.4,Picking up food,"3130, Jutland Road, Victoria, British Columbia",17:35
business,skip,2026-06-21,"3130, Jutland Road, Victoria, British Columbia",17:35,c274c08d-4dc1-4306-a6b4-59dee5a2b5f9,1.6,Dropping off delivery,"Douglas Street, Saanich, British Columbia",17:33
business,skip,2026-06-21,"Douglas Street, Saanich, British Columbia",17:32,6771fad0-1c5b-40c3-917c-4a80c029b9d2,1.3,Picking up food,"3255, Quadra Street, Saanich, British Columbia",17:26
personal,,2026-06-20,"3420, Quadra Street, Saanich, British Columbia",22:09,fd84d5df-7b39-4b58-8a47-644d92515a96,2.5,Home,"Foul Bay Road, Oak Bay, British Columbia",22:00
business,skip,2026-06-20,"3311, Gibbs Road, Oak Bay, British Columbia",21:59,4b1e2f18-f090-4e50-bf6b-fd3afcc388e4,2.1,Dropping off delivery,"1325, Cook Street, Victoria, British Columbia",21:41
business,skip,2026-06-20,"1115, Johnson Street, Victoria, British Columbia",21:41,7e974396-f3a7-465d-a7e1-3bcfd0e0f964,0.1,Picking up food,"968, Balmoral Road, Victoria, British Columbia",21:32
business,skip,2026-06-20,"968, Balmoral Road, Victoria, British Columbia",21:31,f0149f87-1abe-4d10-ac35-eba389985f46,0.8,Dropping off delivery,"Gorge Road East, Victoria, British Columbia",21:25
business,skip,2026-06-20,"Gorge Road East, Victoria, British Columbia",21:25,afb16092-6895-487c-a11c-865f3d8da93b,0.6,Picking up food,"710, Cormorant Street, Victoria, British Columbia",20:36
business,,2026-06-20,"710, Cormorant Street, Victoria, British Columbia",20:36,03228ed5-732f-4c55-9119-8f20f8851bf0,0.1,,"712, Cormorant Street, Victoria, British Columbia",20:30
business,skip,2026-06-20,"712, Cormorant Street, Victoria, British Columbia",20:30,a290a03d-4d07-458a-a1eb-b1db931cc43f,0.3,Picking up food,"712, Yates Street, Victoria, British Columbia",20:15
business,,2026-06-20,"712, Yates Street, Victoria, British Columbia",20:15,7245a731-b9aa-447c-bb57-ccba5b45f2fc,0.1,Going to hot zone,"Johnson Street, Victoria, British Columbia",20:09
business,skip,2026-06-20,"Johnson Street, Victoria, British Columbia",20:08,db374f6e-fa99-4be0-8c84-b8ee5bf78587,0.1,Dropping off delivery,"788, Yates Street, Victoria, British Columbia",20:01
business,skip,2026-06-20,"780, Yates Street, Victoria, British Columbia",20:00,7e8147f2-a656-49d2-a1d0-e3ebab1ddf37,0.1,Picking up food,"831, Yates Street, Victoria, British Columbia",19:51
business,skip,2026-06-20,"831, Yates Street, Victoria, British Columbia",19:50,4f6e18a8-3cda-434d-a90a-6351bfe623fc,1,Dropping off delivery,"Blanshard Street, Saanich, British Columbia",19:39
business,skip,2026-06-20,"Blanshard Street, Saanich, British Columbia",19:39,3518bf81-a06f-47ec-96ce-829240015bfd,0.4,Picking up food,"Saanich Road, Saanich, British Columbia",19:29
business,,2026-06-20,"Oak Street, Saanich, British Columbia",19:29,6d40cbb5-c305-45cb-a494-4cc15f314799,0.8,Going to hot zone,"331, Burnside Road East, Victoria, British Columbia",19:24
business,skip,2026-06-20,"331, Burnside Road East, Victoria, British Columbia",19:20,9f428616-09b6-4897-b9ae-a53f0c220e03,4.2,Dropping off delivery,"Douglas Street, Victoria, British Columbia",19:17
business,skip,2026-06-20,"Douglas Street, Victoria, British Columbia",19:15,b9d39c81-afaf-469b-b608-a30c13bca733,0.7,Picking up food,"Saanich Road, Saanich, British Columbia",19:11
business,,2026-06-20,"Oak Street, Saanich, British Columbia",19:11,6d9b0738-bb2b-4bfe-aa3a-be8c3b101f3e,1.5,Going to hot zone,"Washington Avenue, Victoria, British Columbia",19:04
business,skip,2026-06-20,"Washington Avenue, Victoria, British Columbia",19:04,1c506e9f-72a2-4360-a164-b4ee56181b93,2.1,Dropping off delivery,"3465, Saanich Road, Saanich, British Columbia",18:57
business,skip,2026-06-20,"3465, Saanich Road, Saanich, British Columbia",18:57,6326a4d4-8e79-4e02-ba54-e7428b5514f8,0.1,Picking up food,"48.45396, -123.37382",18:47
business,,2026-06-20,"Saanich Road, Saanich, British Columbia",18:47,71e3b689-31e5-4509-a880-c123c4c11c90,1.6,Going to hot zone,"151, Crease Avenue, Saanich, British Columbia",18:41
business,skip,2026-06-20,"151, Crease Avenue, Saanich, British Columbia",18:40,16378ca8-f095-4d61-beeb-015f0da6f97a,0.7,Dropping off delivery,"3500, Uptown Boulevard, Saanich, British Columbia",18:36
business,,2026-06-20,"3500, Uptown Boulevard, Saanich, British Columbia",18:36,83c10d4f-ed26-44ba-9f62-882828d80284,6.7,,"Douglas Street, Saanich, British Columbia",18:14
business,skip,2026-06-20,"Douglas Street, Saanich, British Columbia",18:14,c1e1de73-4337-4ef2-928a-bff4b6493f7b,0.3,Picking up food,"Saanich Road, Saanich, British Columbia",18:06
business,,2026-06-20,"Oak Street, Saanich, British Columbia",18:05,11c90294-386c-4f98-8645-76123fbbfa22,4.1,Going to hot zone,"Cedar Hill Cross Road, Saanich, British Columbia",17:45
business,,2026-06-20,"Cedar Hill Cross Road, Saanich, British Columbia",17:45,cea69223-c2e0-4cdd-b2bd-0a5c65c449de,4.2,,"Broadmead Avenue, Saanich, British Columbia",17:31
business,,2026-06-20,"Broadmead Avenue, Saanich, British Columbia",17:31,7046607b-cc34-4cfc-ab0a-92c8870e54ee,1,Going to hot zone,"Teakwood Road, Saanich, British Columbia",17:15
business,,2026-06-20,"Teakwood Road, Saanich, British Columbia",17:15,e8e91de8-9803-4f04-84fa-511341b4f38d,1.9,Going to hot zone,"Maimie Place, Saanich, British Columbia",17:08
business,skip,2026-06-20,"4243, Maimie Place, Saanich, British Columbia",17:07,8d4fad76-9271-4013-8bd1-5c7c746fe97d,2,Dropping off delivery,"Teakwood Road, Saanich, British Columbia",16:32
business,,2026-06-20,"Teakwood Road, Saanich, British Columbia",16:32,ec9ee735-327d-43b1-ac94-b565733d7901,1.6,Going to hot zone,"1602, Agnew Avenue, Saanich, British Columbia",16:25
business,uber,2026-06-20,"1620, Agnew Avenue, Saanich, British Columbia",16:25,7ffb32aa-8a43-4a77-80d8-d0777a21f22e,1.3,Dropping off delivery,"3995, Shelbourne Street, Saanich, British Columbia",16:20
business,uber,2026-06-20,"3995, Shelbourne Street, Saanich, British Columbia",16:20,961f08ab-2015-4ed8-aca0-1dcf25be2be1,3.3,Dropping off delivery,"Tolmie Avenue, Saanich, British Columbia",15:57
business,uber,2026-06-20,"Tolmie Avenue, Saanich, British Columbia",15:55,3c15c9e6-b532-40db-9112-a2360f64621b,1.6,Picking up food,"3147, Quadra Street, Victoria, British Columbia",15:51
business,skip,2026-06-20,"3145, Quadra Street, Victoria, British Columbia",15:50,9e6e1e95-cdf1-482e-8ede-8d69652db2ef,1.1,Dropping off delivery,"3400, Douglas Street, Saanich, British Columbia",15:40
business,uber,2026-06-20,"3400, Douglas Street, Saanich, British Columbia",15:39,b3707ce9-0528-42c1-bfee-7356f78731ec,0.5,Picking up food,"Oak Street, Saanich, British Columbia",15:35
business,,2026-06-20,"Saanich Road, Saanich, British Columbia",15:35,fefe8b6a-6004-45f3-8509-98378537504e,0.6,Going to hot zone,"Trans-Canada Highway, Saanich, British Columbia",15:31
personal,,2026-06-19,"3460, Quadra Street, Saanich, British Columbia",22:16,745972bd-43f8-4869-9773-7bf1366c43fb,3.1,Home,"475, Kingston Street, Victoria, British Columbia",22:03
business,,2026-06-19,"475, Kingston Street, Victoria, British Columbia",22:03,9446daaf-01aa-4a63-88a4-1b7ad8dabd34,0.1,,"455, Kingston Street, Victoria, British Columbia",21:50
business,skip,2026-06-19,"455, Kingston Street, Victoria, British Columbia",21:50,4b5ed9e6-19a6-454d-bbb5-00be44e57f40,0.6,Dropping off delivery,"Belleville Street, Victoria, British Columbia",21:45
business,skip,2026-06-19,"716, Burdett Avenue, Victoria, British Columbia",21:41,3d34ed95-20b4-41d9-9628-091e2ce29834,0.4,Picking up food,"768, Yates Street, Victoria, British Columbia",21:38
business,skip,2026-06-19,"740, View Street, Victoria, British Columbia",21:34,698eb5d0-3d36-4a6c-a902-356d841e1e9f,0.6,Picking up food,"Yates Street, Victoria, British Columbia",21:23
business,,2026-06-19,"Yates Street, Victoria, British Columbia",21:23,cee3946c-060b-469b-93b4-6bca3c140878,0.4,Going to hot zone,"1670, Fort Street, Victoria, British Columbia",21:19
business,skip,2026-06-19,"1678, Fort Street, Victoria, British Columbia",21:19,d252771e-83ad-44eb-a146-c75da408d824,2.9,Dropping off delivery,"Lum's Chinese Restaurant, 914 Esquimalt Road, Esquimalt",21:07
business,skip,2026-06-19,"Lum's Chinese Restaurant, 914 Esquimalt Road, Esquimalt",21:06,0d47e000-7c8e-4f6c-a783-86a4ddb8400d,0.3,Picking up food,"701, Cairn Road, Esquimalt, British Columbia",21:04
business,skip,2026-06-19,"713, Cairn Road, Esquimalt, British Columbia",21:03,f0a7853c-b2bd-4a4d-a590-22825d51a14d,1.9,Dropping off delivery,"Colquitz Connector East, Saanich, British Columbia",20:55
business,,2026-06-19,"Colquitz Connector East, Saanich, British Columbia",20:55,489658cf-3220-4b9e-a726-316f8c5859d1,0.4,,"48.45489, -123.39744",20:45
business,skip,2026-06-19,"48.45489, -123.39744",20:45,32a596d2-ef2a-46a0-938d-b2783b635bf5,0.9,Picking up food,"247, Hampton Road, Saanich, British Columbia",20:43
business,skip,2026-06-19,"247, Hampton Road, Saanich, British Columbia",20:41,5f0d77c4-881e-447f-aacb-db73f24cd9c6,2.3,Picking up food,"Uptown Boulevard, Saanich, British Columbia",20:35
business,skip,2026-06-19,"Uptown Boulevard, Saanich, British Columbia",20:31,8529e21a-9317-4328-a97a-8d8958613048,0.4,Picking up food,"Oak Street, Saanich, British Columbia",20:27
business,,2026-06-19,"Oak Street, Saanich, British Columbia",20:27,454a27b9-92f6-4246-a5ea-002e0d4c839c,1.6,Going to hot zone,"3510, Maplewood Road, Saanich, British Columbia",20:21
business,skip,2026-06-19,"3510, Maplewood Road, Saanich, British Columbia",20:20,28056dae-b916-496e-abfe-cedf3ffd6d4d,1.4,Dropping off delivery,"Saanich Road, Saanich, British Columbia",20:03
business,skip,2026-06-19,"Oak Street, Saanich, British Columbia",20:03,7a4ce5ca-92c3-4319-975c-49b0e5340b50,9.1,Picking up food,"49, Kingham Place, View Royal, British Columbia",19:55
business,skip,2026-06-19,"49, Kingham Place, View Royal, British Columbia",19:54,5f97389e-d334-4d6a-803a-ead622e0500f,7.7,Dropping off delivery,"614, Ralph Street, Saanich, British Columbia",19:46
business,skip,2026-06-19,"614, Ralph Street, Saanich, British Columbia",19:43,11037cf7-664e-4254-8c6c-491d3ffdf103,0.9,Dropping off delivery,"Uptown Boulevard, Saanich, British Columbia",19:40
business,skip,2026-06-19,"Uptown Boulevard, Saanich, British Columbia",19:32,66bbce09-4cbb-4baa-a2a1-c9fd407f73e2,0.2,Picking up food,"Uptown Boulevard, Saanich, British Columbia",19:31
business,skip,2026-06-19,"Uptown Boulevard, Saanich, British Columbia",19:26,df71f89b-ee92-41ac-bf56-00c40c8beb3f,0.2,Picking up food,"Oak Street, Saanich, British Columbia",19:22
business,,2026-06-19,"Oak Street, Saanich, British Columbia",19:22,462895df-064b-4eeb-a2be-3a5b94b4009f,4.3,,"48.45392, -123.37386",19:08
business,,2026-06-19,"48.45392, -123.37386",19:08,a3988574-5dfa-474b-bf5d-1686b96329fb,1,Going to hot zone,"3150, Jutland Road, Victoria, British Columbia",19:03
business,skip,2026-06-19,"3150, Jutland Road, Victoria, British Columbia",19:01,e5a557e8-9eb4-4ee8-9ba4-e94bfd594975,1.5,Picking up food,"Boston Pizza, Blanshard Street, Saanich",18:54
business,skip,2026-06-19,"Boston Pizza, Blanshard Street, Saanich",18:52,5655a284-60b8-4c93-a3a8-a15326b8398d,2.3,Picking up food,"3150, Balfour Avenue, Victoria, British Columbia",18:45
business,skip,2026-06-19,"3150, Balfour Avenue, Victoria, British Columbia",18:43,f944d9cb-07bc-4123-b622-5d0ce11d17c8,0.3,Dropping off delivery,"3040, Harriet Road, Saanich, British Columbia",18:40
business,skip,2026-06-19,"3040, Harriet Road, Saanich, British Columbia",18:40,23f2682c-0295-4910-a4f0-fd3bdbf43f30,2.5,Dropping off delivery,"Oak Street, Saanich, British Columbia",18:35
business,,2026-06-19,"Oak Street, Saanich, British Columbia",18:35,e22416d2-472b-4658-9c78-a43d513fa416,0.1,,"Saanich Road, Saanich, British Columbia",18:28
business,skip,2026-06-19,"Saanich Road, Saanich, British Columbia",18:28,3bdd8fed-f988-4516-8aec-6fc256d9701b,3.3,Picking up food,"4585, Viewmont Avenue, Saanich, British Columbia",18:14
personal,,2026-06-18,"3420, Quadra Street, Saanich, British Columbia",22:19,cba76c25-24c1-41ed-8da8-f3e2a8835657,3.7,Home,"1003, Blanshard Street, Victoria, British Columbia",21:43
business,,2026-06-18,"1003, Blanshard Street, Victoria, British Columbia",21:43,e1b1b158-e5f6-4479-a643-a0ff08101eef,1.9,Going to hot zone,"122, Superior Street, Victoria, British Columbia",21:37
business,uber,2026-06-18,"122, Superior Street, Victoria, British Columbia",21:36,1f8ce681-0744-419e-be4e-1b3bb66819d7,1.8,Dropping off delivery,"744, Broughton Street, Victoria, British Columbia",21:11
business,,2026-06-18,"744, Broughton Street, Victoria, British Columbia",21:11,062e3505-5623-4422-8ea1-1ac7459af62d,1,Going to hot zone,"1137, View Street, Victoria, British Columbia",21:05
business,skip,2026-06-18,"1137, View Street, Victoria, British Columbia",21:01,e2af5ea3-7eaa-42b1-87c2-5742471d67d9,1.5,Dropping off delivery,"The Old Spaghetti Factory, 703 Douglas Street, Victoria",20:55
business,skip,2026-06-18,"The Old Spaghetti Factory, 703 Douglas Street, Victoria",20:52,cb7c55c0-21fa-469a-aa41-44a3ff10990a,0.6,Picking up food,"804, Broughton Street, Victoria, British Columbia",20:40
business,,2026-06-18,"804, Broughton Street, Victoria, British Columbia",20:40,d4b2a8b8-b66d-4003-b3d6-862b9c79d406,1.7,Going to hot zone,"1314, Manor Road, Victoria, British Columbia",20:33
business,skip,2026-06-18,"1314, Manor Road, Victoria, British Columbia",20:31,352cee71-3d4c-4696-bd13-3f28bd40d5ab,5.6,Dropping off delivery,"Kisber Avenue, Saanich, British Columbia",20:18
business,skip,2026-06-18,"Kisber Avenue, Saanich, British Columbia",20:18,4b4bc616-3906-4dfe-97e9-6f4c154d7049,0.8,Picking up food,"Broadmead Avenue, Saanich, British Columbia",19:53
business,,2026-06-18,"Broadmead Avenue, Saanich, British Columbia",19:53,4680810e-d598-4e48-ab1e-549e18b6a089,3.1,Going to hot zone,"3835, Clarndon Road, Saanich, British Columbia",19:45
business,skip,2026-06-18,"3835, Clarndon Road, Saanich, British Columbia",19:45,1269c270-6c9d-417c-bfd3-60c2b126a9ac,4.8,Dropping off delivery,"Reynolds Road, Saanich, British Columbia",19:33
business,uber,2026-06-18,"Reynolds Road, Saanich, British Columbia",19:31,210ef8ff-5992-4c80-a598-53a4f65c06d0,2.1,Picking up food,"3420, Quadra Street, Saanich, British Columbia",19:28
personal,,2026-06-26,"3420, Quadra Street, Saanich, British Columbia",22:10,50dde4df-c413-43e6-9b87-62942c51994a,5.1,Home,"2233, Bowker Avenue, Oak Bay, British Columbia",21:55
business,skip,2026-06-26,"48.43424, -123.31496",21:51,503c2344-c08a-4f36-bf5a-90f63c1c369d,4,Dropping off delivery,"716, Burdett Avenue, Victoria, British Columbia",21:41
business,skip,2026-06-26,"716, Burdett Avenue, Victoria, British Columbia",21:41,9aae5746-9b83-4057-a5e7-9f5124056088,0.4,Picking up food,"709, Yates Street, Victoria, British Columbia",21:32
business,,2026-06-26,"709, Yates Street, Victoria, British Columbia",21:31,17328a5d-fa7d-40c8-b7e1-99b743d86a13,1,Going to hot zone,"1057, Fort Street, Victoria, British Columbia",21:26
business,skip,2026-06-26,"1057, Fort Street, Victoria, British Columbia",21:14,74645699-729c-4449-bbbe-c85339a6eb66,4,Dropping off delivery,"Uptown Boulevard, Saanich, British Columbia",21:02
business,skip,2026-06-26,"Uptown Boulevard, Saanich, British Columbia",21:00,352cffcc-5532-40b6-b8a0-f3af7f4fa882,3.9,Picking up food,"930, Edge Place, Saanich, British Columbia",20:54
business,skip,2026-06-26,"940, Edge Place, Saanich, British Columbia",20:53,7cc7ee0f-f7ee-4f4d-8eb7-daf8e959ff1a,4.2,Dropping off delivery,"Oak Street, Saanich, British Columbia",20:22
business,,2026-06-26,"Saanich Road, Saanich, British Columbia",20:22,1797cf32-e7bc-4f39-944a-caab668f742d,10.7,Going to hot zone,"48.52520, -123.38615",20:08
business,skip,2026-06-26,"5179, Patricia Bay Highway, Saanich, British Columbia",20:06,46576056-48de-4ba2-b8c5-34ef83e43437,3.2,Dropping off delivery,"4291, Glanford Avenue, Saanich, British Columbia",20:01
business,skip,2026-06-26,"4291, Glanford Avenue, Saanich, British Columbia",20:00,f3a85527-364c-4966-92d0-fab94d3957cb,4.9,Picking up food,"Oak Street, Saanich, BC, V8X 3W4, Saanich, British Columbia, V8X 3W4",19:56
business,,2026-06-26,"Oak Street, Saanich, British Columbia",20:22,f61d77c4-2f38-4a79-a2c6-9e05ee7aea58,12.6,,"594, 594, Agnes Street, Saanich, British Columbia",19:55
business,skip,2026-06-26,"594, 594, Agnes Street, Saanich, British Columbia",19:55,932da895-49e2-4d3f-8ffa-b9214a7caa03,2.5,Dropping off delivery,"315, Burnside Road West, Saanich, British Columbia",19:49
business,skip,2026-06-26,"315, Burnside Road West, Saanich, British Columbia",19:48,3416311e-d511-49d3-a371-7a1926c967da,0.6,Picking up food,"3180, Albina Street, Saanich, British Columbia",19:45
business,skip,2026-06-26,"3180, Albina Street, Saanich, British Columbia",19:43,320706ab-90a6-4e03-9cc8-f95780ee94e5,0.4,Dropping off delivery,"Burnside Road West, Saanich, British Columbia",19:40
business,skip,2026-06-26,"Burnside Road West, Saanich, British Columbia",19:36,a2a8ac3f-c898-4232-8b15-2f39d05d62bb,1.4,Picking up food,"3438, Whittier Avenue, Saanich, British Columbia",19:33
business,skip,2026-06-26,"3438, Whittier Avenue, Saanich, British Columbia",19:32,69f4c619-25f1-4ee5-b4b9-94db684e92a8,4.2,Dropping off delivery,"MoMo Sushi, 1921 Quadra Street, Victoria",19:20
business,skip,2026-06-26,"MoMo Sushi, 1921 Quadra Street, Victoria",19:16,4b7c6916-b555-48a3-af51-4019ebf040e8,1,Picking up food,"1011, Balmoral Road, Victoria, British Columbia",19:14
business,skip,2026-06-26,"1011, Balmoral Road, Victoria, British Columbia",19:10,fe396d58-3f60-4602-9377-d43ca3ac029b,0.7,Dropping off delivery,"1084, Fort Street, Victoria, British Columbia",19:00
business,skip,2026-06-26,"1081, Fort Street, Victoria, British Columbia",18:56,625317b3-ce8b-4541-928b-ec906c25db2b,1.6,Dropping off delivery,"48.42829, -123.35488",18:47
business,skip,2026-06-26,"1038, Mason Street, Victoria, British Columbia",18:46,a0af1811-919e-4ccc-856f-c402b8efb868,3.2,Dropping off delivery,"999, Hillside Avenue, Victoria, British Columbia",18:10
business,skip,2026-06-26,"999, Hillside Avenue, Victoria, British Columbia",18:10,cf1699b4-d632-4fc7-b61d-43386b511947,3,Picking up food,"Boston Pizza, Blanshard Street, Saanich",18:03
business,skip,2026-06-26,"Boston Pizza, Blanshard Street, Saanich",18:02,7604f299-d9ff-4469-856e-e249c1aad921,0,Picking up food,"Blanshard Street, Saanich, British Columbia",18:02
business,,2026-06-26,"3551, 3551, Blanshard Street, Saanich, British Columbia",18:00,b3e43470-892e-48cf-9594-781bc1912bd9,2.1,Going to hot zone,"Saanich Road, Saanich, British Columbia",17:56
business,,2026-06-26,"3460, Saanich Road, Saanich, British Columbia",17:56,fa989222-ad27-4fd4-ac52-570b16ef5c29,1.2,Going to hot zone,"3775, Carey Road, Saanich, British Columbia",17:53
business,skip,2026-06-25,"3954, Wilkinson Road, Saanich, British Columbia",22:05,44aa7d26-bc68-476a-bb02-7e2d24dcc64d,6.6,Dropping off delivery,"1450, Government Street, Victoria, British Columbia",21:53
business,skip,2026-06-25,"1450, Government Street, Victoria, British Columbia",21:47,c7aaacf9-6655-41aa-a396-718e024d5a21,0.4,Picking up food,"709, Yates Street, Victoria, British Columbia",21:41
business,,2026-06-25,"709, Yates Street, Victoria, British Columbia",21:40,b35ad431-68bb-4e6a-90a4-4c4ea5134ec2,0.7,Going to hot zone,"1104, Yates Street, Victoria, British Columbia",21:36
business,skip,2026-06-25,"1104, Yates Street, Victoria, British Columbia",21:31,e7439f31-1c06-4a95-bf57-5eb6032185bb,1.2,Dropping off delivery,"1580, Cook Street, Victoria, British Columbia",21:26
business,skip,2026-06-25,"1580, Cook Street, Victoria, British Columbia",21:23,5a302080-bb93-4931-9772-e0adce3187fd,0.4,Picking up food,"1029, View Street, Victoria, British Columbia",21:21
business,skip,2026-06-25,"1029, View Street, Victoria, British Columbia",21:19,83a127d0-3243-4c5e-806e-5b83eb94e6b9,0.2,Dropping off delivery,"Yates Street, Victoria, British Columbia",21:16
business,,2026-06-25,"Yates Street, Victoria, British Columbia",21:15,f846bede-2224-407d-99cc-6fe32910a867,1.1,Going to hot zone,"702, Fort Street, Victoria, British Columbia",20:41
business,,2026-06-25,"702, Fort Street, Victoria, British Columbia",20:41,bd6686f1-2969-406b-ae12-dde48531da3a,1,Going to hot zone,"1060, Burdett Avenue, Victoria, British Columbia",20:36
business,skip,2026-06-25,"1060, Burdett Avenue, Victoria, British Columbia",20:32,60fa37c4-ea27-4c05-aa55-a01348a0fc23,0.6,Dropping off delivery,"948, View Street, Victoria, British Columbia",20:30
business,,2026-06-25,"948, View Street, Victoria, British Columbia",20:30,18d79dbb-e0ad-4fdb-a87c-5e8806b270e5,0.1,,"910, View Street, Victoria, British Columbia",20:22
business,skip,2026-06-25,"910, View Street, Victoria, British Columbia",20:22,546a9a00-ecc0-4041-8359-18ef24f274bd,0.9,Dropping off delivery,"615, Yates Street, Victoria, British Columbia",20:19
business,skip,2026-06-25,"619, Yates Street, Victoria, British Columbia",20:15,4ad6bf75-8819-4335-9717-825f0ffc29ce,0.2,Picking up food,"706, Yates Street, Victoria, British Columbia",19:40
business,,2026-06-25,"1225, Douglas Street, Victoria, British Columbia",19:40,9fe2148d-4f73-4fcc-8c9e-4586de34b084,4.9,Going to hot zone,"1175, Beach Drive, Oak Bay, British Columbia",19:27
business,skip,2026-06-25,"1175, Beach Drive, Oak Bay, British Columbia",19:23,ea018214-6d5d-4673-a377-3e01347c6e8f,7.6,Dropping off delivery,"1644, Hillside Avenue, Victoria, British Columbia",18:41
business,,2026-06-25,"North Dairy Road, Saanich, British Columbia",18:40,8bbb0538-157b-4a89-b6ea-58b407d3172f,3.2,Going to hot zone,"3420, Quadra Street, Saanich, British Columbia",18:33
business,uber,2026-07-15,"2843, Blackwood Street, Victoria, British Columbia",22:23,9680ab72-faa8-4e3e-8601-6a5fa2ae3f33,2.3,Dropping off delivery,"1039, View Street, Victoria, British Columbia",22:08
business,uber,2026-07-15,"1039, View Street, Victoria, British Columbia",22:07,0b786f51-afad-499f-ba85-2119d216fe47,0.9,Dropping off delivery,"1125, Douglas Street, Victoria, British Columbia",22:00
business,uber,2026-07-15,"706, Fort Street, Victoria, British Columbia",21:59,d9242d0e-2b65-430e-948c-5faf2d2bd973,0.6,Picking up food,"1618, Government Street, Victoria, British Columbia",21:52
business,uber,2026-07-15,"1618, Government Street, Victoria, British Columbia",21:52,04cbe374-d6d2-41ff-9cfd-da7fc1d66b9f,1.6,Picking up food,"350, Douglas Street, Victoria, British Columbia",21:36
business,uber,2026-07-15,"350, Douglas Street, Victoria, British Columbia",21:36,b3b3769a-2a24-4daf-89e6-c667ae301dbf,2.3,Dropping off delivery,"934, Queens Avenue, Victoria, British Columbia",21:28
business,uber,2026-07-15,"934, Queens Avenue, Victoria, British Columbia",21:28,37b9093a-f592-4a71-b3ed-d7944f734283,1.9,Dropping off delivery,"Tolmie Avenue, Saanich, British Columbia",21:13
business,uber,2026-07-15,"Tolmie Avenue, Saanich, British Columbia",21:13,1e17074d-e407-44fa-8ceb-b227e64e650c,0.3,Picking up food,"Blanshard Street, Saanich, British Columbia",21:10
business,uber,2026-07-15,"Blanshard Street, Saanich, British Columbia",21:10,b616e79d-1913-47e1-93a6-bbc5e2cacad5,0.5,Picking up food,"Oak Street, Saanich, British Columbia",21:07
business,,2026-07-15,"Oak Street, Saanich, British Columbia",21:07,9e1f2aa9-75ab-40a5-91a9-322b8ed968b6,2,Going to hot zone,"Gorge Road West, Saanich, British Columbia",20:58
business,uber,2026-07-15,"Gorge Road West, Saanich, British Columbia",20:57,70d68fdc-2132-4087-9f83-20451ef4e243,3.2,Dropping off delivery,"3460, Quadra Street, Saanich, British Columbia",20:43
business,uber,2026-07-15,"3460, Quadra Street, Saanich, British Columbia",20:42,e1adf34b-786e-47bf-97f2-6104b51b36e0,3.1,Dropping off delivery,"820, Yates Street, Victoria, British Columbia",20:32
business,uber,2026-07-15,"820, Yates Street, Victoria, British Columbia",20:31,6a97f07f-06fc-452d-9a30-fc96653960d1,2.8,Picking up food,"123, Ladysmith Street, Victoria, British Columbia",20:23
business,uber,2026-07-15,"123, Ladysmith Street, Victoria, British Columbia",20:21,4d71f7c1-929e-4042-8591-2905d89689ce,1.2,Dropping off delivery,"107, Government Street, Victoria, British Columbia",20:17
business,uber,2026-07-15,"107, Government Street, Victoria, British Columbia",20:16,ace57418-b7cc-412b-8506-9fbcaac75bd4,2.4,Dropping off delivery,"770, Fort Street, Victoria, British Columbia",20:03
business,uber,2026-07-15,"761, Fort Street, Victoria, British Columbia",20:02,4b0739bf-c0ef-411b-b7ce-a72de7f10d5a,0.1,Picking up food,"702, Fort Street, Victoria, British Columbia",20:01
business,,2026-07-15,"Fort Street, Victoria, British Columbia",19:14,43828535-749a-45a5-a6c2-3d497844a788,2.3,Going to hot zone,"1429, Richardson Street, Victoria, British Columbia",19:04
business,skip,2026-07-15,"1429, Richardson Street, Victoria, British Columbia",19:03,ac52cec8-859d-48e8-b248-cb0ef47ea315,3.1,Dropping off delivery,"1580, Cook Street, Victoria, British Columbia",18:56
business,,2026-07-15,"1580, Cook Street, Victoria, British Columbia",18:56,13ca19e0-b4ba-42ea-a3ea-e695f2a3d4d0,2.7,,"Mason Street, Victoria, British Columbia",18:50
business,skip,2026-07-15,"Mason Street, Victoria, British Columbia",18:50,6288e253-22da-41c6-bb88-a12d769557f8,0.6,Picking up food,"1047, Balmoral Road, Victoria, British Columbia",18:48
business,skip,2026-07-15,"1044, Balmoral Road, Victoria, British Columbia",18:45,afa5d07f-3229-4712-a345-12204ca1094d,3.9,Dropping off delivery,"3084, Albany Street, Victoria, British Columbia",18:35
business,skip,2026-07-15,"3084, Albany Street, Victoria, British Columbia",18:34,58ad66e3-1b3a-4bf3-b947-816ca101f51d,2.9,Dropping off delivery,"Blanshard Street, Saanich, British Columbia",18:27
business,skip,2026-07-15,"890, Short Street, Saanich, British Columbia",18:23,b5523bbf-6883-4024-8f6d-29bcff754b5a,3.4,Dropping off delivery,"Gorge Road East, Victoria, British Columbia",18:06
business,skip,2026-07-15,"Gorge Road East, Victoria, British Columbia",18:06,da79491b-a98a-4f27-86ad-9f25ddceaba1,4.4,Picking up food,"840, Cloverdale Avenue, Saanich, British Columbia",18:01
personal,,2026-07-14,"Cloverdale Avenue, Saanich, British Columbia",22:07,926fe229-bcd7-4eca-91c3-28b4acdc2920,4.3,Home,"Croft Street, Victoria, British Columbia",21:51
business,,2026-07-14,"Croft Street, Victoria, British Columbia",21:51,48248a92-a498-429e-bc34-3ebe19d30de2,1.8,,"View Street, Victoria, British Columbia",21:42
business,skip,2026-07-14,"View Street, Victoria, British Columbia",21:42,b2fa569f-77d4-4cac-8af0-96b3bb64a646,2.6,Picking up food,"Dallas Road, Victoria, British Columbia",21:31
business,skip,2026-07-14,"Dallas Road, Victoria, British Columbia",21:26,c6dfd8ff-d4fb-4e37-af57-3f3395ba99c7,5.4,Dropping off delivery,"48.44987, -123.36957",21:13
business,skip,2026-07-14,"Blanshard Street, Saanich, British Columbia",21:09,b88d6c50-abd7-4102-b40f-76271b46521e,0.5,Picking up food,"Oak Street, Saanich, British Columbia",21:07
business,,2026-07-14,"Oak Street, Saanich, British Columbia",20:56,b83203b5-fea1-4663-8e1d-a4f7aad27e25,0.3,Going to hot zone,"Glasgow Avenue, Saanich, British Columbia",20:53
business,skip,2026-07-14,"960, Inverness Road, Saanich, British Columbia",20:51,5b2022fb-6041-4aa8-9d2f-b1e6cca572fe,2.2,Dropping off delivery,"Cedar Hill Cross Road, Saanich, British Columbia",20:44
business,skip,2026-07-14,"Cedar Hill Cross Road, Saanich, British Columbia",20:43,9e1276d5-7c01-4fc1-a94e-fa98501b562c,2.4,Picking up food,"McKenzie Avenue, Saanich, British Columbia",20:40
business,,2026-07-14,"McKenzie Avenue, Saanich, British Columbia",20:36,16dbb824-5829-452e-863b-e87a3a06b517,2.4,Going to hot zone,"1010, McKenzie Avenue, Saanich, British Columbia",20:32
business,,2026-07-14,"1010, McKenzie Avenue, Saanich, British Columbia",20:32,48d04452-b3c6-4a48-ac52-0ef16b180d4c,0.1,,"1002, McKenzie Avenue, Saanich, British Columbia",20:26
business,skip,2026-07-14,"1002, McKenzie Avenue, Saanich, British Columbia",20:26,01bbb00b-1574-457c-868b-c0c0f85ee760,0.5,Dropping off delivery,"Cedar Hill Cross Road, Saanich, British Columbia",20:24
business,skip,2026-07-14,"Cedar Hill Cross Road, Saanich, British Columbia",20:22,93032e0b-082d-4682-8318-9c09eb13af2c,0.7,Picking up food,"3578, Quadra Street, Saanich, British Columbia",20:20
business,,2026-07-11,"Lansdowne Road, Saanich, British Columbia",21:39,67b4b7e1-f4bd-49a4-bbe5-d2397b3cf1ca,1.8,Pump,"2425, Dryfe Street, Oak Bay, British Columbia",21:32
business,skip,2026-07-11,"2425, Dryfe Street, Oak Bay, British Columbia",21:30,edf4d498-b996-4358-9808-0fb48d430263,3.8,Dropping off delivery,"1515, Blanshard Street, Victoria, British Columbia",21:21
business,,2026-07-11,"1515, Blanshard Street, Victoria, British Columbia",21:21,3e693712-a3d3-4972-a502-29fd74bbb8f2,0.1,,"777, Herald Street, Victoria, British Columbia",20:37
business,skip,2026-07-11,"777, Herald Street, Victoria, British Columbia",20:37,43886871-31f3-40b1-a853-a723af6fecd0,0.7,Picking up food,"834, Johnson Street, Victoria, British Columbia",20:34
business,skip,2026-07-11,"834, Johnson Street, Victoria, British Columbia",20:30,dccb9306-fe5b-480d-b159-9533f54722c9,3.2,Dropping off delivery,"Uptown Boulevard, Saanich, British Columbia",20:23
business,skip,2026-07-11,"Uptown Boulevard, Saanich, British Columbia",20:16,6390bbb2-a447-4ef9-9516-9e63cdf6105f,0.6,Picking up food,"Saanich Road, Saanich, British Columbia",20:07
business,,2026-07-11,"McDonald's, McDonald's, 3465 Saanich Rd, Victoria, BC V8X 1W8, Canada",20:07,0a56c72d-f862-4ba6-805c-86e99a815cf7,3.1,Going to hot zone,"3072, Admirals Road, Saanich, British Columbia",19:59
business,skip,2026-07-11,"3053, Admirals Road, Saanich, British Columbia",19:55,74059ec7-592b-4cf2-a73b-073449b15fc3,12.6,Dropping off delivery,"69, Burnside Road West, Saanich, British Columbia",19:50
business,skip,2026-07-11,"50, Burnside Road West, Saanich, British Columbia",19:47,bb06f109-9fc8-480d-a067-cbb512ab8bb7,0.5,Picking up food,"275, Burnside Road West, Saanich, British Columbia",19:45
business,,2026-07-11,"275, Burnside Road West, Saanich, British Columbia",19:45,c78ee7a9-5fce-4777-93c0-461b9a9a64aa,0.1,,"3185, Tillicum Road, Saanich, British Columbia",19:36
business,skip,2026-07-11,"3185, Tillicum Road, Saanich, British Columbia",19:36,8c5fffcc-5b14-4733-891f-5bca0ac5987a,4,Dropping off delivery,"783, Fort Street, Victoria, British Columbia",19:20
business,skip,2026-07-11,"775, Fort Street, Victoria, British Columbia",19:18,effc80be-ef23-49b4-9e21-5563b32e5ee5,1.5,Picking up food,"608, Broughton Street, Victoria, British Columbia",19:14
business,skip,2026-07-11,"615, Broughton Street, Victoria, British Columbia",19:11,7d302139-dd34-4e89-8fb0-0ecf3b31a8e2,0.5,Picking up food,"706, Fort Street, Victoria, British Columbia",19:07
business,,2026-07-11,"706, Fort Street, Victoria, British Columbia",19:07,4b941ee1-a3b0-4b11-a538-e1d65f87fe9c,0.5,Going to hot zone,"740, Burdett Avenue, Victoria, British Columbia",19:03
business,skip,2026-07-11,"740, Burdett Avenue, Victoria, British Columbia",19:02,0cfad92d-4d24-49b2-96c0-a3fd06355ed5,1.3,Dropping off delivery,"911, Yates Street, Victoria, British Columbia",18:57
business,skip,2026-07-11,"911, Yates Street, Victoria, British Columbia",18:56,84a1ef4b-c687-46fb-8381-062e4acb0c37,0.8,Picking up food,"1029, View Street, Victoria, British Columbia",18:46
business,skip,2026-07-11,"1029, View Street, Victoria, British Columbia",18:44,c77bb41d-5b24-4c93-9187-731ff3d56cc5,0.9,Dropping off delivery,"1300, Yates Street, Victoria, British Columbia",18:42
business,skip,2026-07-11,"1300, Yates Street, Victoria, British Columbia",18:38,951ca67d-a86b-496b-bc03-913263837cad,2.7,Dropping off delivery,"1416, Douglas Street, Victoria, British Columbia",18:31
business,,2026-07-11,"1416, Douglas Street, Victoria, British Columbia",18:31,37ec933e-0031-42be-92a4-8b3cda6af045,0.1,,"Centennial Square, Victoria, British Columbia",18:13
business,skip,2026-07-11,"Centennial Square, Victoria, British Columbia",18:13,64dcecc3-541a-4572-909d-ab41893c7a05,0.1,Picking up food,"1714, Government Street, Victoria, British Columbia",18:09
business,,2026-07-11,"1714, Government Street, Victoria, British Columbia",18:09,c3e495f8-e5ab-4813-9c81-d939e01fde0c,2.2,,"Westsong Walkway, Esquimalt, British Columbia",17:53
business,skip,2026-07-11,"Westsong Walkway, Esquimalt, British Columbia",17:53,dd4a54bf-4635-46ce-98c2-5c131cd15ab4,1.5,Dropping off delivery,"Esquimalt Road, Esquimalt, British Columbia",17:51
business,skip,2026-07-11,"Head Street, Esquimalt, British Columbia",17:50,ab9fe33a-1778-4f83-a5cf-481bdc9a62ce,0.3,Picking up food,"908, Carlton Terrace, Esquimalt, British Columbia",17:47
business,skip,2026-07-11,"908, Carlton Terrace, Esquimalt, British Columbia",17:47,6300b33e-ced0-4cbf-b248-85bc014c8965,2.8,Dropping off delivery,"Esquimalt Road, Esquimalt, British Columbia",17:37
business,skip,2026-07-11,"Esquimalt Road, Esquimalt, British Columbia",17:35,f0008b68-5fc2-4bc6-86b3-1fd5bfb46f67,1.9,Picking up food,"798, Fairview Road, Esquimalt, British Columbia",17:31
business,skip,2026-07-11,"798, Fairview Road, Esquimalt, British Columbia",17:26,2a9c92dd-4671-470b-9976-2f49c1e5e2df,5.7,Dropping off delivery,"Tolmie Avenue, Saanich, British Columbia",17:15
business,skip,2026-07-11,"Tolmie Avenue, Saanich, British Columbia",17:10,19da556d-e27d-49fa-bd06-875e1a4c66ec,1.5,Picking up food,"Oak Street, Saanich, British Columbia",17:06
personal,,2026-07-10,"3420, Quadra Street, Saanich, British Columbia",21:19,1fc27ad3-9fc2-42d9-952c-428eb697ca72,6,Home,"Quebec Street, Victoria, British Columbia",21:00
business,skip,2026-07-10,"Quebec Street, Victoria, British Columbia",20:54,0221885e-b203-44f4-af1a-d805c2c7fc57,4.1,Dropping off delivery,"Saanich Road, Saanich, British Columbia",20:12
business,skip,2026-07-10,"Saanich Road, Saanich, British Columbia",20:11,7d06042e-27d2-474f-ad00-0471072d5016,1.5,Picking up food,"Oak Street, Saanich, British Columbia",19:36
business,,2026-07-10,"Saanich Road, Saanich, British Columbia",19:35,7def3c7f-a5e2-479e-9810-eb672569e1a0,3.6,Going to hot zone,"1632, Longacre Drive, Saanich, British Columbia",19:19
business,skip,2026-07-10,"1632, Longacre Drive, Saanich, British Columbia",19:18,cbe68fe2-07be-4ffa-ba0a-6f819e90fc37,5.5,Dropping off delivery,"2670, Fifth Street, Victoria, British Columbia",19:02
business,skip,2026-07-10,"2670, Fifth Street, Victoria, British Columbia",19:01,8f035162-e348-48f3-ba07-151a183bab14,0.1,Picking up food,"2657, Fifth Street, Victoria, British Columbia",19:01
business,skip,2026-07-10,"2648, Graham Street, Victoria, British Columbia",18:57,8ecbb7f0-dc7a-40c2-b4d6-95c30f71a7bf,2.4,Dropping off delivery,"Douglas Street, Victoria, British Columbia",18:53
business,skip,2026-07-10,"Douglas Street, Victoria, British Columbia",18:43,20af97d2-2fc1-4429-9cb0-303f2a3ed8f5,3.2,Picking up food,"Oak Street, Saanich, British Columbia",18:38
business,,2026-07-10,"Oak Street, Saanich, British Columbia",18:38,5aeb87b0-2364-442a-b438-b462166ffc88,1,Going to hot zone,"3056, Washington Avenue, Victoria, British Columbia",18:32
business,skip,2026-07-10,"3056, Washington Avenue, Victoria, British Columbia",18:31,97dbd61a-1f99-4081-8259-1fb60cef6ba0,0.8,Dropping off delivery,"Gorge Road East, Victoria, British Columbia",18:28
business,skip,2026-07-10,"Gorge Road East, Victoria, British Columbia",18:27,ce5006b8-15c4-4362-8e39-4f00e5abe2a8,0.5,Picking up food,"1129, Finlayson Street, Victoria, British Columbia",18:19
business,skip,2026-07-10,"1129, Finlayson Street, Victoria, British Columbia",18:19,bb408ade-e342-4b0f-b1fc-bbc2aba60097,0.7,Dropping off delivery,"Uptown Boulevard, Saanich, British Columbia",18:09
business,skip,2026-07-10,"3500, Uptown Boulevard, Saanich, British Columbia",18:09,45fa5640-0d39-4ec1-9800-c70de8055082,10.9,Picking up food,"Patricia Bay Highway, Saanich, British Columbia",17:34
business,skip,2026-07-18,"1705, Fernwood Road, Victoria, British Columbia",22:01,f1acb54d-fa7b-42cb-a4c3-f3b04c0271bd,4,Dropping off delivery,"Saanich Road, Saanich, British Columbia",21:36
business,,2026-07-18,"Oak Street, Saanich, British Columbia",21:36,dae87fae-533f-460f-99c6-b974d4f4445e,4.1,Going to hot zone,"827, Carrie Street, Esquimalt, British Columbia",21:28
business,skip,2026-07-18,"837, Ellery Street, Esquimalt, British Columbia",21:27,241cf017-ce73-4773-ac88-c7a459f04799,4.6,Dropping off delivery,"Saanich Road, Saanich, British Columbia",20:58
business,skip,2026-07-18,"Saanich Road, Saanich, British Columbia",20:58,46924ded-847b-4391-b68a-47599b2553fe,2.9,Picking up food,"Davida Avenue, Saanich, British Columbia",20:53
business,skip,2026-07-18,"318, Davida Avenue, Saanich, British Columbia",20:51,a47be19b-29dd-4ff9-9523-a44645197bc1,2.6,Dropping off delivery,"3701, Saanich Road, Saanich, British Columbia",20:45
business,skip,2026-07-18,"Swan Street, Saanich, British Columbia",20:45,8f24ba69-5a9b-4268-9f69-4c35eab68918,1.2,Dropping off delivery,"Oak Street, Saanich, British Columbia",19:57
business,,2026-07-18,"Oak Street, Saanich, British Columbia",19:56,bae6281b-926e-4a25-92a3-5c64bf28449e,4,Going to hot zone,"885, Craigflower Road, Esquimalt, British Columbia",19:49
business,skip,2026-07-18,"885, Craigflower Road, Esquimalt, British Columbia",19:48,f06fcb76-6d64-419a-b196-7e53dc518b13,1.6,Dropping off delivery,"208, Henry Street, Victoria, British Columbia",19:43
business,skip,2026-07-18,"208, Henry Street, Victoria, British Columbia",19:41,4d85a3a3-2623-4031-b3ec-7d16e95f935e,3.3,Dropping off delivery,"Maple Street, Saanich, British Columbia",19:29
business,skip,2026-07-18,"3271, Maple Street, Saanich, British Columbia",19:29,addd53ea-3f86-4794-9f2a-56b2c0a4c550,0.3,Picking up food,"Oak Street, Saanich, British Columbia",19:17
business,,2026-07-18,"Oak Street, Saanich, British Columbia",19:17,e9fee873-eef6-4600-b191-cb216d6bc2cd,4,Going to hot zone,"2830, Richmond Road, Saanich, British Columbia",18:57
business,skip,2026-07-18,"2830, Richmond Road, Saanich, British Columbia",18:57,32d580db-84cc-462f-96ea-4d98e4adec61,4.2,Dropping off delivery,"3271, Maple Street, Saanich, British Columbia",18:48
business,skip,2026-07-18,"Maple Street, Saanich, British Columbia",18:48,ae8e9c5c-0fb2-4ff5-83fa-590a45bfc1d7,0.6,Picking up food,"3375, Oak Street, Saanich, British Columbia",18:39
business,,2026-07-18,"3375, Oak Street, Saanich, British Columbia",18:39,7e1b7a3f-d949-4214-9bb9-02701833eb51,3.6,Going to hot zone,"978, Nicholson Street, Saanich, British Columbia",18:32
business,skip,2026-07-18,"987, Nicholson Street, Saanich, British Columbia",18:31,957c2edc-51a7-4c34-a921-a4a93706b8ca,3.6,Dropping off delivery,"Kisber Avenue, Saanich, British Columbia",18:21
business,skip,2026-07-18,"Kisber Avenue, Saanich, British Columbia",18:21,a27a022c-1023-4b83-87b8-37dde76d93df,0.2,Picking up food,"1580, Christmas Avenue, Saanich, British Columbia",18:14
business,skip,2026-07-18,"1581, Christmas Avenue, Saanich, British Columbia",18:14,7dc0eb6c-513d-479b-bce7-043669cb5615,1.8,Dropping off delivery,"McKenzie Avenue, Saanich, British Columbia",18:09
business,skip,2026-07-18,"1663, McKenzie Avenue, Saanich, British Columbia",18:06,61d7aa20-6c2e-49d6-bd86-e92e0c3a34e8,7,Dropping off delivery,"2852, Douglas Street, Victoria, British Columbia",17:42
business,skip,2026-07-18,"Gorge Road East, Victoria, British Columbia",17:42,6957645b-033b-4a33-8662-236cd8917db6,0.3,Picking up food,"Gorge Road East, Victoria, British Columbia",17:38
business,skip,2026-07-18,"2852, Douglas Street, Victoria, British Columbia",17:37,c2fc076d-981e-4cde-b07a-9447605fff7c,1.2,Picking up food,"252, Gorge Road East, Victoria, British Columbia",17:35
business,skip,2026-07-18,"252, Gorge Road East, Victoria, British Columbia",17:35,a5ec8947-60d4-4da3-b783-357aa310bdf2,6.4,Dropping off delivery,"Oak Street, Saanich, British Columbia",16:55
business,,2026-07-18,"Saanich Road, Saanich, British Columbia",16:55,4bcdd379-0841-4525-9b52-a8f95c6aa5ec,1.5,Going to hot zone,"3760, Carey Road, Saanich, British Columbia",16:52
personal,,2026-07-17,"991, Cloverdale Avenue, Saanich, British Columbia",22:11,299938d1-9e68-4091-b0ae-12dbd0674f9d,1.6,Home,"Albina Street, Saanich, British Columbia",22:02
business,skip,2026-07-17,"Albina Street, Saanich, British Columbia",22:01,ef5be47d-9d1e-4cd5-938b-13dd6cbc6719,0.9,Dropping off delivery,"Jutland Road, Victoria, British Columbia",21:47
business,skip,2026-07-17,"Jutland Road, Victoria, British Columbia",21:46,7eec8176-66d5-4381-a524-4f6225208812,1,Dropping off delivery,"Maple Street, Saanich, British Columbia",21:41
business,skip,2026-07-17,"Maple Street, Saanich, British Columbia",21:20,c8efbc8a-8fed-4ebe-95e2-c20ce9e7ea1a,1.4,Picking up food,"Camrose Crescent, Saanich, British Columbia",21:16
business,skip,2026-07-17,"Camrose Crescent, Saanich, British Columbia",21:15,05ab2890-fe33-4b29-95bf-a90048bc961c,1.5,Dropping off delivery,"Lodge Avenue, Saanich, British Columbia",21:12
business,skip,2026-07-17,"Lodge Avenue, Saanich, British Columbia",21:12,86529fd4-c65f-4f7e-81f2-6cca8361a606,2.8,Dropping off delivery,"Teakwood Road, Saanich, British Columbia",21:04
business,skip,2026-07-17,"Teakwood Road, Saanich, British Columbia",20:56,f548cca1-11d0-4d7f-b4ca-e9dca58ccfbf,2.6,Picking up food,"Shelbourne Street, Saanich, British Columbia",20:45
business,,2026-07-17,"Shelbourne Street, Saanich, British Columbia",20:45,1782e31e-48c7-42b8-b134-e8e842770436,4.1,Going to hot zone,"1512, Robinwood Place, Saanich, British Columbia",20:30
business,skip,2026-07-17,"1516, Robinwood Place, Saanich, British Columbia",20:29,e037d8f2-0aef-4a60-824d-c23c8c99c345,3.4,Dropping off delivery,"Lochside Regional Trail, Saanich, British Columbia",20:18
business,skip,2026-07-17,"Lochside Regional Trail, Saanich, British Columbia",20:14,fd9dddec-ebbf-42a6-b128-9d685417d6f9,1.6,Picking up food,"1015, Elliston Avenue, Saanich, British Columbia",20:10
business,skip,2026-07-17,"1010, Tattersall Drive, Saanich, British Columbia",20:08,16a99f21-589a-425a-9e85-a71bf9614f91,0.9,Dropping off delivery,"48.44873, -123.36859",20:03
business,skip,2026-07-17,"Tolmie Avenue, Saanich, British Columbia",20:02,cb8d302e-cb8f-4e5d-a2d5-263df2c96638,0.5,Picking up food,"Saanich Road, Saanich, British Columbia",19:12
business,,2026-07-17,"Oak Street, Saanich, British Columbia",19:12,b0b0df26-b6f0-4d38-a38b-f9e633c41ab9,3.9,Going to hot zone,"Trans-Canada Highway, Saanich, British Columbia",19:08
business,skip,2026-07-17,"Trans-Canada Highway, Saanich, British Columbia",19:07,c90f1f9e-3aa4-42fa-af50-291aaa004b51,0.1,Dropping off delivery,"Uptown Boulevard, Saanich, British Columbia",18:55
business,skip,2026-07-17,"Uptown Boulevard, Saanich, British Columbia",18:55,cf81e1a9-f285-4f82-aa3c-599696bb6c34,0.2,Picking up food,"Oak Street, Saanich, British Columbia",18:40
business,,2026-07-17,"Saanich Road, Saanich, British Columbia",18:40,99205cfe-35a7-45fa-a8cb-2663c2ee8f72,0.9,Going to hot zone,"1040, Tolmie Avenue, Saanich, British Columbia",18:37
business,skip,2026-07-17,"1040, Tolmie Avenue, Saanich, British Columbia",18:35,e0606d75-511d-403b-84ff-b0ea89b5316f,6.8,Dropping off delivery,"4291, Glanford Avenue, Saanich, British Columbia",18:25
business,skip,2026-07-17,"4291, Glanford Avenue, Saanich, British Columbia",18:23,01746896-dd41-4562-9d66-a406af1a4fa8,4,Picking up food,"4191, Quadra Street, Saanich, British Columbia",18:18
business,skip,2026-07-17,"805, Hartford Green, Saanich, British Columbia",18:15,6c571ab0-7dd8-49e1-a1eb-ab396c144897,3.2,Dropping off delivery,"Uptown Boulevard, Saanich, British Columbia",18:04
business,skip,2026-07-17,"Uptown Boulevard, Saanich, British Columbia",18:02,6a9c59ec-f4bb-465a-9a10-a05a4f368fdc,0.5,Picking up food,"Oak Street, Saanich, British Columbia",17:44
business,,2026-07-17,"McDonald's, McDonald's, McDonald's, 3465 Saanich Rd, Victoria, BC V8X 1W8, Canada",17:44,89e65aa8-e2a6-4ce5-b7c7-d32c6ff9e900,1.3,Going to hot zone,"Blanshard Street, Saanich, British Columbia",17:40
business,,2026-07-16,"Saanich Road, Saanich, British Columbia",20:45,66bdad40-1417-48f3-b864-24a156a73558,3.1,Going to hot zone,"1285, Holloway Street, Saanich, British Columbia",20:38
business,skip,2026-07-16,"1288, Holloway Street, Saanich, British Columbia",20:37,65da2156-f2a0-4e1c-919e-bc2c42280f93,3,Dropping off delivery,"Blanshard Street, Saanich, British Columbia",20:29
business,skip,2026-07-16,"Blanshard Street, Saanich, British Columbia",20:28,b6a08de3-ceea-4595-8f01-48905cd4b0ab,2.1,Picking up food,"Saanich Road, Saanich, British Columbia",20:26
business,,2026-07-16,"3375, Oak Street, Saanich, British Columbia",20:25,eb6c8281-6759-4588-b95f-e95b8956d36e,2.1,Going to hot zone,"3475, Quadra Street, Saanich, British Columbia",20:06
business,skip,2026-07-16,"48.45465, -123.35824",20:05,6df04a22-dc98-410c-8d64-3838510c6b95,2.5,Dropping off delivery,"493, Burnside Road East, Victoria, British Columbia",19:59
business,skip,2026-07-16,"493, Burnside Road East, Victoria, British Columbia",19:55,12a63266-6a05-445b-84a6-342d33e613d7,1.6,Dropping off delivery,"Blanshard Street, Victoria, British Columbia",19:39
business,skip,2026-07-16,"Wendy's Drive-Though, Victoria, British Columbia",19:34,1d4f3804-bc1a-4a51-a5dc-2d2857a426e2,6.8,Picking up food,"3295, Ripon Road, Oak Bay, British Columbia",19:18
business,uber,2026-07-16,"3295, Ripon Road, Oak Bay, British Columbia",19:16,be38cdf8-000e-4868-9391-c3b1cbffa45f,3.5,Dropping off delivery,"48.44753, -123.33679",18:36
business,uber,2026-07-16,"North Dairy Road, Saanich, British Columbia",18:35,8ff0c1b4-a0bf-4b25-86b2-c9faf2aecb23,2.7,Picking up food,"48.45432, -123.36026",18:29
personal,,2026-07-29,"3420, Quadra Street, Saanich, British Columbia",22:08,342a2027-6b86-42ef-8586-6c35c5c989b0,6.3,Home,"1788, Triest Crescent, Saanich, British Columbia",21:54
business,skip,2026-07-29,"1788, Triest Crescent, Saanich, British Columbia",21:51,0a0770b2-cb7e-402a-8199-63d17f14aa98,3.8,Dropping off delivery,"Church Avenue, Saanich, British Columbia",21:25
business,,2026-07-29,"Church Avenue, Saanich, British Columbia",21:25,9ba79d82-471e-46be-af40-4e2c6ed2f7a8,0.3,Going to hot zone,"1525, Cedar Hill Cross Road, Saanich, British Columbia",21:23
business,skip,2026-07-29,"1525, Cedar Hill Cross Road, Saanich, British Columbia",21:15,2ffe1f75-2275-45e9-b67d-64f73e1f8a43,0.8,Dropping off delivery,"Kisber Avenue, Saanich, British Columbia",21:13
business,skip,2026-07-29,"3749, Shelbourne Street, Saanich, British Columbia",21:11,dd04509b-4fe8-4241-ab76-fb83a95d2655,0.4,Picking up food,"Broadmead Avenue, Saanich, British Columbia",21:09
business,,2026-07-29,"Broadmead Avenue, Saanich, British Columbia",21:09,73ae22ec-e53f-41d3-9d6b-e83f4c42d0c3,3,Going to hot zone,"1930, Francisco Terrace, Saanich, British Columbia",20:41
business,skip,2026-07-29,"1842, San Juan Avenue, Saanich, British Columbia",20:38,af5c0ff5-9192-45c2-aeff-eca497cde5fc,7.8,Dropping off delivery,"Uptown Boulevard, Saanich, British Columbia",20:18
business,skip,2026-07-29,"Uptown Boulevard, Saanich, British Columbia",20:17,e8c145f1-ffc4-4739-886c-3c7a5113cf2e,0.1,Picking up food,"Saanich Road, Saanich, British Columbia",19:57
business,,2026-07-29,"Oak Street, Saanich, British Columbia",19:57,da0938e4-53ed-4d33-97bf-6dfb8413224e,1.4,Going to hot zone,"48.44453, -123.38005",19:50
business,skip,2026-07-29,"254, Gorge Road East, Victoria, British Columbia",19:47,ba48bf70-5f05-4c18-ba6b-dd65997537ec,3,Dropping off delivery,"Blanshard Street, Victoria, British Columbia",19:18
business,skip,2026-07-29,"Blanshard Street, Victoria, British Columbia",19:18,2fbe2f51-bbfd-4ee2-b330-264c082773cc,3.9,Picking up food,"3420, Quadra Street, Saanich, British Columbia",19:13
business,skip,2026-07-28,"1100, Yates Street, Victoria, British Columbia",21:56,ddc97fa9-edb3-49a7-bf26-2e5959bb4c81,2.8,Dropping off delivery,"Broad Street, Victoria, British Columbia",21:51
business,skip,2026-07-28,"Broad Street, Victoria, British Columbia",21:51,053dfe05-d598-4603-a47e-6bae829228d5,1.3,Picking up food,"710, Fort Street, Victoria, British Columbia",21:19
business,,2026-07-28,"Fort Street, Victoria, British Columbia",20:59,fdb6a031-f3af-4323-af2b-52030fdf0d40,3.3,Going to hot zone,"56, Boyd Street, Victoria, British Columbia",20:51
business,skip,2026-07-28,"56, Boyd Street, Victoria, British Columbia",20:47,880fc41d-2589-4671-b9bf-389f00ceaf03,2.8,Dropping off delivery,"Blanshard Street, Victoria, British Columbia",20:29
business,skip,2026-07-28,"Broughton Street, Victoria, British Columbia",20:29,391e11d5-18f1-4ee5-8260-085bce34155b,1.7,Picking up food,"710, Vancouver Street, Victoria, British Columbia",20:00
business,skip,2026-07-28,"710, Vancouver Street, Victoria, British Columbia",19:54,b933dac4-564d-4cbf-ab85-8ca0e2c003da,2,Dropping off delivery,"Blanshard Street, Victoria, British Columbia",19:46
business,skip,2026-07-28,"Blanshard Street, Saanich, British Columbia",19:42,8c38ddc5-be76-49b5-9736-8fbe9944f05f,0.8,Picking up food,"800, Cloverdale Avenue, Saanich, British Columbia",19:41
business,skip,2026-07-25,"Wharf Street, Victoria, British Columbia",19:53,aa7189a4-9bc6-4baf-8b0d-c4a6ab5cfa82,4.5,Dropping off delivery,"1644, Hillside Avenue, Victoria, British Columbia",18:21
business,skip,2026-07-25,"1644, Hillside Avenue, Victoria, British Columbia",18:21,233bb566-7006-4fc3-acfd-99ec113500b7,4.2,Picking up food,"4248, Shelbourne Street, Saanich, British Columbia",18:09
business,skip,2026-07-25,"4405, Torrington Road, Saanich, British Columbia",18:03,05d80898-3e93-4810-810f-4147a284c362,4.7,Dropping off delivery,"3840, Cadboro Bay Road, Saanich, British Columbia",17:54
business,skip,2026-07-25,"3840, Cadboro Bay Road, Saanich, British Columbia",17:54,f7961c27-f5df-42df-9453-0c702e82fd39,4.7,Picking up food,"1871, Fort Street, Victoria, British Columbia",17:30
business,skip,2026-07-25,"1871, Fort Street, Victoria, British Columbia",17:26,51d694e1-397f-41ea-a3d9-59a9b84a6c85,0.6,Picking up food,"1625, Richmond Avenue, Victoria, British Columbia",17:24
business,skip,2026-07-25,"Richmond Avenue, Victoria, British Columbia",17:18,3c3fbaa8-f2a2-456b-858b-32c7de71cf72,2.7,Dropping off delivery,"829, Fort Street, Victoria, British Columbia",17:12
business,skip,2026-07-25,"Fort Street, Victoria, British Columbia",17:11,e8afc661-bfd0-40e6-abbf-5441704d0cdc,0.5,Picking up food,"990, View Street, Victoria, British Columbia",17:03
business,skip,2026-07-25,"990, View Street, Victoria, British Columbia",17:02,247d545f-3992-4d70-954e-8e6c4205c02e,1.4,Dropping off delivery,"1710, Government Street, Victoria, British Columbia",16:34
business,skip,2026-07-25,"1715, Government Street, Victoria, British Columbia",16:34,4200d92a-5bc6-4be4-af5a-048cfeb37457,0.2,Picking up food,"600, Pandora Avenue, Victoria, British Columbia",16:33
business,,2026-07-25,"3, Centennial Square, Victoria, British Columbia",16:32,e39afdb0-b1fc-4529-90e8-9a6715a64a56,3.5,Going to hot zone,"Saanich Road, Saanich, British Columbia",15:34
business,skip,2026-07-25,"Saanich Road, Saanich, British Columbia",15:34,13830122-b46b-402f-9206-c8dc071cfcba,0.8,Picking up food,"Oak Street, Saanich, British Columbia",15:11
business,,2026-07-25,"Oak Street, Saanich, British Columbia",15:11,fcda80a9-0c4f-498b-b516-88c7c1df0c39,0.4,Going to hot zone,"3378, Douglas Street, Saanich, British Columbia",14:22
business,skip,2026-07-25,"3378, Douglas Street, Saanich, British Columbia",14:22,fac1e488-b6d2-43a1-9586-e4bd67367df9,0.4,Dropping off delivery,"Saanich Road, Saanich, British Columbia",14:16
business,skip,2026-07-25,"Oak Street, Saanich, British Columbia",14:15,24445c46-2ff9-4aea-bcc8-c1cc012b8338,1.8,Picking up food,"512, Frances Avenue, Victoria, British Columbia",13:57
business,uber,2026-07-25,"526, Frances Avenue, Victoria, British Columbia",13:57,68e4f5e2-09a6-492e-ba08-9239ad6387ac,0.8,Dropping off delivery,"2960, Bridge Street, Victoria, British Columbia",13:52
business,uber,2026-07-25,"483, Garbally Road, Victoria, British Columbia",13:51,96da2bb4-0a39-4b05-b760-aa6d6ae68ae3,2.2,Picking up food,"498, Cecelia Road, Victoria, British Columbia",13:45
business,uber,2026-07-25,"495, Cecelia Road, Victoria, British Columbia",13:45,28d16af1-61e7-45c9-bcfb-4d0c0c66aaaa,4.6,Dropping off delivery,"1216, Craigflower Road, Esquimalt, British Columbia",13:34
business,uber,2026-07-25,"1216, Craigflower Road, Esquimalt, British Columbia",13:34,09468d82-ffe4-4893-a425-bbc3a636d4d6,2.4,Dropping off delivery,"1517, Admirals Road, View Royal, British Columbia",13:26
business,uber,2026-07-25,"1517, Admirals Road, View Royal, British Columbia",13:26,c7befca4-3e09-4607-bcfe-0e1de56be97a,3.2,Picking up food,"294, Gorge Road West, Saanich, British Columbia",13:19
business,uber,2026-07-25,"294, Gorge Road West, Saanich, British Columbia",13:18,4be8f236-5c72-4a3e-bc0d-a5a1ae4db94d,2.6,Dropping off delivery,"306, Burnside Road West, Saanich, British Columbia",13:11
business,uber,2026-07-25,"306, Burnside Road West, Saanich, British Columbia",13:10,60b6edf7-b0c8-409c-9cf1-153a5de9c57d,6.4,Picking up food,"Ophir Street, Saanich, British Columbia",12:55
business,skip,2026-08-05,"Johnson Street, Victoria, British Columbia",22:09,715e9c95-0cb3-4264-a5f0-41d9db187cd7,0.8,Dropping off delivery,"Gorge Road East, Victoria, British Columbia",22:03
business,skip,2026-08-05,"Gorge Road East, Victoria, British Columbia",22:03,37064637-80c2-44b0-8edc-785fd36bb9ee,0.5,Picking up food,"Petro-Canada, 3477 Quadra Street, Saanich, BC, V8X 1G8, 3477 Quadra Street, Saanich, British Columbia, V8X 1G8",21:44
business,,2026-08-05,"3477, Quadra Street, Saanich, British Columbia",08:35,3524148d-5686-4cb8-8670-779b0257b42a,2,Home,"Oak Street Dental, 3375 Oak Street, Saanich, BC, V8Z 3L4, 3375 Oak Street, Saanich, British Columbia, V8Z 3L4",21:36
business,,2026-08-05,"Oak Street, Saanich, British Columbia",21:44,6d7d714d-2eae-4597-ba43-2f22d473364f,3.7,Going to hot zone,"Grange Road, Saanich, British Columbia",21:36
business,skip,2026-08-05,"Grange Road, Saanich, British Columbia",21:35,97811470-25ef-4e82-bcfa-b5b24ce11add,2.7,Dropping off delivery,"100, Aldersmith Place, View Royal, British Columbia",21:26
business,skip,2026-08-05,"Admirals Road, View Royal, British Columbia",21:26,9568a675-cedb-49c5-896e-ba10fc06ff44,0.1,Picking up food,"Wyndeatt Avenue, Saanich, British Columbia",21:20
business,skip,2026-08-05,"2872, Wyndeatt Avenue, Saanich, British Columbia",21:18,95b3d57a-8924-411d-b938-0bae7e597111,3.4,Dropping off delivery,"944, Nicholson Street, Saanich, British Columbia",21:07
business,skip,2026-08-05,"944, Nicholson Street, Saanich, British Columbia",21:07,d02d56fe-c144-4f0a-8c31-10d5adc7ba47,0.5,Dropping off delivery,"Borden Street, Saanich, British Columbia",20:50
business,skip,2026-08-05,"Borden Street, Saanich, British Columbia",20:49,2b5a865e-99f2-4304-a755-07cecadf8e2c,2.2,Picking up food,"McKenzie Avenue, Saanich, British Columbia",19:56
business,,2026-08-05,"McKenzie Avenue, Saanich, British Columbia",19:55,219be771-c0ac-4bc6-becb-f9e9d7fbadcf,6.8,Going to hot zone,"3565, Thistle Street, Saanich, British Columbia",19:47
business,skip,2026-08-05,"3570, Thistle Street, Saanich, British Columbia",19:46,34a1b418-8f43-45cd-8e91-9de2bc9d5c33,4.6,Dropping off delivery,"3947, Quadra Street, Saanich, British Columbia",19:40
business,skip,2026-08-05,"3947, Quadra Street, Saanich, British Columbia",19:39,80448a05-7f05-433f-a212-49fe766ab7fb,2.2,Picking up food,"3460, Quadra Street, Saanich, British Columbia",19:36
business,,2026-08-04,"Oak Street, Saanich, British Columbia",21:35,a7de7dac-367a-4333-95cd-9036132e856f,7.3,Going to hot zone,"4012, Dawnview Crescent, Saanich, British Columbia",21:20
business,skip,2026-08-04,"4017, Dawnview Crescent, Saanich, British Columbia",21:18,9f577abb-84ba-4d98-a0fc-04681804c238,5,Dropping off delivery,"1627, Hillside Avenue, Victoria, British Columbia",21:07
business,skip,2026-08-04,"1627, Hillside Avenue, Victoria, British Columbia",21:06,81498b45-60c9-444d-9af5-2c5145124354,1.7,Picking up food,"1356, McNair Street, Victoria, British Columbia",21:01
business,skip,2026-08-04,"1323, McNair Street, Victoria, British Columbia",21:00,ffa9f2ee-d8bf-448f-b681-c11b53f2e4e6,2.2,Dropping off delivery,"2850, Douglas Street, Victoria, British Columbia",20:50
business,skip,2026-08-04,"Gorge Road East, Victoria, British Columbia",20:50,92964429-3878-46d9-ad7d-09a90bdc2511,2.7,Picking up food,"3350, Glasgow Avenue, Saanich, British Columbia",20:43
business,skip,2026-08-04,"960, Inverness Road, Saanich, British Columbia",20:42,be072289-c735-47a6-9e0a-85c1e1f43fc7,2.8,Dropping off delivery,"Cedar Hill Cross Road, Saanich, British Columbia",20:36
business,skip,2026-08-04,"Cedar Hill Cross Road, Saanich, British Columbia",20:36,e23780fc-159c-45ca-a557-f952d29d6448,3,Picking up food,"Saanich Road, Saanich, British Columbia",20:29
business,,2026-08-04,"Oak Street, Saanich, British Columbia",20:29,019e4b09-8fa3-4521-8846-e3d0cab039ef,2.1,Going to hot zone,"1316, Lang Street, Victoria, British Columbia",20:03
business,skip,2026-08-04,"1314, Lang Street, Victoria, British Columbia",20:03,bc17ef70-0d76-4063-a4d5-55e5bab8c69c,2.6,Dropping off delivery,"Dairy Queen, 2350 Douglas Street, Victoria",19:55
business,skip,2026-08-04,"Dairy Queen, 2350 Douglas Street, Victoria",19:55,59ffa3cc-0224-4320-b1c2-2b7f94b57194,1.3,Picking up food,"1102, Empress Avenue, Victoria, British Columbia",19:48
business,skip,2026-08-04,"1106, Empress Avenue, Victoria, British Columbia",19:46,aaccbc1d-d18c-4de3-b3e4-f47d7cd2a323,2.2,Dropping off delivery,"Hillside Avenue, Victoria, British Columbia",19:32
business,skip,2026-08-04,"Hillside Avenue, Victoria, British Columbia",19:32,5c86026c-9d2e-4c79-8251-22275f23f6f9,1.6,Picking up food,"3369, Quadra Street, Saanich, British Columbia",19:29
business,uber,2026-08-01,"515, Chatham Street, Victoria, British Columbia",21:51,5dc706f0-920f-4a57-b8c0-2c407be87140,1,Dropping off delivery,"615, Broughton Street, Victoria, British Columbia",21:45
business,skip,2026-08-01,"615, Broughton Street, Victoria, British Columbia",21:45,b555d5b0-8340-4241-8bbb-fc35e45b8259,0.4,Picking up food,"716, Burdett Avenue, Victoria, British Columbia",21:37
business,uber,2026-08-01,"716, Burdett Avenue, Victoria, British Columbia",21:37,85df2aeb-f22e-4d36-879d-e3308fd5f543,0.5,Picking up food,"1117, Blanshard Street, Victoria, British Columbia",21:32
business,uber,2026-08-01,"1119, Blanshard Street, Victoria, British Columbia",21:32,8631ce35-1b64-461f-acb8-e76033a08e4d,0.3,Picking up food,"710, Fort Street, Victoria, British Columbia",21:29
business,,2026-08-01,"Fort Street, Victoria, British Columbia",21:29,91f3ff9f-1edd-4120-9ad0-234e6a86352c,1.6,Going to hot zone,"909, Yates Street, Victoria, British Columbia",21:25
business,skip,2026-08-01,"909, Yates Street, Victoria, British Columbia",21:10,b7100d61-05b1-4568-a5cc-3b4050ad6b42,3.8,Dropping off delivery,"Saanich Road, Saanich, British Columbia",19:29
business,skip,2026-08-01,"Saanich Road, Saanich, British Columbia",19:29,95b79f0e-6223-4d12-9ea3-6788d7200f95,0.7,Picking up food,"Oak Street, Saanich, British Columbia",19:25
business,,2026-08-01,"Oak Street, Saanich, British Columbia",19:08,4efe0af0-9c19-4dd5-b8a1-f2073dc581d7,3.6,Going to hot zone,"2521, Shelbourne Street, Victoria, British Columbia",18:57
business,skip,2026-08-01,"2514, Shelbourne Street, Victoria, British Columbia",18:57,6c348fd4-386b-4098-8441-be938925c551,2.7,Dropping off delivery,"2850, Douglas Street, Victoria, British Columbia",18:46
business,skip,2026-08-01,"Gorge Road East, Victoria, British Columbia",18:46,e18ea097-6d19-4b76-9ff2-b7670da8b8bf,2.6,Picking up food,"3420, Quadra Street, Saanich, British Columbia",18:37
personal,,2026-08-01,"3420, 3420, Quadra Street, Saanich, British Columbia",18:36,9abd2ac0-d812-485f-8129-33f900e98f0d,1.6,Home,"963, Scotia Street, Saanich, British Columbia",18:31
business,skip,2026-08-01,"929, Scotia Street, Saanich, British Columbia",18:29,b00fac4e-9c9a-40f6-a2ad-ee6cc4ef6dd3,2.6,Dropping off delivery,"3551, Uptown Boulevard, Saanich, British Columbia",18:19
business,skip,2026-08-01,"Uptown Boulevard, Saanich, British Columbia",18:19,83c3ad53-3db3-46fd-9bee-8b3647fe8847,1.4,Picking up food,"3420, Quadra Street, Saanich, British Columbia",18:12
personal,,2026-07-31,"991, Cloverdale Avenue, Saanich, British Columbia",21:58,1c7c22d0-e129-4faa-9a23-cdef4ba7c0ab,2.6,Home,"Gorge Road East, Victoria, British Columbia",21:46
business,skip,2026-07-31,"Gorge Road East, Victoria, British Columbia",21:44,bb4d7542-4f72-4198-accf-5304bb0f2a87,1.6,Dropping off delivery,"815, Cloverdale Avenue, Saanich, British Columbia",21:32
business,skip,2026-07-31,"Blanshard Street, Saanich, British Columbia",21:31,e006fe65-21e0-46ed-83bd-70b0ab667b65,0.7,Picking up food,"Oak Street, Saanich, British Columbia",21:24
business,,2026-07-31,"Oak Street, Saanich, British Columbia",21:23,ab3f8f3b-586d-4c7d-a298-1e975482fa20,2.2,Going to hot zone,"8, Gorge Road West, Saanich, British Columbia",21:15
business,skip,2026-07-31,"2820, Harriet Road, Saanich, British Columbia",21:15,9900bf5e-5d39-451e-bef0-1c2f561742c8,1.9,Dropping off delivery,"Oak Street, Saanich, British Columbia",21:09
business,skip,2026-07-31,"Oak Street, Saanich, British Columbia",21:08,25ce21c0-7bde-44b9-9191-8da43030c19b,3.4,Picking up food,"587, Melba Place, Saanich, British Columbia",21:01
business,skip,2026-07-31,"591, Melba Place, Saanich, British Columbia",21:00,0de0371f-9dfd-4a16-b567-56c17b1f675c,3.8,Dropping off delivery,"4410, West Saanich Road, Saanich, British Columbia",20:52
business,skip,2026-07-31,"West Saanich Road, Saanich, British Columbia",20:51,7147f291-dd21-4774-934c-e84a5d1ca230,4.2,Picking up food,"494, Marsett Place, Saanich, British Columbia",20:46
business,skip,2026-07-31,"490, Marsett Place, Saanich, British Columbia",20:44,bb3ad454-b991-46bd-b182-1cf7664bb287,11.4,Dropping off delivery,"Saanich Road, Saanich, British Columbia",20:05
business,,2026-07-31,"Oak Street, Saanich, British Columbia",20:05,f78715df-34a0-4c18-a408-ecfb668f004f,4.4,Going to hot zone,"535, Whiteside Street, Saanich, British Columbia",19:58
business,skip,2026-07-31,"536, Whiteside Street, Saanich, British Columbia",19:58,4d34833b-42bc-4907-94aa-1a7cf63d59fc,3.1,Dropping off delivery,"Saanich Road, Saanich, British Columbia",19:54
business,skip,2026-07-31,"Saanich Road, Saanich, British Columbia",19:54,cfe8e3a8-6459-49d3-a728-7be2fd340cf3,1.7,Picking up food,"Saanich Road, Saanich, British Columbia",19:43
business,,2026-07-31,"Oak Street, Saanich, British Columbia",19:42,aa189b2b-7dd7-4904-af2e-6ddc5e49ec9c,2.2,Going to hot zone,"2676, Dowler Place, Victoria, British Columbia",19:35
business,skip,2026-07-31,"2678, Dowler Place, Victoria, British Columbia",19:35,6a2b17c6-25a8-4e0d-90dd-ac30eae1e2e1,5.2,Dropping off delivery,"Blanshard Street, Saanich, British Columbia",19:26
business,skip,2026-07-31,"Blanshard Street, Saanich, British Columbia",19:04,671b1972-a425-4895-8df7-9210638d94c5,6.5,Picking up food,"4075, Santa Anita Avenue, Saanich, British Columbia",18:52
business,skip,2026-07-31,"1259, Mariposa Avenue, Saanich, British Columbia",18:51,945b520d-b86e-481f-b55e-7990fbf60b7d,5.8,Dropping off delivery,"3947, Quadra Street, Saanich, British Columbia",18:43
business,skip,2026-07-31,"3947, Quadra Street, Saanich, British Columbia",18:42,5189fdaf-38a7-4a90-8658-7298efe69f93,1.7,Picking up food,"1104, Glenora Place, Saanich, British Columbia",18:39
business,skip,2026-07-31,"1104, Glenora Place, Saanich, British Columbia",18:38,b2e420cf-8d13-4877-823b-0a2df4f7345d,3,Dropping off delivery,"Uptown Boulevard, Saanich, British Columbia",18:16
business,skip,2026-07-31,"Uptown Boulevard, Saanich, British Columbia",18:16,13858c92-17db-42df-bad9-02d1a17c1f32,0.6,Picking up food,"Oak Street, Saanich, British Columbia",17:45
business,,2026-07-31,"Saanich Road, Saanich Road, Saanich, British Columbia",17:44,9c8bcfb4-42ab-4dfd-ab54-c0256998ed5b,2.8,Going to hot zone,"3147, Quadra Street, Victoria, British Columbia",17:40
personal,,2026-07-30,"3420, Quadra Street, Saanich, British Columbia",22:14,c8797791-1adf-4fb5-abca-fe4d98a19be3,3.7,Home,"1701, Richmond Road, Saanich, British Columbia",22:01
business,uber,2026-07-30,"1701, Richmond Road, Saanich, British Columbia",22:01,62668278-404c-44f7-a9c5-ab837acc7041,5.4,Dropping off delivery,"230, Cook Street, Victoria, British Columbia",21:46
business,uber,2026-07-30,"Cook Street, Victoria, British Columbia",21:46,3f61129d-d797-4221-b256-20a7beb6014f,1.6,Picking up food,"777, Cook Street, Victoria, British Columbia",21:35
business,skip,2026-07-30,"777, Cook Street, Victoria, British Columbia",21:35,4b4aba34-9569-42a0-8655-6a7aca439fe2,1.7,Dropping off delivery,"Varsha Indian Kitchen, 1600 Government Street, Victoria",21:10
business,skip,2026-07-30,"Varsha Indian Kitchen, 1600 Government Street, Victoria",21:10,c84c63e0-b169-4895-b29d-1842f736d21f,2.2,Picking up food,"914, Esquimalt Road, Esquimalt, British Columbia",20:59
business,skip,2026-07-30,"918, Esquimalt Road, Esquimalt, British Columbia",20:59,2cdd56bf-60d0-49f6-be89-af2b0702e1f1,0.5,Picking up food,"980, Wordsley Street, Esquimalt, British Columbia",20:50
business,skip,2026-07-30,"Esquimalt Road, Esquimalt, British Columbia",20:49,4273d4bb-dcaf-41b8-94e3-fa0834c8b2c1,3.6,Dropping off delivery,"Tolmie Avenue, Saanich, British Columbia",20:34
business,skip,2026-07-30,"Tolmie Avenue, Saanich, British Columbia",20:34,41740417-5a8b-495d-bf36-8f2de4c40b58,0.9,Picking up food,"Saanich Road, Saanich, British Columbia",20:30
business,,2026-07-30,"Saanich Road, Saanich, British Columbia",20:20,f182669e-3926-4b7a-ac72-030cafaa0ea5,3.4,Going to hot zone,"819, Ellery Street, Esquimalt, British Columbia",20:11
business,skip,2026-07-30,"819, Ellery Street, Esquimalt, British Columbia",20:09,7bf031ce-5878-4222-8f9d-12110d03e5f8,3.9,Dropping off delivery,"Boston Pizza, Blanshard Street, Saanich",19:54
business,skip,2026-07-30,"Boston Pizza, Blanshard Street, Saanich",19:54,b308b39b-b739-47dd-866f-85d206c91d60,1.6,Picking up food,"Oak Street, Saanich, British Columbia",19:50
business,,2026-07-30,"Oak Street, Saanich, British Columbia",19:50,193feeb2-c65e-45a7-84ee-2559c1ee04f1,1.7,Going to hot zone,"3002, Fifth Street, Victoria, British Columbia",19:43
business,skip,2026-07-30,"3010, Fifth Street, Victoria, British Columbia",19:42,ca0baa86-67b3-4ef1-9829-f3ce89316b21,4,Dropping off delivery,"Blanshard Street, Saanich, British Columbia",19:07
business,,2026-07-30,"Blanshard Street, Saanich, British Columbia",19:07,55bf035b-ec8f-475f-a96f-84bfd2e69b92,8.7,Going to hot zone,"2587, Penrhyn Street, Saanich, British Columbia",18:50
business,skip,2026-07-30,"2587, Penrhyn Street, Saanich, British Columbia",18:50,d6db6644-9683-419c-8353-66a9ae122a11,10.4,Dropping off delivery,"4291, Glanford Avenue, Saanich, British Columbia",18:36
business,skip,2026-07-30,"4291, Glanford Avenue, Saanich, British Columbia",18:36,5395995b-f34b-417d-ac15-9c9401d4277f,4.1,Picking up food,"3420, Quadra Street, Saanich, British Columbia",18:27
business,skip,2026-08-12,"852, Yates Street, Victoria, British Columbia",21:57,7f59d685-0e4c-406f-aa68-7dc22ba1781e,0.3,Dropping off delivery,"911, Yates Street, Victoria, British Columbia",21:54
business,,2026-08-12,"911, Yates Street, Victoria, British Columbia",21:54,dbedd53f-003c-49cd-b36e-88f7a94aa296,0.5,,"946, Johnson Street, Victoria, British Columbia",21:45
business,skip,2026-08-12,"946, Johnson Street, Victoria, British Columbia",21:45,7717b420-9028-47fc-b876-fdd802e33b16,1.3,Dropping off delivery,"Burdett Avenue, Victoria, British Columbia",21:36
business,skip,2026-08-12,"716, Burdett Avenue, Victoria, British Columbia",21:35,c2979e92-13d9-4041-91a7-b8703e2e25d4,0.6,Picking up food,"702, Fort Street, Victoria, British Columbia",21:09
business,,2026-08-12,"Fort Street, Victoria, British Columbia",21:09,cbc5c727-466e-48fb-8648-d61faca2c7bf,1.7,Going to hot zone,"Yates Street, Victoria, British Columbia",21:05
business,skip,2026-08-12,"Yates Street, Victoria, British Columbia",21:01,3cd2f8ff-5aaa-425c-a63b-f7069f305c40,3.8,Dropping off delivery,"1289, Camrose Crescent, Saanich, British Columbia",20:51
business,skip,2026-08-12,"1289, Camrose Crescent, Saanich, British Columbia",20:49,0f26a016-ce11-4be2-b6ac-a97e52669cdc,2.1,Dropping off delivery,"815, Cloverdale Avenue, Saanich, British Columbia",20:22
business,skip,2026-08-12,"Blanshard Street, Saanich, British Columbia",20:21,5ebf75b1-cff7-4871-a94b-b56af2be47bc,1.1,Picking up food,"Saanich Road, Saanich, British Columbia",20:07
business,,2026-08-12,"Oak Street, Saanich, British Columbia",20:07,ed54767f-1f42-4ded-ace7-9d364bda4158,1,Going to hot zone,"3220, Quadra Street, Saanich, British Columbia",20:04
business,skip,2026-08-12,"3220, Quadra Street, Saanich, British Columbia",20:03,4c33accd-9a58-4187-b9dd-5eb7944c0973,2.2,Dropping off delivery,"3760, Carey Road, Saanich, British Columbia",19:58
business,,2026-08-12,"3760, Carey Road, Saanich, British Columbia",19:58,bcc6a41d-a28c-419e-bec0-3418a16afbbb,0.2,,"3775, Carey Road, Saanich, British Columbia",19:47
business,skip,2026-08-12,"3775, Carey Road, Saanich, British Columbia",19:47,6653255f-af78-4193-80ba-06a99c04e22f,1.6,Picking up food,"Oak Street, Saanich, British Columbia",19:44
business,,2026-08-12,"Oak Street, Saanich, British Columbia",19:30,07715580-9540-4d4a-82ed-49b95f493eef,0.2,Going to hot zone,"Oak Street, Saanich, British Columbia",19:02
business,,2026-08-12,"McDonald's, McDonald's, 3465 Saanich Rd, Victoria, BC V8X 1W8, Canada",19:02,34e170b5-2b4f-4140-893e-8c92d678f900,13.3,Going to hot zone,"5291, Parker Avenue, Saanich, British Columbia",18:42
business,skip,2026-08-12,"5291, Parker Avenue, Saanich, British Columbia",18:42,dbfd70e2-7b29-48e9-b8a3-dd686d031032,13.7,Dropping off delivery,"2709, Quadra Street, Victoria, British Columbia",18:24
business,skip,2026-08-12,"2709, Quadra Street, Victoria, British Columbia",18:24,11df9e84-75fa-4a7e-b210-57f1f48e4d6f,2,Picking up food,"3420, Quadra Street, Saanich, British Columbia",18:19
business,skip,2026-08-11,"1329, McNair Street, Victoria, British Columbia",21:48,2904bb67-c9a9-4537-b469-26525bee343d,2.5,Dropping off delivery,"Yates Street, Victoria, British Columbia",21:41
business,skip,2026-08-11,"Yates Street, Victoria, British Columbia",21:40,741c7ae4-223f-4ebe-8e18-8d2c0816641e,4,Picking up food,"Saanich Road, Saanich, British Columbia",21:34
business,,2026-08-11,"Oak Street, Saanich, British Columbia",21:34,c9f0c032-f4ea-4244-8674-f821ab40b4ea,1,Going to hot zone,"3214, Harriet Road, Saanich, British Columbia",21:31
business,,2026-08-11,"3175, Harriet Road, Saanich, British Columbia",21:31,696fb1ca-bc1f-455e-8005-38a1e30b33c7,2.4,Going to hot zone,"899, Craigflower Road, Esquimalt, British Columbia",21:19
business,skip,2026-08-11,"899, Craigflower Road, Esquimalt, British Columbia",21:19,5f430f93-c56b-474f-8ff2-e1b840261614,3.2,Dropping off delivery,"Gorge Road East, Victoria, British Columbia",21:08
business,skip,2026-08-11,"Gorge Road East, Victoria, British Columbia",21:07,cb5be270-c68b-4776-900e-4d01132619f4,0.8,Picking up food,"243, Gorge Road East, Victoria, British Columbia",21:02
business,uber,2026-08-11,"Washington Avenue, Victoria, British Columbia",21:01,e8c73ba7-0035-49a0-82ee-9e895e6216b5,2.4,Dropping off delivery,"642, Johnson Street, Victoria, British Columbia",20:54
business,uber,2026-08-11,"642, Johnson Street, Victoria, British Columbia",20:51,19c832df-4f32-4838-a40e-ef27a248b6f2,1.9,Picking up food,"Esquimalt Road, Esquimalt, British Columbia",20:40
business,uber,2026-08-11,"Esquimalt Road, Esquimalt, British Columbia",20:39,47403786-fde7-4317-ab2c-0d9f7bccfcd6,1.1,Dropping off delivery,"1149, Esquimalt Road, Esquimalt, British Columbia",20:36
business,uber,2026-08-11,"1134, Esquimalt Road, Esquimalt, British Columbia",20:31,cf0d73cb-f6ac-4ff5-a8ba-b140e4358f9e,0.7,Picking up food,"526, Comerford Street, Esquimalt, British Columbia",20:28
business,,2026-08-11,"526, Comerford Street, Esquimalt, British Columbia",20:28,41ed4d4d-de22-4ac8-9f2b-bf9c31795d4b,1.7,,"795, Fairview Road, Esquimalt, British Columbia",20:22
business,uber,2026-08-11,"795, Fairview Road, Esquimalt, British Columbia",20:22,d74e3409-9965-428b-9b47-489860eb247f,5,Dropping off delivery,"Blanshard Street, Saanich, British Columbia",20:13
business,uber,2026-08-11,"Blanshard Street, Saanich, British Columbia",20:10,e1918cde-1e5a-44bd-889d-249fe58aed6f,0.7,Picking up food,"3388, Douglas Street, Saanich, British Columbia",20:08
business,skip,2026-08-11,"3388, Douglas Street, Saanich, British Columbia",20:07,ed01cec9-c6d9-4b11-91c7-7992226cb50c,1,Picking up food,"3278, Oak Street, Saanich, British Columbia",20:04
business,uber,2026-08-11,"3244, Quadra Street, Saanich, British Columbia",20:01,dd74a064-aed1-41fe-864a-f51c8338b655,3.9,Dropping off delivery,"Market Square, Victoria, British Columbia",19:44
business,uber,2026-08-11,"Market Square, Victoria, British Columbia",19:44,b1ce9e63-3ff1-46c8-911e-c716b28cf4ec,1,Picking up food,"706, Fort Street, Victoria, British Columbia",19:37
business,,2026-08-11,"706, Fort Street, Victoria, British Columbia",19:37,9adc7a4e-aab1-464c-919a-a3518650a735,4.6,,"710, Fort Street, Victoria, British Columbia",19:27
business,,2026-08-11,"710, Fort Street, Victoria, British Columbia",19:27,768aa902-8b92-4aa3-8c7e-2a17c0d663e3,1.7,Going to hot zone,"582, Marifield Avenue, Victoria, British Columbia",19:16
business,skip,2026-08-11,"582, Marifield Avenue, Victoria, British Columbia",19:16,483e1e2d-035f-4511-8836-dbbd1cebbc65,2.5,Dropping off delivery,"780, Fisgard Street, Victoria, British Columbia",18:08
business,,2026-08-11,"780, Fisgard Street, Victoria, British Columbia",18:08,8a7f905c-da59-4213-bbb9-477c9d5c6d57,4.1,Going to hot zone,"991, Cloverdale Avenue, Saanich, British Columbia",17:56
business,uber,2026-08-10,"2748, Foul Bay Road, Oak Bay, British Columbia",22:16,622a6c9e-27db-4692-bf36-e08dd29310bc,1.2,Dropping off delivery,"1573, Begbie Street, Victoria, British Columbia",22:09
business,,2026-08-10,"1573, Begbie Street, Victoria, British Columbia",22:09,f40a0537-265f-4013-8883-271863a8bd9f,0.1,,"1593, Begbie Street, Victoria, British Columbia",22:03
business,uber,2026-08-10,"1593, Begbie Street, Victoria, British Columbia",22:03,f6facdd3-8d7d-4818-94b5-26f7aea7058d,2.1,Dropping off delivery,"769, Fort Street, Victoria, British Columbia",21:58
business,uber,2026-08-10,"773, Fort Street, Victoria, British Columbia",21:58,bcef200d-f02d-44ff-bbeb-2ead57ba57b9,2.1,Picking up food,"Fort Street, Victoria, British Columbia",21:43
business,uber,2026-08-10,"Fort Street, Victoria, British Columbia",21:43,e6156d64-23fe-4a36-aa74-a025bf89d054,1.5,Picking up food,"340, Linden Avenue, Victoria, British Columbia",21:35
business,uber,2026-08-10,"1154, McKenzie Street, Victoria, British Columbia",21:35,0fa4cbc5-82a7-45d8-90e3-6bd4d5924dda,1.4,Dropping off delivery,"1107, Blanshard Street, Victoria, British Columbia",21:28
business,uber,2026-08-10,"1111, Blanshard Street, Victoria, British Columbia",21:28,2b1be714-e515-4232-afab-210108378d8a,2.4,Picking up food,"135, Dallas Road, Victoria, British Columbia",21:18
business,uber,2026-08-10,"118, Dallas Road, Victoria, British Columbia",21:18,87830909-691e-4b50-85e5-0e3f7c83537b,2.2,Dropping off delivery,"708, Burdett Avenue, Victoria, British Columbia",21:09
business,uber,2026-08-10,"708, Burdett Avenue, Victoria, British Columbia",21:09,15cf8f44-3423-4656-92e8-caa97ddd4e5c,0.7,Picking up food,"Young Street, Victoria, British Columbia",20:58
business,uber,2026-08-10,"627, Toronto Street, Victoria, British Columbia",20:58,d1a40053-5c78-4461-a742-b96284cde4d5,1.1,Dropping off delivery,"649, Fort Street, Victoria, British Columbia",20:52
business,uber,2026-08-10,"641, Fort Street, Victoria, British Columbia",20:52,58c2ae30-e063-411a-b2ba-5a38ced9c5d8,2.1,Picking up food,"1100, Yates Street, Victoria, British Columbia",20:44
business,uber,2026-08-10,"1100, Yates Street, Victoria, British Columbia",20:44,68e08102-9194-433c-888c-6554e9aa7ee0,4.4,Picking up food,"1839, Haultain Street, Saanich, British Columbia",20:34
business,uber,2026-08-10,"1841, Haultain Street, Saanich, British Columbia",20:34,a2c74aca-cfb3-478f-a707-94e5bade8461,1.7,Dropping off delivery,"1436, Denman Street, Victoria, British Columbia",20:27
business,uber,2026-08-10,"1442, Denman Street, Victoria, British Columbia",20:27,7fe317fb-ed07-4fe0-ac85-1cc379b77ec0,2.6,Dropping off delivery,"999, Hillside Avenue, Victoria, British Columbia",20:20
business,uber,2026-08-10,"999, Hillside Avenue, Victoria, British Columbia",20:20,86f02514-52dd-43cd-88cd-21ff8ce93981,4.3,Picking up food,"Uptown Boulevard, Saanich, British Columbia",20:10
business,skip,2026-08-10,"Uptown Boulevard, Saanich, British Columbia",20:10,a55b24aa-e8aa-4038-bdf9-ca7fd90b64e6,0.4,Picking up food,"Saanich Road, Saanich, British Columbia",20:02
business,,2026-08-10,"Oak Street, Saanich, British Columbia",20:02,e2ff941f-eda0-48fd-8f0f-0b12a57ae3b3,4.4,Going to hot zone,"Royal Oak Trail, Saanich, British Columbia",19:50
business,skip,2026-08-10,"Royal Oak Trail, Saanich, British Columbia",19:49,0652d7a0-da7c-4635-8ac8-f631f06efa1f,5.3,Dropping off delivery,"Uptown Boulevard, Saanich, British Columbia",19:18
business,doordash,2026-08-10,"Saanich Road, Saanich, British Columbia",19:17,6b8a838e-cadc-4054-97dd-77c17e043de5,3,Picking up food,"3420, Quadra Street, Saanich, British Columbia",19:11
personal,,2026-08-09,"991, Cloverdale Avenue, Saanich, British Columbia",21:50,0bd79308-5889-4b56-ae7f-6bcbc99d6130,2.4,Home,"535, Ellice Street, Victoria, British Columbia",21:40
business,skip,2026-08-09,"535, Ellice Street, Victoria, British Columbia",21:39,381ba310-32d2-44d0-bc4a-e99f602072b6,2.6,Dropping off delivery,"Fort Street, Victoria, British Columbia",20:58
business,,2026-08-09,"Fort Street, Victoria, British Columbia",20:57,9bed4179-bace-4e76-9a47-c0ce087a2327,0.4,Going to hot zone,"1109, Collinson Street, Victoria, British Columbia",20:47
business,skip,2026-08-09,"1111, Collinson Street, Victoria, British Columbia",20:47,ba3738e0-7003-44a6-ba0b-3407f5d0a689,0.9,Dropping off delivery,"Yates Street, Victoria, British Columbia",20:42
business,skip,2026-08-09,"Yates Street, Victoria, British Columbia",20:41,fbd4a592-4e46-42a4-9cf3-ac0c243ebbdc,1.1,Picking up food,"706, Fort Street, Victoria, British Columbia",19:55
business,,2026-08-09,"706, Fort Street, Victoria, British Columbia",19:55,c28b30f5-9428-4227-ab99-33a283009799,0.5,Going to hot zone,"755, Humboldt Street, Victoria, British Columbia",19:46
business,skip,2026-08-09,"Humboldt Street, Victoria, British Columbia",19:45,4754f9a2-7ecf-43d7-aea2-78fabacdad40,1.3,Dropping off delivery,"1200, Douglas Street, Victoria, British Columbia",19:40
business,skip,2026-08-09,"662, View Street, Victoria, British Columbia",19:39,e7e6088c-3a5d-4f28-b06b-8692a4c556a8,0.3,Picking up food,"757, Fort Street, Victoria, British Columbia",19:36
business,,2026-08-09,"757, Fort Street, Victoria, British Columbia",19:36,b63623ae-e23b-493e-ae79-840a896f40b9,3,Going to hot zone,"Colville Road, Esquimalt, British Columbia",19:18
business,skip,2026-08-09,"1342, Saunders Street, Esquimalt, British Columbia",19:15,014ab30e-429c-44bd-9694-9e47b801428c,4.8,Dropping off delivery,"960, Yates Street, Victoria, British Columbia",19:03
business,skip,2026-08-09,"911, Yates Street, Victoria, British Columbia",19:01,114b7423-4841-45af-aac3-d777f8ad20ab,0.3,Picking up food,"1150, Cook Street, Victoria, British Columbia",18:55
business,skip,2026-08-09,"1097, View Street, Victoria, British Columbia",18:54,63bc6ce5-9c4a-4035-ba04-050af4bdc9d9,1.3,Dropping off delivery,"1012, Blanshard Street, Victoria, British Columbia",18:50
business,skip,2026-08-09,"Blanshard Street, Victoria, British Columbia",18:49,7160632a-1f3d-4272-a686-ec458a0425aa,1.1,Picking up food,"747, Fort Street, Victoria, British Columbia",18:45
business,,2026-08-09,"747, Fort Street, Victoria, British Columbia",18:45,c3fc865c-d09d-41d0-a558-1c6d9ebfc5de,3.1,Going to hot zone,"1625, Richmond Avenue, Victoria, British Columbia",18:34
business,skip,2026-08-09,"1625, Richmond Avenue, Victoria, British Columbia",18:32,ae70c7cb-a672-4503-97ed-cea1f7e55e3d,2.8,Dropping off delivery,"772, Fort Street, Victoria, British Columbia",18:26
business,skip,2026-08-09,"Fort Street, Victoria, British Columbia",18:25,8ec339f5-8bde-41d2-9a20-9ec87f3a0660,0.1,Picking up food,"740, Fort Street, Victoria, British Columbia",18:20
business,,2026-08-09,"740, Fort Street, Victoria, British Columbia",18:20,f1c00ea2-b9f6-427c-9849-aa845229a6d8,0.8,Going to hot zone,"1750, Government Street, Victoria, British Columbia",18:05
business,,2026-08-09,"1750, Government Street, Victoria, British Columbia",18:04,e8e62dfc-ad85-435b-981a-184e546c7905,1.1,Going to hot zone,"1010, Pembroke Street, Victoria, British Columbia",17:59
business,skip,2026-08-09,"1010, Pembroke Street, Victoria, British Columbia",17:57,bbc79b2e-2808-4d20-9774-d5eb26565b88,3.8,Dropping off delivery,"Delicious Pizza & Pasta, 3388 Douglas Street, Saanich",17:44
business,skip,2026-08-09,"Delicious Pizza & Pasta, 3388 Douglas Street, Saanich",17:43,1ee7f521-f64d-47d9-9d5d-f0b0fb1ef6bf,0.3,Picking up food,"Oak Street, Saanich, British Columbia",17:17
business,,2026-08-09,"Oak Street, Saanich, British Columbia",17:17,ad68d9f1-f81f-4937-b1eb-086c49b6c1f3,1.6,Going to hot zone,"878, Swan Street, Saanich, British Columbia",17:13
business,skip,2026-08-09,"877, Swan Street, Saanich, British Columbia",17:13,a2b64733-58c5-4190-8d46-6e4264ada796,0.8,Dropping off delivery,"Oak Street, Saanich, British Columbia",17:06
business,,2026-08-09,"Oak Street, Saanich, British Columbia",17:06,0d0749b0-5bf5-4209-b688-60aa44c82dab,1.8,Going to hot zone,"971, Annie Street, Saanich, British Columbia",16:59
business,skip,2026-08-09,"971, Annie Street, Saanich, British Columbia",16:58,60861827-5da8-434c-af60-23d5cc9fc296,1.7,Dropping off delivery,"Oak Street, Saanich, British Columbia",16:50
business,,2026-08-09,"Oak Street, Saanich, British Columbia",16:50,7defcc7e-de68-4df1-bd3c-8003f53759f6,3,Going to hot zone,"1356, McNair Street, Victoria, British Columbia",16:41
business,skip,2026-08-09,"1323, McNair Street, Victoria, British Columbia",16:40,63060bf9-cef4-4632-8e73-f6399b6a4e81,2.4,Dropping off delivery,"2852, Douglas Street, Victoria, British Columbia",16:33
business,skip,2026-08-09,"Gorge Road East, Victoria, British Columbia",16:32,f84c9333-e0f3-408b-8911-780fb7a034de,2.2,Picking up food,"Saanich Road, Saanich, British Columbia",16:20
business,,2026-08-09,"Oak Street, Saanich, British Columbia",16:20,1147768c-8fab-44a7-9165-055d3558c8f4,2,Going to hot zone,"3318, Wascana Street, Saanich, British Columbia",16:15
business,skip,2026-08-09,"3319, Wascana Street, Saanich, British Columbia",16:14,b20c55a2-3f35-44f0-9e6e-4b34160dd48c,1.7,Dropping off delivery,"Oak Street, Saanich, British Columbia",15:57
business,,2026-08-09,"Oak Street, Saanich, British Columbia",15:57,7ca59b41-e21a-4591-a53b-19d9a440f305,1.5,Going to hot zone,"3474, Quadra Street, Saanich, British Columbia",15:50
personal,,2026-08-07,"3420, Quadra Street, Saanich, British Columbia",21:51,36b071ff-0cd8-45a2-80f7-6c575e1918dc,6,Home,"1728, Kenmore Road, Saanich, British Columbia",21:36
business,skip,2026-08-07,"1728, Kenmore Road, Saanich, British Columbia",21:36,7e07c92b-0972-42c3-a77d-c9bf22754f1f,7.3,Dropping off delivery,"2852, Douglas Street, Victoria, British Columbia",21:21
business,skip,2026-08-07,"Gorge Road East, Victoria, British Columbia",21:20,77b49ae1-9a4f-49e0-a7ce-2244f99f3e4b,2.1,Picking up food,"Saanich Road, Saanich, British Columbia",21:12
business,,2026-08-07,"Saanich Road, Saanich, British Columbia",21:12,0d96c43b-64ed-4404-ad2c-8caeb7f0c251,2.9,Going to hot zone,"2805, Cook Street, Victoria, British Columbia",21:04
business,skip,2026-08-07,"1288, Montrose Avenue, Victoria, British Columbia",21:02,00a8e84a-2a99-4971-aed0-c046b4c4d77f,3,Dropping off delivery,"816, Government Street, Victoria, British Columbia",20:48
business,skip,2026-08-07,"521, Courtney Street, Victoria, British Columbia",20:48,98f81770-9fec-4239-904f-3ea36d3c6ee0,1.2,Picking up food,"Menzies Street, Victoria, British Columbia",20:37
business,skip,2026-08-07,"470, Belleville Street, Victoria, British Columbia",20:36,4b68152c-64b8-4d0a-a310-3011c6127cf0,0.7,Dropping off delivery,"239, Menzies Street, Victoria, British Columbia",20:32
business,skip,2026-08-07,"Menzies Street, Victoria, British Columbia",20:31,0521e146-4027-4856-bf5f-458ce7e4a6bd,0.3,Picking up food,"420, Parry Street, Victoria, British Columbia",20:25
business,skip,2026-08-07,"415, Parry Street, Victoria, British Columbia",20:25,c9596f9b-04a3-4482-bb87-ec9379550d0c,1.6,Dropping off delivery,"569, Johnson Street, Victoria, British Columbia",19:26
business,,2026-08-07,"569, Johnson Street, Victoria, British Columbia",19:26,65b0e2b3-8e65-48cc-a2eb-5efc7c0cb64f,1.6,Going to hot zone,"507, William Street, Victoria, British Columbia",19:21
business,skip,2026-08-07,"507, William Street, Victoria, British Columbia",19:18,185b54d5-e4f9-4a70-8632-4d4c5f0a30e6,2.9,Dropping off delivery,"Yates Street, Victoria, British Columbia",19:10
business,skip,2026-08-07,"769, Yates Street, Victoria, British Columbia",19:09,3a3fc815-452e-4bad-8ab6-f69435b8e3e6,1.7,Picking up food,"566, Johnson Street, Victoria, British Columbia",18:55
business,,2026-08-07,"566, Johnson Street, Victoria, British Columbia",18:55,9d10c73a-cae0-4b13-b908-0ea321367f0d,1.9,Going to hot zone,"419, Russell Street, Victoria, British Columbia",18:41
business,skip,2026-08-07,"419, Russell Street, Victoria, British Columbia",18:41,657432c8-280f-4262-bce5-a369537204d1,2.2,Dropping off delivery,"777, Herald Street, Victoria, British Columbia",18:10
business,skip,2026-08-07,"777, Herald Street, Victoria, British Columbia",18:10,64e290e1-6000-4236-82de-1d8ddede3f30,1.5,Picking up food,"620, Superior Street, Victoria, British Columbia",18:01
business,skip,2026-08-07,"635, Superior Street, Victoria, British Columbia",18:01,8a4814b8-06d6-4130-9fc0-124e462a39f6,3.2,Dropping off delivery,"3140, Douglas Street, Victoria, British Columbia",17:36
business,skip,2026-08-07,"Douglas Street, Victoria, British Columbia",17:36,062e65ca-18f6-41ad-8ba3-c54ed7fb931f,1.7,Picking up food,"3375, Oak Street, Saanich, British Columbia",17:30
personal,,2026-08-06,"3420, Quadra Street, Saanich, British Columbia",22:03,1c59ded7-5610-43fa-abe1-01020a18a554,0.6,Home,"982, Lovat Avenue, Saanich, British Columbia",21:59
business,skip,2026-08-06,"982, Lovat Avenue, Saanich, British Columbia",21:58,47fb6275-34af-456f-95c9-10587438ecba,0.8,Dropping off delivery,"3465, Saanich Road, Saanich, British Columbia",21:53
business,skip,2026-08-06,"3465, Saanich Road, Saanich, British Columbia",21:53,8f4bf6b8-5332-4fd1-b7a6-18ef50c6949c,7.5,Picking up food,"4990, La Quinta Place, Saanich, British Columbia",21:39
business,skip,2026-08-06,"4990, La Quinta Place, Saanich, British Columbia",21:39,cb79e7c1-f421-4a6f-a05d-ccdf7ae04673,4,Dropping off delivery,"858, Lodi Avenue, Saanich, British Columbia",21:32
business,skip,2026-08-06,"858, Lodi Avenue, Saanich, British Columbia",21:28,cbaa5172-754f-4d43-9c5d-0779e28a6338,4.7,Dropping off delivery,"3388, Douglas Street, Saanich, British Columbia",21:04
business,skip,2026-08-06,"3388, Douglas Street, Saanich, British Columbia",21:04,e657f193-b0e0-4241-97c9-9fab5a364d7d,0.8,Picking up food,"Oak Street, Saanich, British Columbia",20:54
business,,2026-08-06,"McDonald's, McDonald's, 3465 Saanich Rd, Victoria, BC V8X 1W8, Canada",20:54,c6268ff2-13e8-4f22-b768-16184d5506ac,6.8,Going to hot zone,"Middle Road, British Columbia",20:43
business,skip,2026-08-06,"Middle Road, British Columbia",20:41,a91b56d0-850d-4797-bac4-8f6fadcc2859,4.3,Dropping off delivery,"Uptown Boulevard, Saanich, British Columbia",20:25
business,skip,2026-08-06,"Uptown Boulevard, Saanich, British Columbia",20:25,b92936d1-cf99-4d14-b418-3c75d92f6885,1,Picking up food,"Oak Street, Saanich, British Columbia",20:11
business,,2026-08-06,"Oak Street, Saanich, British Columbia",20:11,ef06956a-cac4-4bc3-8ce0-975e84255e4a,1.1,Going to hot zone,"Tolcross Avenue, Saanich, British Columbia",20:06
business,skip,2026-08-06,"Tolcross Avenue, Saanich, British Columbia",20:04,f7ab2b0d-b3ec-4a87-aa13-8c5c5cba1388,1.8,Dropping off delivery,"3185, Quadra Street, Victoria, British Columbia",19:55
business,skip,2026-08-06,"3185, Quadra Street, Victoria, British Columbia",19:55,7e8385a9-016b-42e2-a2b6-7ced35188312,0.6,Dropping off delivery,"Oak Street, Saanich, British Columbia",19:33
business,,2026-08-06,"Oak Street, Saanich, British Columbia",19:33,824aeb0a-b958-4ef0-b951-f50c82976a44,1.4,Going to hot zone,"760, Vernon Avenue, Saanich, British Columbia",19:29
business,skip,2026-08-06,"760, Vernon Avenue, Saanich, British Columbia",19:28,f66c589a-3977-472e-b1c9-e31df8a550b9,0.2,Dropping off delivery,"Patricia Bay Highway, Saanich, British Columbia",19:23
business,skip,2026-08-06,"Lake Loop Trail, Saanich, British Columbia",19:23,6560a53f-48aa-468c-b6da-3cd2bb92aff3,1.6,Dropping off delivery,"Oak Street, Saanich, British Columbia",19:17
business,skip,2026-08-06,"Saanich Road, Saanich, British Columbia",19:16,e180402c-a13b-49b8-ace8-57700f958f18,2.3,Picking up food,"898, Vernon Avenue, Saanich, British Columbia",19:06
business,skip,2026-08-06,"898, Vernon Avenue, Saanich, British Columbia",19:06,b66dd988-620d-4f2b-882f-e656d0e96f7f,0.8,Dropping off delivery,"3271, Maple Street, Saanich, British Columbia",18:39
business,skip,2026-08-06,"Maple Street, Saanich, British Columbia",18:38,fa50dad3-4da4-479e-a121-09c981795fab,0.5,Picking up food,"780, Tolmie Avenue, Saanich, British Columbia",18:35
business,skip,2026-08-06,"Tolmie Avenue, Saanich, British Columbia",18:33,a65e4429-d9bd-4727-a54c-cefd574af0c8,3.9,Picking up food,"3420, Quadra Street, Saanich, British Columbia",18:29
personal,,2026-08-14,"991, Cloverdale Avenue, Saanich, British Columbia",22:02,fb9171c3-087e-490d-b05c-1d300a8c6739,3.2,Saving,"1619, Denman Street, Victoria, British Columbia",21:52
business,skip,2026-08-14,"1619, Denman Street, Victoria, British Columbia",21:52,f0fd143b-979a-4a92-8095-119d588f42f2,2.1,Dropping off delivery,"930, View Street, Victoria, British Columbia",21:43
business,skip,2026-08-14,"922, View Street, Victoria, British Columbia",21:43,8ddac046-3503-4354-bc2b-fd6a7793fb0b,0.4,Picking up food,"747, Fort Street, Victoria, British Columbia",21:27
business,skip,2026-08-14,"747, Fort Street, Victoria, British Columbia",21:26,cafbb431-6559-4bbf-97b1-4710fa432058,1.9,Picking up food,"545, Rithet Street, Victoria, British Columbia",21:18
business,skip,2026-08-14,"545, Rithet Street, Victoria, British Columbia",21:16,f3a7b4ba-c3d5-4d5c-b749-a426573cdb3d,1.6,Dropping off delivery,"716, Burdett Avenue, Victoria, British Columbia",21:11
business,skip,2026-08-14,"716, Burdett Avenue, Victoria, British Columbia",21:08,1c64dfa1-be89-46ee-b857-08bfe6dab698,0.2,Picking up food,"703, Broughton Street, Victoria, British Columbia",20:50
business,,2026-08-14,"703, Broughton Street, Victoria, British Columbia",20:50,2a2c58df-4542-4379-8145-50758c163994,0.5,Going to hot zone,"845, Burdett Avenue, Victoria, British Columbia",20:48
business,skip,2026-08-14,"853, Burdett Avenue, Victoria, British Columbia",20:46,0cb6e9a0-2665-4604-aaa3-d3c1bdcea995,0.7,Dropping off delivery,"655, View Street, Victoria, British Columbia",20:42
business,skip,2026-08-14,"655, View Street, Victoria, British Columbia",20:39,8c73a7a5-3c89-4b79-96c9-46e97794a957,1.2,Picking up food,"Fort Street, Victoria, British Columbia",20:10
business,,2026-08-14,"Fort Street, Victoria, British Columbia",20:10,e02f31d7-127c-4ede-9d81-dc5b9c8f9f5f,3.8,Going to hot zone,"3371, Gibbs Road, Oak Bay, British Columbia",19:54
business,skip,2026-08-14,"3371, Gibbs Road, Oak Bay, British Columbia",19:52,2e3e45d1-3e34-4c6f-b054-9db910928072,4.4,Dropping off delivery,"1675, Douglas Street, Victoria, British Columbia",19:41
business,skip,2026-08-14,"1675, Douglas Street, Victoria, British Columbia",19:38,0c89d403-b83f-4c66-9c75-c2774a02fe9f,4.5,Picking up food,"Admirals Road, Esquimalt, British Columbia",19:23
business,skip,2026-08-14,"Admirals Road, Esquimalt, British Columbia",19:22,ebea5904-ff35-4bac-87e2-18b2ac80c211,5.2,Dropping off delivery,"949, Fairfield Road, Victoria, British Columbia",19:00
business,skip,2026-08-14,"949, Fairfield Road, Victoria, British Columbia",18:50,5b7d8b68-a6d0-41aa-9dfd-2a9b07993ca2,1.3,Dropping off delivery,"1035, Sutlej Street, Victoria, British Columbia",18:46
business,skip,2026-08-14,"1035, Sutlej Street, Victoria, British Columbia",18:45,060bb46a-0876-4e00-bf88-531b79b5083d,2,Picking up food,"200, Irving Road, Victoria, British Columbia",18:40
business,uber,2026-08-14,"231, Irving Road, Victoria, British Columbia",18:38,bc690ee4-4841-4a02-98f1-bae3194dad63,4.3,Dropping off delivery,"Hillside Avenue, Victoria, British Columbia",18:24
business,skip,2026-08-14,"Hillside Avenue, Victoria, British Columbia",18:05,8fbb13b8-ce74-42a6-aa31-949aff10e5a0,1.4,Picking up food,"1295, Walnut Street, Victoria, British Columbia",18:00
business,uber,2026-08-14,"1295, Walnut Street, Victoria, British Columbia",17:58,ca0d9a23-eade-4b4b-b974-1db9e159af64,3.2,Dropping off delivery,"1346, McNair Street, Victoria, British Columbia",17:54
business,uber,2026-08-14,"1323, McNair Street, Victoria, British Columbia",17:53,53c278a3-bd3b-4ed8-878c-30bd52bbbc54,1.7,Dropping off delivery,"Gorge Road East, Victoria, British Columbia",17:44
business,uber,2026-08-14,"2850, Douglas Street, Victoria, British Columbia",17:43,9889a2b8-6f38-4dd5-911b-1a7fbda4845f,9.1,Picking up food,"Royal Oak Drive, Saanich, British Columbia",17:28
business,uber,2026-08-13,"919, Leslie Drive, Saanich, British Columbia",22:11,b749c6a8-30b0-4c92-8fde-05f3c8595a60,2.2,Dropping off delivery,"Wendy's Drive-Though, Victoria, British Columbia",22:06
business,uber,2026-08-13,"Wendy's Drive-Though, Victoria, British Columbia",22:05,4b01fe97-08f4-4900-89e1-79589a56665c,1.2,Picking up food,"1111, Blanshard Street, Victoria, British Columbia",21:54
business,uber,2026-08-13,"1111, Blanshard Street, Victoria, British Columbia",21:54,85873b30-4b45-4047-a2a4-2f2dbe678125,1.8,Picking up food,"1005, Saint Charles Street, Victoria, British Columbia",21:45
business,skip,2026-08-13,"1005, Saint Charles Street, Victoria, British Columbia",21:45,dd59e4b5-ea80-48c8-be70-284f2ed40b6b,2.3,Dropping off delivery,"716, Burdett Avenue, Victoria, British Columbia",21:31
business,skip,2026-08-13,"716, Burdett Avenue, Victoria, British Columbia",21:30,cd8eb923-88a5-4fa6-b6eb-e47f1185bee6,2,Picking up food,"Fort Street, Victoria, British Columbia",21:05
business,,2026-08-13,"701, Fort Street, Victoria, British Columbia",21:05,d2818350-a96a-4c8a-820b-e70fd668b97f,2.6,Going to hot zone,"1555, Jubilee Avenue, Victoria, British Columbia",20:52
business,skip,2026-08-13,"1555, Jubilee Avenue, Victoria, British Columbia",20:52,378da35a-ccb1-4bff-894d-166ff5f56064,2.3,Dropping off delivery,"817, Fort Street, Victoria, British Columbia",20:47
business,skip,2026-08-13,"783, Fort Street, Victoria, British Columbia",20:44,f37d7526-b92a-4477-a7a0-b7d2cf60c71d,2.1,Picking up food,"Fort Street, Victoria, British Columbia",20:11
business,,2026-08-13,"Fort Street, Victoria, British Columbia",20:11,efb5b771-32d8-4809-a17d-c69d4806d721,2.5,Going to hot zone,"467, Swift Street, Victoria, British Columbia",20:07
business,skip,2026-08-13,"467, Swift Street, Victoria, British Columbia",20:07,5ee0618d-354f-49aa-9ae5-c7dca4b63f73,0.8,Dropping off delivery,"Caledonia Avenue, Victoria, British Columbia",20:01
business,skip,2026-08-13,"Caledonia Avenue, Victoria, British Columbia",19:55,48fef778-9b66-49e7-a78d-19d8d7315b56,1.2,Dropping off delivery,"Ross Lane, Victoria, British Columbia",19:52
business,skip,2026-08-13,"787, Hillside Avenue, Victoria, British Columbia",19:50,c912a248-d37a-4cae-89d3-59432f070586,0.4,Picking up food,"Gorge Road East, Victoria, British Columbia",19:47
business,skip,2026-08-13,"Gorge Road East, Victoria, British Columbia",19:45,ba33c04e-57f2-4cde-a703-f5c7364db850,2.2,Picking up food,"Saanich Road, Saanich, British Columbia",19:20
business,,2026-08-13,"Oak Street, Saanich, British Columbia",19:20,6b676b2f-5ab8-4a01-8671-b7d045703faa,4.1,Going to hot zone,"828, Rockheights Avenue, Esquimalt, British Columbia",19:11
business,uber,2026-08-13,"828, Rockheights Avenue, Esquimalt, British Columbia",19:07,ba0ed8b5-ecee-4370-a820-f0c8f1d45def,5.2,Dropping off delivery,"1356, McNair Street, Victoria, British Columbia",18:56
business,doordash,2026-08-13,"1356, McNair Street, Victoria, British Columbia",18:54,17eca435-8388-48b6-b1f6-4ba65352f69f,2.5,Dropping off delivery,"Gorge Road East, Victoria, British Columbia",18:47
business,uber,2026-08-13,"Gorge Road East, Victoria, British Columbia",18:46,df4bc01e-d0ed-463b-be08-ac0beb0330a4,2.8,Picking up food,"3420, Quadra Street, Saanich, British Columbia",18:39
business,skip,2026-08-25,"Nelles Street, Esquimalt, British Columbia",22:22,f8b6a8aa-952b-4e63-968f-02d96818b8ef,3.3,Dropping off delivery,"Bay Street, Victoria, British Columbia",22:09
business,skip,2026-08-25,"Bay Street, Victoria, British Columbia",22:05,aea23a52-9703-4852-93e0-dca41c2e0953,0.4,Picking up food,"689, Bay Street, Victoria, British Columbia",22:00
business,skip,2026-08-25,"689, Bay Street, Victoria, British Columbia",21:55,c095640f-9a55-4581-95b9-3c669ae7d2c7,0.6,Dropping off delivery,"2852, Douglas Street, Victoria, British Columbia",21:52
business,skip,2026-08-25,"2852, Douglas Street, Victoria, British Columbia",21:51,467bf40f-c116-4057-af5c-5e8429360fce,1.1,Picking up food,"3030, Albany Street, Victoria, British Columbia",21:48
business,skip,2026-08-25,"3030, Albany Street, Victoria, British Columbia",21:38,7c2cdaf1-680f-42d5-8529-cc3489880733,1,Dropping off delivery,"Oak Street, Saanich, British Columbia",21:15
business,,2026-08-25,"Saanich Road, Saanich, British Columbia",21:15,f5df30cb-3d44-4dc3-8579-95600d4efe08,3.7,Going to hot zone,"3401, Browning Street, Saanich, British Columbia",21:05
business,skip,2026-08-25,"3401, Browning Street, Saanich, British Columbia",21:03,2450dcf9-0133-4cd1-80f5-cc08bdc8d038,2,Dropping off delivery,"1770, Teakwood Road, Saanich, British Columbia",20:55
business,skip,2026-08-25,"1770, Teakwood Road, Saanich, British Columbia",20:54,9c942680-89a9-470c-a7f3-0b3f6e4a373e,5.9,Dropping off delivery,"McKenzie Avenue, Saanich, British Columbia",20:49
business,skip,2026-08-25,"McKenzie Avenue, Saanich, British Columbia",20:48,eba4eae5-9095-4088-a881-960dde35fbe8,3.8,Picking up food,"3976, Blenkinsop Road, Saanich, British Columbia",20:43
business,,2026-08-25,"3959, Blenkinsop Road, Saanich, British Columbia",20:42,38c1ceea-73af-470f-8fd6-1b6653a116b1,0.8,Going to hot zone,"4072, Malton Avenue, Saanich, British Columbia",20:38
business,skip,2026-08-25,"4072, Malton Avenue, Saanich, British Columbia",20:36,4a9d0d4d-48a4-4106-92a8-8caba88891cc,2.1,Dropping off delivery,"Kisber Avenue, Saanich, British Columbia",20:30
business,skip,2026-08-25,"Kisber Avenue, Saanich, British Columbia",20:28,62749f30-b25f-4a0d-b4dd-ec394f148ee2,2.5,Picking up food,"St. Peter's Road, Saanich, British Columbia",20:23
business,,2026-08-25,"3914, Quadra Street, Saanich, British Columbia",20:23,d14a4620-c49c-4197-8c1a-034073069735,4.1,Going to hot zone,"4011, Bow Road, Saanich, British Columbia",20:16
business,skip,2026-08-25,"4011, Bow Road, Saanich, British Columbia",20:15,f8e62c1f-0af5-468a-8dd8-a0b09dcf7676,2,Dropping off delivery,"Shelbourne Street, Saanich, British Columbia",20:08
business,skip,2026-08-25,"Shelbourne Street, Saanich, British Columbia",20:00,d1cc17c7-faa1-4b93-9c1d-f0fa03e42b54,2,Picking up food,"3861, Shelbourne Street, Saanich, British Columbia",19:56
business,skip,2026-08-25,"1597, Midgard Avenue, Saanich, British Columbia",19:53,4665f705-c80a-4742-b0a4-473ad095ddbf,3.3,Dropping off delivery,"McKenzie Avenue, Saanich, British Columbia",19:46
business,skip,2026-08-25,"McKenzie Avenue, Saanich, British Columbia",19:45,60c105e0-5df1-46b7-96da-33a4938629cd,4.5,Picking up food,"3965, Saanich Road, Saanich, British Columbia",19:37
business,skip,2026-08-25,"772, Canterbury Road, Saanich, British Columbia",19:32,d1652d16-cae8-41e6-9b21-a41a2a6c3d79,3.6,Dropping off delivery,"Hillside Avenue, Victoria, British Columbia",19:24
business,skip,2026-08-25,"Hillside Avenue, Victoria, British Columbia",19:22,4d755165-0891-4e24-950f-9a08cb503497,1.6,Picking up food,"991, Cloverdale Avenue, Saanich, British Columbia",19:19
personal,,2026-08-24,"3420, Quadra Street, Saanich, British Columbia",22:01,50669ebb-cfbf-4c06-bf2d-2bbaf254ddca,2.4,Going to hot zone,"815, Queens Avenue, Victoria, British Columbia",21:55
business,skip,2026-08-24,"815, Queens Avenue, Victoria, British Columbia",21:54,8c0fb93c-1991-4ac6-8ab7-5160505de103,1,Dropping off delivery,"705, Johnson Street, Victoria, British Columbia",21:51
business,skip,2026-08-24,"705, Johnson Street, Victoria, British Columbia",21:41,17ae8ed9-232e-411e-9e68-b5dfbdaf0d8e,0.7,Picking up food,"Fort Street, Victoria, British Columbia",21:32
business,,2026-08-24,"706, Fort Street, Victoria, British Columbia",21:31,b4d93bc7-07b4-45ae-b4fd-33bf4ecda7a1,0.9,Going to hot zone,"946, Johnson Street, Victoria, British Columbia",21:27
business,skip,2026-08-24,"989, Johnson Street, Victoria, British Columbia",21:22,aca05136-2c9f-4595-ad16-7b9cab8920be,2.6,Dropping off delivery,"Douglas Street, Saanich, British Columbia",21:12
business,skip,2026-08-24,"Douglas Street, Saanich, British Columbia",21:11,834ac686-8628-492e-a8eb-7523cc21030b,1.1,Picking up food,"Saanich Road, Saanich, British Columbia",21:06
business,,2026-08-24,"Oak Street, Saanich, British Columbia",21:06,d12d7067-345c-4fd5-91f0-29c31b0da87c,2.6,Going to hot zone,"Hillside Avenue, Victoria, British Columbia",21:00
business,skip,2026-08-24,"1212, Hillside Avenue, Victoria, British Columbia",20:59,7705c310-655c-46be-9888-cef32a8dd326,4.4,Dropping off delivery,"658, Burnside Road West, Saanich, British Columbia",20:46
business,skip,2026-08-24,"658, Burnside Road West, Saanich, British Columbia",20:44,5dedd976-8ac1-4235-ae7c-bf7f8ecaf23b,1.7,Picking up food,"309, Cadillac Avenue, Saanich, British Columbia",20:40
business,skip,2026-08-24,"309, Cadillac Avenue, Saanich, British Columbia",20:39,ebb229cd-3b3c-4715-b3a5-fd6b4bd52293,3.4,Dropping off delivery,"2350, Douglas Street, Victoria, British Columbia",20:30
business,skip,2026-08-24,"2350, Douglas Street, Victoria, British Columbia",20:26,71960f51-1324-4d79-b435-b1c159622015,0.7,Picking up food,"2540, Quadra Street, Victoria, British Columbia",20:24
business,skip,2026-08-24,"2540, Quadra Street, Victoria, British Columbia",20:22,26fc8a4c-36cc-4c34-82e4-7103cf2529ab,3.2,Dropping off delivery,"Uptown Boulevard, Saanich, British Columbia",20:12
business,skip,2026-08-24,"Uptown Boulevard, Saanich, British Columbia",20:12,48e97c3b-0041-4d64-b1d9-c02d77821fb2,4.4,Picking up food,"Quadra Street, Saanich, British Columbia",20:07
business,skip,2026-08-21,"157, Gorge Road East, Victoria, British Columbia",22:18,27c529f7-faf5-400e-8ba1-a2973f72281c,2,Dropping off delivery,"Oak Street, Saanich, British Columbia",22:12
business,,2026-08-21,"Oak Street, Saanich, British Columbia",21:41,3c5424af-5624-4ea5-92ed-7566a2800d5e,2.3,Going to hot zone,"970, Greenridge Crescent, Saanich, British Columbia",21:36
business,skip,2026-08-21,"970, Greenridge Crescent, Saanich, British Columbia",21:35,8776afb2-4cad-4c1c-b0d1-f4f2786fcfbd,2.3,Dropping off delivery,"Oak Street, Saanich, British Columbia",21:19
business,,2026-08-21,"Saanich Road, Saanich, British Columbia",21:19,d72fb1b5-b896-4a06-ba4e-8bba49b1e204,3.3,Going to hot zone,"2731, Higgins Street, Victoria, British Columbia",21:10
business,,2026-08-21,"2731, Higgins Street, Victoria, British Columbia",21:10,56e5c913-8798-482a-94e2-a56340c18e70,0.6,,"Hillside Avenue, Victoria, British Columbia",21:04
business,skip,2026-08-21,"Hillside Avenue, Victoria, British Columbia",21:04,a1195d14-deb6-4d9a-80ce-38c813160e75,2.8,Dropping off delivery,"Yates Street, Victoria, British Columbia",20:57
business,skip,2026-08-21,"Yates Street, Victoria, British Columbia",20:55,a1d6d4a8-aa0b-4331-8dc7-ac9c78f78d3c,1,Picking up food,"732, Fort Street, Victoria, British Columbia",20:45
business,,2026-08-21,"732, Fort Street, Victoria, British Columbia",20:45,63e5adaa-a4ad-4260-9654-47d7c53dd512,2,Going to hot zone,"2852, Douglas Street, Victoria, British Columbia",20:36
business,,2026-08-21,"2852, Douglas Street, Victoria, British Columbia",20:32,a95b2240-9d1b-4a14-ab56-6c7d5ab8a7f3,1.2,Going to hot zone,"390, Waterfront Crescent, Victoria, British Columbia",20:29
business,skip,2026-08-21,"390, Waterfront Crescent, Victoria, British Columbia",20:19,79e5de5d-5a18-43bd-9423-9f32fee8dc12,1,Dropping off delivery,"Gorge Road East, Victoria, British Columbia",20:12
business,skip,2026-08-21,"Gorge Road East, Victoria, British Columbia",20:12,b726fe8c-4090-4ea1-a90d-6731747a0801,1.8,Dropping off delivery,"Oak Street, Saanich, British Columbia",20:08
business,,2026-08-21,"Oak Street, Saanich, British Columbia",20:08,2258fdef-7678-4497-bd85-125a50fd9535,4.1,Going to hot zone,"Uptown Boulevard, Saanich, BC, V8Z 3L4, Saanich, British Columbia, V8Z 3L4",19:59
business,skip,2026-08-21,"Uptown Boulevard, Saanich, British Columbia",19:44,79a31ec7-dba1-4fd0-b28e-fd15e2fc0737,0.7,Picking up food,"Saanich Road, Saanich, British Columbia",19:30
business,,2026-08-21,"Saanich Road, Saanich, British Columbia",19:30,f6477cf1-c670-46b9-b503-32f0f1a448bd,5.5,Going to hot zone,"1291, Hastings Street, Saanich, British Columbia",19:18
business,skip,2026-08-21,"1291, Hastings Street, Saanich, British Columbia",19:16,694b99d5-926f-42eb-a66f-939075602cab,5.8,Dropping off delivery,"Vernon Avenue, Saanich, British Columbia",19:04
business,skip,2026-08-21,"Vernon Avenue, Saanich, British Columbia",19:04,44bb8f95-cf89-4b60-9314-7a9482af5d81,1.5,Picking up food,"3420, Quadra Street, Saanich, British Columbia",18:58
business,,2026-08-20,"3420, Quadra Street, Saanich, British Columbia",22:10,3c0c191f-9d72-47e9-bb00-7385e572d36f,3.6,Home,"751, View Street, Victoria, British Columbia",21:24
business,skip,2026-08-20,"749, View Street, Victoria, British Columbia",21:22,5b3d28f2-5a5c-4205-86b1-d849d07bd0b8,0.3,Picking up food,"728, Fort Street, Victoria, British Columbia",21:11
business,,2026-08-20,"728, Fort Street, Victoria, British Columbia",21:11,48f9a814-8270-47c3-ab35-d2b8d3e575d4,2.3,Going to hot zone,"141, Wellington Avenue, Victoria, British Columbia",21:02
business,skip,2026-08-20,"141, Wellington Avenue, Victoria, British Columbia",20:59,36b17125-f5e8-4dad-bf4e-c24250742ee0,6.3,Dropping off delivery,"Cadboro Bay Road, Oak Bay, British Columbia",20:47
business,skip,2026-08-20,"Cadboro Bay Road, Oak Bay, British Columbia",20:45,0ee0c224-ab16-41ef-ac87-08819edbc075,0.8,Picking up food,"2960, Henderson Road, Oak Bay, British Columbia",20:41
business,skip,2026-08-20,"2960, Henderson Road, Oak Bay, British Columbia",20:40,9fafd221-6342-4313-9cdf-49cbe193366c,2.6,Dropping off delivery,"1366, Hillside Avenue, Victoria, British Columbia",20:33
business,,2026-08-20,"1366, Hillside Avenue, Victoria, British Columbia",20:33,c00a921a-3fbb-4993-9231-5a5e042dd8e4,0.1,,"1371, Hillside Avenue, Victoria, British Columbia",20:27
business,skip,2026-08-20,"1371, Hillside Avenue, Victoria, British Columbia",20:27,defa6b6f-e9fe-4734-9598-8893ef17abe4,3.4,Dropping off delivery,"Kisber Avenue, Saanich, British Columbia",20:19
business,skip,2026-08-20,"Kisber Avenue, Saanich, British Columbia",20:15,0a53a52d-1cd1-4466-8002-d8c553fa119e,0.8,Picking up food,"3690, Shelbourne Street, Saanich, British Columbia",20:12
business,skip,2026-08-20,"3690, Shelbourne Street, Saanich, British Columbia",20:00,c3f35547-e0b2-4996-b058-dafd4f78fc66,0.3,Dropping off delivery,"Ophir Street, Saanich, British Columbia",19:59
business,,2026-08-20,"Ophir Street, Saanich, British Columbia",19:58,4c5b2117-9200-459c-91da-3157e824a1b3,3.4,Going to hot zone,"4373, Fieldmont Place, Saanich, British Columbia",19:39
business,skip,2026-08-20,"48.48794, -123.33640",19:36,00f32d21-bbfa-4a07-8562-59225a2b4e43,2.7,Dropping off delivery,"1520, McKenzie Avenue, Saanich, British Columbia",19:30
business,skip,2026-08-20,"1520, McKenzie Avenue, Saanich, British Columbia",19:23,6a33d1c0-1f08-4dbe-b4ac-c390b4b134f0,1.7,Picking up food,"1663, McKenzie Avenue, Saanich, British Columbia",19:16
business,skip,2026-08-20,"1663, McKenzie Avenue, Saanich, British Columbia",19:16,17e04727-9906-4b81-b268-034905c76cd0,5.6,Dropping off delivery,"4291, Glanford Avenue, Saanich, British Columbia",19:07
business,skip,2026-08-20,"4291, Glanford Avenue, Saanich, British Columbia",19:05,4fe22bfa-1d99-4edf-9792-7c110f7fb105,1.1,Picking up food,"4218, Quadra Street, Saanich, British Columbia",19:02
business,skip,2026-08-20,"4218, Quadra Street, Saanich, British Columbia",19:00,1ddd5b8d-9604-4c1c-b652-e35b688b8ff6,2,Dropping off delivery,"McKenzie Avenue, Saanich, British Columbia",18:55
business,skip,2026-08-20,"McKenzie Avenue, Saanich, British Columbia",18:51,15e88877-be94-4cc2-8f6a-0b1ba73b2893,2.1,Picking up food,"985, Cloverdale Avenue, Saanich, British Columbia",18:47
personal,,2026-09-02,"48.45414, -123.36102",22:07,bd74befb-c3bb-47c6-aecf-261b27622636,5.9,Home,"Simcoe Street, Victoria, British Columbia",21:53
business,skip,2026-09-02,"Simcoe Street, Victoria, British Columbia",21:53,6c42c227-2a59-44bf-8643-2f0e1a6615e8,1.6,Dropping off delivery,"716, Burdett Avenue, Victoria, British Columbia",21:47
business,skip,2026-09-02,"716, Burdett Avenue, Victoria, British Columbia",21:44,39396cdb-18ad-4022-aba9-cfbff585a100,0.4,Picking up food,"Fort Street, Victoria, British Columbia",21:38
business,,2026-09-02,"Fort Street, Victoria, British Columbia",21:38,0e3e85eb-e6e8-47a4-9a66-350a6dce0eac,4,Going to hot zone,"Byron Street, Oak Bay, British Columbia",21:28
business,skip,2026-09-02,"2090, Byron Street, Oak Bay, British Columbia",21:26,7e5067a7-37bc-4f77-aba2-26a064c40193,4.2,Dropping off delivery,"740, Burdett Avenue, Victoria, British Columbia",21:17
business,skip,2026-09-02,"740, Burdett Avenue, Victoria, British Columbia",21:14,7ceaee5a-12f8-4d25-af72-66092979fbfc,0.5,Picking up food,"Fort Street, Victoria, British Columbia",20:30
business,,2026-09-02,"Fort Street, Victoria, British Columbia",20:30,d93ec916-4ff4-4fe5-9d1c-e78897257eb5,2.4,Going to hot zone,"379, Tyee Road, Victoria, British Columbia",20:24
business,skip,2026-09-02,"48.43220, -123.38044",20:19,c07de9ae-8f14-4b12-93b2-68b11593392c,0.3,Dropping off delivery,"363, Tyee Road, Victoria, British Columbia",20:18
business,skip,2026-09-02,"363, Tyee Road, Victoria, British Columbia",20:13,1c43bf08-8870-479b-90f0-66f7b9f9b71e,2.1,Dropping off delivery,"783, Fort Street, Victoria, British Columbia",20:08
business,skip,2026-09-02,"783, Fort Street, Victoria, British Columbia",19:50,49cb62e8-c59a-4647-8682-86f8481d3579,0.1,Picking up food,"Fort Street, Victoria, British Columbia",19:40
business,,2026-09-02,"Fort Street, Victoria, British Columbia",19:39,a6a915db-8d53-45a0-b1ee-de00caee58cb,1.9,Going to hot zone,"180, Croft Street, Victoria, British Columbia",19:32
business,skip,2026-09-02,"180, Croft Street, Victoria, British Columbia",19:27,7764d9d6-5c28-473c-8a0a-c9d37c7a53a0,1.4,Dropping off delivery,"606, Humboldt Street, Victoria, British Columbia",19:19
business,skip,2026-09-02,"606, Humboldt Street, Victoria, British Columbia",19:18,8bdc64b5-1846-4d3e-a924-70ca083f36d1,4.4,Picking up food,"1627, Elgin Road, Oak Bay, British Columbia",19:02
business,skip,2026-09-02,"1627, Elgin Road, Oak Bay, British Columbia",19:00,434724ad-421e-4040-a969-f4dd82a3d0cf,3.5,Dropping off delivery,"783, Fort Street, Victoria, British Columbia",18:52
business,skip,2026-09-02,"783, Fort Street, Victoria, British Columbia",18:50,040cb8a5-4137-4073-bb31-d993494d35a5,0.1,Picking up food,"702, Fort Street, Victoria, British Columbia",18:45
business,,2026-09-02,"702, Fort Street, Victoria, British Columbia",18:45,07835f5c-186d-4ebb-a94f-ea63f3466507,2,Going to hot zone,"222, Ontario Street, Victoria, British Columbia",18:39
business,skip,2026-09-02,"214, Ontario Street, Victoria, British Columbia",18:37,9a050fd4-7643-4851-84a9-e0e3b0e2f4eb,3.4,Dropping off delivery,"933, Collinson Street, Victoria, British Columbia",18:30
business,skip,2026-09-02,"933, Collinson Street, Victoria, British Columbia",18:29,2726f5cf-1e90-43b1-8d98-adfe131e40c2,1,Dropping off delivery,"716, Burdett Avenue, Victoria, British Columbia",18:24
business,skip,2026-09-02,"716, Burdett Avenue, Victoria, British Columbia",18:19,b986179a-185c-4b02-91ae-1d3c391f35e5,1.5,Picking up food,"David Foster Harbour Pathway, Victoria, British Columbia",18:14
business,skip,2026-09-02,"David Foster Harbour Pathway, Victoria, British Columbia",18:14,7710aad8-d0c5-49d1-a2a6-81c05d3d3d00,4.4,Dropping off delivery,"Wendy's Drive-Though, Victoria, British Columbia",18:01
business,skip,2026-09-01,"1105, Fort Street, Victoria, British Columbia",21:56,ac800e6e-18c7-4bab-8253-85c825871702,1,Dropping off delivery,"777, Herald Street, Victoria, British Columbia",21:51
business,skip,2026-09-01,"777, Herald Street, Victoria, British Columbia",21:40,d2853826-5a3c-419b-972d-e62d13991439,0.6,Picking up food,"762, Fort Street, Victoria, British Columbia",21:37
business,,2026-09-01,"Fort Street, Victoria, British Columbia",21:36,96ac5b13-360a-43b6-bc59-5219edde8e69,1.7,Going to hot zone,"Huron Street, Victoria, British Columbia",21:25
business,,2026-09-01,"Huron Street, Victoria, British Columbia",21:25,082cc2ec-6190-4a3a-9d81-ffccbf19b3fa,2.9,,"Gorge Road East, Victoria, British Columbia",21:05
business,skip,2026-09-01,"Gorge Road East, Victoria, British Columbia",21:05,f91375ef-99b4-48ab-8298-3ab1a36ca513,0.5,Picking up food,"2553, Quadra Street, Victoria, British Columbia",21:01
business,skip,2026-09-01,"830, Queens Avenue, Victoria, British Columbia",20:58,c2a6426f-6f76-4596-94da-a1b65147e7c0,1,Dropping off delivery,"Yates Street, Victoria, British Columbia",20:53
business,skip,2026-09-01,"Yates Street, Victoria, British Columbia",20:52,366bd020-215c-4609-95c9-602cd9071779,0.3,Picking up food,"710, Fort Street, Victoria, British Columbia",20:42
business,,2026-09-01,"710, Fort Street, Victoria, British Columbia",20:42,99c7b0ef-91b4-4215-9f86-f9c659075c12,0.5,Going to hot zone,"735, Humboldt Street, Victoria, British Columbia",20:39
business,skip,2026-09-01,"Humboldt Street, Victoria, British Columbia",20:38,b0a52865-7702-440f-a346-25a1c62199e1,0.9,Dropping off delivery,"716, View Street, Victoria, British Columbia",20:35
business,skip,2026-09-01,"716 View Street, Victoria, BC, V8W 2E2, Victoria, British Columbia, V8W 2E2",20:26,6edfde9c-a95e-4719-91a9-7c5c55c539c5,0.3,Picking up food,"48.42468, -123.36479",20:10
business,,2026-09-01,"Fort Street, Victoria, British Columbia",20:10,f8284853-064e-4e05-8599-1778a37e7458,4.2,Going to hot zone,"2373, Central Avenue, Oak Bay, British Columbia",19:59
business,skip,2026-09-01,"2373, Central Avenue, Oak Bay, British Columbia",19:58,4cf0a436-9654-4284-a428-d493937be6b9,4,Dropping off delivery,"48.42211, -123.36490",19:47
business,skip,2026-09-01,"708, Burdett Avenue, Victoria, British Columbia",19:44,91c54c5e-84c5-4062-ac83-d945fd0469c3,0.9,Picking up food,"Fort Street, Victoria, British Columbia",19:27
business,,2026-09-01,"Fort Street, Victoria, British Columbia",19:26,bdbf3153-5ea0-4d22-8d72-c47d2fc75c1b,1,Going to hot zone,"1144, Oscar Street, Victoria, British Columbia",19:21
business,skip,2026-09-01,"1144, Oscar Street, Victoria, British Columbia",19:18,0f9e2574-0581-49d0-9474-0f89c394eca0,2.1,Dropping off delivery,"Yates Street, Victoria, British Columbia",19:14
business,skip,2026-09-01,"Yates Street, Victoria, British Columbia",19:13,2a87e99c-55bf-4c77-8cf5-211f579b7f2f,0.3,Picking up food,"Fort Street, Victoria, British Columbia",18:53
business,,2026-09-01,"Fort Street, Victoria, British Columbia",18:53,9c0b3b95-0b20-4d92-b896-747aa7e2ae2f,3.2,Going to hot zone,"1055, Esquimalt Road, Esquimalt, British Columbia",18:45
business,skip,2026-09-01,"611, Lampson Street, Esquimalt, British Columbia",18:45,51225968-e072-430f-a08c-2d337c532ab3,4.7,Dropping off delivery,"Uptown Boulevard, Saanich, British Columbia",18:26
business,skip,2026-09-01,"Uptown Boulevard, Saanich, British Columbia",18:23,4409ee7b-bae7-477f-855d-cca65799a342,0.3,Picking up food,"Oak Street, Saanich, British Columbia",18:16
business,,2026-09-01,"Saanich Road, Saanich, British Columbia",18:16,bdd8757c-fd61-4f8f-af7c-425f2a4aca23,12.2,Going to hot zone,"809, Kona Crescent, Saanich, British Columbia",18:08
business,skip,2026-09-01,"809, Kona Crescent, Saanich, British Columbia",18:07,d916e3bb-665b-4daf-b471-c2f01bbb8df0,2.4,Dropping off delivery,"Lochside Regional Trail, Saanich, British Columbia",18:03
business,skip,2026-08-31,"Yates Street, Victoria, British Columbia",21:49,d2dc554c-d403-4a8a-98c5-474d8bddbd43,0.8,Picking up food,"Fort Street, Victoria, British Columbia",21:47
business,,2026-08-31,"Fort Street, Victoria, British Columbia",21:47,c810060a-3919-40b5-87ea-96cef10e830a,1,Going to hot zone,"Yates Street, Victoria, British Columbia",21:42
business,skip,2026-08-31,"Yates Street, Victoria, British Columbia",21:33,a2621afc-80aa-4342-9ad2-d81297075f49,3.4,Picking up food,"Oak Street, Saanich, British Columbia",21:23
business,,2026-08-31,"Saanich Road, Saanich, British Columbia",21:23,8c088584-6303-4f3d-a0a0-5041ae394639,1.8,Going to hot zone,"Tattersall Drive, Saanich, British Columbia",21:20
business,skip,2026-08-31,"Tattersall Drive, Saanich, British Columbia",21:19,572ed8c3-8a1d-418f-a6b8-879cd4dc224b,2,Dropping off delivery,"Oak Street, Saanich, British Columbia",20:54
business,,2026-08-31,"Saanich Road, Saanich, British Columbia",20:54,f89470f6-80e8-43fc-9fe3-f089bda7585f,1.7,Going to hot zone,"3235, Quadra Street, Saanich, British Columbia",20:49
business,skip,2026-08-31,"3244, Quadra Street, Saanich, British Columbia",20:48,32927134-d828-4add-93ec-5cad389dbfea,3.3,Dropping off delivery,"Fort Street, Victoria, BC, V8W 1E7, Victoria, British Columbia, V8W 1E7",20:41
business,,2026-08-31,"Fort Street, Victoria, British Columbia",20:27,ba2bb4a4-334a-4a06-950e-487174024336,2.4,Going to hot zone,"354, Berwick Street, Victoria, British Columbia",20:21
business,skip,2026-08-31,"354, Berwick Street, Victoria, British Columbia",20:16,412d4fee-c323-4b4b-b00f-bc1f7deaa2f6,2.3,Dropping off delivery,"Fort Street, Victoria, BC, V8W 1E7, Victoria, British Columbia, V8W 1E7",20:10
business,,2026-08-31,"Fort Street, Victoria, British Columbia",20:01,091c2dbd-bf96-4123-92cb-01534c17539c,1.4,Going to hot zone,"723, Field Street, Victoria, British Columbia",19:57
business,skip,2026-08-31,"723, Field Street, Victoria, British Columbia",19:49,b8bb4139-8384-49a2-b87b-2b6ac5b1224b,1.5,Dropping off delivery,"662, View Street, Victoria, British Columbia",19:46
business,skip,2026-08-31,"48.42547, -123.36580",19:42,e1ba868f-9288-4098-823e-b6b9e7b6b9e7,0.8,Picking up food,"Fort Street, Victoria, British Columbia",19:37
business,,2026-08-31,"Fort Street, Victoria, British Columbia",19:36,c8fa189b-647f-4db8-adca-a20b731c475b,3,Going to hot zone,"Esquimalt Road, Esquimalt, British Columbia",19:27
business,skip,2026-08-31,"Esquimalt Road, Victoria, BC, V8W 1S2, Victoria, British Columbia, V8W 1S2",18:50,2e2472e7-b93b-4d28-a839-d42b0d11aaa5,6.1,Picking up food,"Saanich Road, Saanich, British Columbia",18:46
business,,2026-08-31,"Oak Street, Saanich, British Columbia",18:45,815b5abe-69d1-4a09-b8a4-2acdd44e9127,3.2,Going to hot zone,"3220, Shelley Street, Saanich, British Columbia",18:36
business,skip,2026-08-31,"3220, Shelley Street, Saanich, British Columbia",18:35,c900f9f0-0d58-4759-b4ca-b07c71e8ac77,4.8,Dropping off delivery,"Quadra Street, Saanich, British Columbia",18:28
business,skip,2026-08-31,"Quadra Street, Saanich, British Columbia",18:20,84f526cc-daba-4c44-9ed6-349d43dffde7,6.4,Picking up food,"1675, Bisley Place, Saanich, British Columbia",18:08
business,skip,2026-08-31,"1675, Bisley Place, Saanich, British Columbia",18:04,9fcd956e-c0af-4fa4-888a-80d8f019ba5c,5.4,Dropping off delivery,"Cedar Hill Cross Road, Saanich, British Columbia",17:55
business,skip,2026-08-31,"Cedar Hill Cross Road, Saanich, British Columbia",17:54,66f16690-4420-42d4-abcf-2fcb4de7a87d,2.1,Picking up food,"3420, Quadra Street, Saanich, British Columbia",17:50
business,skip,2026-08-30,"Crossandra Crescent, Saanich, British Columbia",21:56,e764b0ac-ebb3-428d-84dc-05bc7a5a933f,1.9,Dropping off delivery,"Oak Street, Saanich, British Columbia",21:17
business,,2026-08-30,"3375, Oak Street, Saanich, British Columbia",21:16,90cdde10-1bf4-457a-bc80-35b21b06d3ac,0.5,Going to hot zone,"960, Inverness Road, Saanich, British Columbia",21:12
business,skip,2026-08-30,"960, Inverness Road, Saanich, British Columbia",21:10,25d43bc3-ec67-4f38-a207-5d6d5e55bdcf,1.6,Picking up food,"Cedar Hill Cross Road, Saanich, British Columbia",21:04
business,skip,2026-08-30,"Cedar Hill Cross Road, Saanich, British Columbia",21:04,a2da8609-ef90-43ad-86ef-8463e4e07bf1,1.8,Picking up food,"1002, McKenzie Avenue, Saanich, British Columbia",21:01
business,,2026-08-30,"1002, McKenzie Avenue, Saanich, British Columbia",21:01,1a31315e-1868-4ebc-85cf-59cbb2660e78,0.1,,"48.47023, -123.36728",20:55
business,skip,2026-08-30,"48.47023, -123.36728",20:55,7613702a-04fc-4554-8612-c4b93d58f7ba,1.7,Dropping off delivery,"Cedar Hill Cross Road, Saanich, British Columbia",20:52
business,skip,2026-08-30,"Cedar Hill Cross Road, Saanich, British Columbia",20:52,b963fa26-2a83-4c62-a65f-fa6e321260d8,3.1,Picking up food,"Columbine Way, Saanich, British Columbia",20:46
business,skip,2026-08-30,"910, Edge Place, Saanich, British Columbia",20:42,8aecc32e-f040-4c7a-aa93-f689774e513a,4.3,Dropping off delivery,"Columbine Way, Saanich, BC, V8Z 6Z2, Saanich, British Columbia, V8Z 6Z2",20:34
business,,2026-08-30,"Columbine Way, Saanich, British Columbia",20:46,542196cd-f26b-425d-8588-aea5be2a556d,0.1,,"Saanich Road, Saanich, British Columbia",20:31
business,skip,2026-08-30,"Saanich Road, Saanich, British Columbia",20:31,55ed9445-b2bd-45eb-aa53-4783985dbfa1,1.2,Picking up food,"1065, Tattersall Drive, Saanich, British Columbia",20:28
business,skip,2026-08-30,"1065, Tattersall Drive, Saanich, British Columbia",20:26,a535d36f-0eba-420d-8d3f-45187d187d7d,1.2,Dropping off delivery,"4025, Borden Street, Saanich, British Columbia",20:23
business,skip,2026-08-30,"Cedar Hill Cross Road, Saanich, British Columbia",20:21,33ae2d55-2d65-4d36-bea0-85cdb1c1eda7,2.3,Picking up food,"Oak Street, Saanich, British Columbia",19:44
business,,2026-08-30,"Oak Street, Saanich, British Columbia",19:44,8f91fc39-0efe-4bbd-af92-bd52e6c90ec9,1.3,Going to hot zone,"1519, Oak Crest Drive, Saanich, British Columbia",19:36
business,skip,2026-08-30,"1519, Oak Crest Drive, Saanich, British Columbia",19:36,3b92c055-ae85-48e5-b2cc-ac06db28ddc2,2.3,Dropping off delivery,"869, Douglas Street, Victoria, British Columbia",19:25
business,skip,2026-08-30,"Douglas Street, Victoria, British Columbia",19:21,13c32b59-0463-4557-87c3-4a1cfe731f1b,0.4,Picking up food,"Fort Street, Victoria, British Columbia",18:54
business,,2026-08-30,"702, Fort Street, Victoria, British Columbia",18:54,5c033369-5814-4747-ac85-b8f63ab3917a,2.1,Going to hot zone,"1323, Gladstone Avenue, Victoria, British Columbia",18:47
business,skip,2026-08-30,"1319, Gladstone Avenue, Victoria, British Columbia",18:46,5c274e16-f017-47b6-b05a-bac40c263664,2.2,Dropping off delivery,"Shelbourne Street, Victoria, British Columbia",18:39
business,,2026-08-30,"Shelbourne Street, Victoria, British Columbia",18:39,2c4eeb16-41fb-44d6-8a62-351b3697ccb7,10.1,,"Hillside Avenue, Victoria, British Columbia",18:06
business,skip,2026-08-30,"Hillside Avenue, Victoria, British Columbia",18:06,c30b710c-f12f-4bd2-b037-ec495c1f406a,2.2,Picking up food,"1811, Oak Bay Avenue, Victoria, British Columbia",18:00
business,skip,2026-08-30,"1811, Oak Bay Avenue, Victoria, British Columbia",17:58,970db08b-4f4b-4b7a-97cb-133318a26f26,1.4,Dropping off delivery,"2187, Oak Bay Avenue, Oak Bay, British Columbia",17:56
business,skip,2026-08-30,"2187, Oak Bay Avenue, Oak Bay, British Columbia",17:54,3baaeb16-9520-4595-9a97-79ad517cc515,1,Picking up food,"1739, Lee Avenue, Victoria, British Columbia",17:50
business,skip,2026-08-30,"1739, Lee Avenue, Victoria, British Columbia",17:46,d161b2f1-969d-47a2-8639-9f8b000766d8,0.6,Dropping off delivery,"2187, Oak Bay Avenue, Oak Bay, British Columbia",17:43
business,skip,2026-08-30,"2187, Oak Bay Avenue, Oak Bay, British Columbia",17:41,41ebbbb4-f95d-4927-b4d7-227cff73f01f,2.5,Picking up food,"Fernwood Road, Victoria, British Columbia",17:35
business,skip,2026-08-30,"Fernwood Road, Victoria, British Columbia",17:31,b747f89a-c000-4503-8ee3-6a4b34942d7b,1.8,Dropping off delivery,"48.41894, -123.34822",17:25
business,skip,2026-08-30,"1296, Richardson Street, Victoria, British Columbia",17:24,f1fb6a1a-04c5-4246-a073-d3a0370f3226,2,Dropping off delivery,"Quadra Street, Victoria, British Columbia",17:17
business,skip,2026-08-30,"Quadra Street, Victoria, British Columbia",17:01,4317e694-0761-41b8-86e6-a1340b5fa7b1,1.6,Picking up food,"Oak Street, Saanich, British Columbia",16:56
business,,2026-08-30,"Oak Street, Saanich, British Columbia",16:56,4f6dd6e5-6aba-4bb0-8340-3d2947650d45,2.6,Going to hot zone,"2652, Cook Street, Victoria, British Columbia",16:50
business,skip,2026-08-30,"2652, Cook Street, Victoria, British Columbia",16:50,347699ef-ee79-4b8e-a0e1-033e0734a7bb,1.8,Dropping off delivery,"2657, Quadra Street, Victoria, British Columbia",16:44
business,skip,2026-08-30,"2657, Quadra Street, Victoria, British Columbia",16:34,7012f69e-e2f5-4222-84e7-bc574844a2b2,0.8,Picking up food,"860, Queens Avenue, Victoria, British Columbia",16:32
business,skip,2026-08-30,"860, Queens Avenue, Victoria, British Columbia",16:31,d8f1e04b-be89-4235-869a-3ea8bf638a06,1.6,Dropping off delivery,"Yates Street, Victoria, British Columbia",16:26
business,skip,2026-08-30,"Yates Street, Victoria, British Columbia",16:25,baf53bcf-0429-45f3-99d4-3b3e45c39ffa,1.2,Picking up food,"2580, Prior Street, Victoria, British Columbia",16:20
business,,2026-08-30,"2580, Prior Street, Victoria, British Columbia",16:20,c9305024-7302-40eb-81ef-11d7a0121958,7.3,,"3375, Oak Street, Saanich, British Columbia",15:56
business,,2026-08-30,"3375, Oak Street, Saanich, British Columbia",15:56,abde1690-8863-4754-a117-4c2dca4a9763,0.4,Going to hot zone,"3400, Douglas Street, Saanich, British Columbia",15:42
business,,2026-08-30,"3400, Douglas Street, Saanich, British Columbia",15:40,d1835095-0739-4fb2-b630-92a6d6777f36,0.9,Going to hot zone,"630, Dupplin Road, Saanich, British Columbia",15:35
business,skip,2026-08-30,"630, Dupplin Road, Saanich, British Columbia",15:33,cec50a10-16b4-48e8-ba49-b8a77e9ceeb7,1.1,Dropping off delivery,"3531, Uptown Boulevard, Saanich, British Columbia",15:31
business,skip,2026-08-30,"Uptown Boulevard, Saanich, British Columbia",15:23,83f9ee0c-8528-4d62-9555-fb7b1a242b2a,0.2,Picking up food,"Saanich Road, Saanich, British Columbia",15:14
business,,2026-08-30,"Saanich Road, Saanich, British Columbia",15:14,5d920a15-dc0c-4e72-b970-36726453a9d7,1.6,Going to hot zone,"3033, Washington Avenue, Victoria, British Columbia",15:00
business,skip,2026-08-30,"3033, Washington Avenue, Victoria, British Columbia",14:57,7ba5c29f-28f8-498d-bb8e-32e2e6336230,2.7,Dropping off delivery,"Yates Street, Victoria, British Columbia",14:47
business,skip,2026-08-30,"Yates Street, Victoria, British Columbia",14:46,85cec3e8-758a-4c15-9c71-75fb5bacd5d0,1.3,Picking up food,"1133, Fort Street, Victoria, British Columbia",14:41
business,,2026-08-30,"1133, Fort Street, Victoria, British Columbia",14:41,de008eff-d522-43d4-9d54-5ec7cd0b8e3e,4.9,,"Blanshard Street, Saanich, British Columbia",14:25
business,skip,2026-08-30,"Blanshard Street, Saanich, British Columbia",14:25,ae428a03-936a-4e5f-a4a8-4851fd6887e9,0.4,Picking up food,"Oak Street, Saanich, British Columbia",14:19
business,,2026-08-30,"Oak Street, Saanich, British Columbia",14:19,93c8a388-4384-4e46-82ef-49cb9b03ffd6,3.2,Going to hot zone,"4193, Carey Road, Saanich, British Columbia",14:10
business,skip,2026-08-30,"4193, Carey Road, Saanich, British Columbia",14:10,a2c22dd4-bbcf-40c3-9e92-c46579f2bb97,3.1,Dropping off delivery,"Douglas Street, Victoria, British Columbia",13:53
business,skip,2026-08-30,"Douglas Street, Victoria, British Columbia",13:47,4fb972b7-da47-4887-a5f9-ce6f7cc9d3ca,0.2,Picking up food,"Tolmie Avenue, Saanich, British Columbia",13:46
business,,2026-08-30,"Tolmie Avenue, Saanich, British Columbia",13:46,933a0087-3fc7-49c6-b466-db825fa79f1e,1.3,Going to hot zone,"243, Gorge Road East, Victoria, British Columbia",13:40
business,skip,2026-08-30,"243, Gorge Road East, Victoria, British Columbia",13:39,b0a534fa-f458-4375-9f08-bab2aefaf762,1.7,Dropping off delivery,"530, Fisgard Street, Victoria, British Columbia",13:33
business,skip,2026-08-30,"530, Fisgard Street, Victoria, British Columbia",13:30,9ee1b5e7-dd07-4ed2-a723-274054a7645c,1,Picking up food,"Fort Street, Victoria, British Columbia",13:20
business,,2026-08-30,"Fort Street, Victoria, British Columbia",13:20,7649aaf8-eb3c-46a0-97a0-503df8f8d15b,2,Going to hot zone,"510, Dalton Street, Victoria, British Columbia",13:10
business,skip,2026-08-30,"510, Dalton Street, Victoria, British Columbia",13:08,3e06a2db-cb82-4d03-8fee-946ea299dae5,1.2,Dropping off delivery,"Bay Street, Victoria, British Columbia",13:04
business,,2026-08-30,"Bay Street, Victoria, British Columbia",13:04,fff7b3f3-7203-4cc7-9b76-3bd537fc93e1,4.3,,"Saanich Road, Saanich, British Columbia",12:50
business,,2026-08-30,"Saanich Road, Saanich, British Columbia",12:50,e978a8a1-88a5-4e66-bd1a-04862f496158,1.8,Going to hot zone,"3482, Bethune Avenue, Saanich, British Columbia",12:45
business,skip,2026-08-30,"3482, Bethune Avenue, Saanich, British Columbia",12:43,ab36bcfc-94d8-4fa9-83f6-49071ec7a35f,1.5,Dropping off delivery,"Uptown Boulevard, Saanich, British Columbia",12:36
business,,2026-08-30,"Uptown Boulevard, Saanich, British Columbia",12:36,d28f8564-0645-4818-8c78-403a97ea866e,2.4,,"Saanich Road, Saanich, British Columbia",12:28
business,,2026-08-30,"Saanich Road, Saanich, British Columbia",12:28,c4e86fd2-0dfa-495d-920d-0dd09d1c30f0,2.7,Going to hot zone,"2801, Adelaide Avenue, Saanich, British Columbia",12:19
business,skip,2026-08-30,"2801, Adelaide Avenue, Saanich, British Columbia",12:14,895b1586-99c8-46b6-8fb1-d8268412c0cc,1.8,Dropping off delivery,"Tillicum Road, Saanich, British Columbia",12:07
business,,2026-08-30,"Tillicum Road, Saanich, British Columbia",12:07,e956584c-2f08-42dc-afc4-c34035c6f276,2.7,,"Burnside Road West, Saanich, British Columbia",11:58
business,skip,2026-08-30,"Burnside Road West, Saanich, British Columbia",11:58,2a8e41fc-536b-4f91-a3f0-f177269e2c1a,1.8,Picking up food,"3221, Albina Street, Saanich, British Columbia",11:53
business,,2026-08-30,"3221, Albina Street, Saanich, British Columbia",11:53,8522aa1a-f942-4324-bd3f-37deea3deb30,3.7,,"Oak Street, Saanich, British Columbia",11:41
business,skip,2026-08-30,"Oak Street, Saanich, British Columbia",11:41,bb500bf8-706a-4765-8e0a-5436ac114f39,2.4,Picking up food,"3700, Casey Drive, Saanich, British Columbia",11:35
business,skip,2026-08-30,"3700, Casey Drive, Saanich, British Columbia",11:33,8e93e3b6-5dd7-46ae-a94b-36eb9ec8fff1,2.1,Dropping off delivery,"Saanich Road, Saanich, British Columbia",11:30
business,skip,2026-08-30,"Saanich Road, Saanich, British Columbia",11:29,b5949e84-a2de-4828-ac7c-28dad245aea9,0,Picking up food,"Uptown Boulevard, Saanich, British Columbia",11:03
business,skip,2026-08-30,"Saanich Road, Saanich, British Columbia",11:02,09cb4393-398a-4bae-9178-eb9ae5fa9d39,0.1,Picking up food,"Saanich Road, Saanich, British Columbia",10:57
business,,2026-08-30,"Oak Street, Saanich, British Columbia",10:57,ec2d38bd-c8b2-4630-a1c4-7dbf94ea6ba7,1,Going to hot zone,"Blanshard Street, Victoria, British Columbia",10:42
business,skip,2026-08-30,"Blanshard Street, Victoria, British Columbia",10:35,34d1878a-730c-4ad3-99a4-457fa6f8d91f,1,Picking up food,"3420, Quadra Street, Saanich, British Columbia",10:32
personal,,2026-08-29,"991, Cloverdale Avenue, Saanich, British Columbia",23:07,fc58dec5-9f9d-4d10-9ac5-ba1621fd00b8,4.5,Home,"2548, Dufferin Avenue, Oak Bay, British Columbia",22:56
business,skip,2026-08-29,"2548, Dufferin Avenue, Oak Bay, British Columbia",22:55,9e72efdc-580e-44f9-b551-d0687b7b9f3a,2.5,Dropping off delivery,"1605, Hillside Avenue, Victoria, British Columbia",22:47
business,skip,2026-08-29,"1605, Hillside Avenue, Victoria, British Columbia",22:45,1523e6e5-e1b9-4c61-adfc-19d3faa05ec9,0.5,Picking up food,"1620, Burton Avenue, Victoria, British Columbia",22:43
business,skip,2026-08-29,"1620, Burton Avenue, Victoria, British Columbia",22:41,705499f4-c321-4639-b880-8e5f98695e5e,1.8,Dropping off delivery,"Hillside Avenue, Victoria, British Columbia",22:40
business,skip,2026-08-29,"1585, Hillside Avenue, Victoria, British Columbia",22:37,5b554472-c319-4558-918f-cc7b18864143,0.7,Picking up food,"2815, Cedar Hill Road, Victoria, British Columbia",22:35
business,skip,2026-08-29,"2815, Cedar Hill Road, Victoria, British Columbia",22:35,f80cfafa-a954-4443-a77f-f246329db72b,3.3,Dropping off delivery,"Humboldt Street, Victoria, British Columbia",22:23
business,skip,2026-08-29,"Humboldt Street, Victoria, British Columbia",22:23,aba2fc47-d5ba-4323-8276-da62e8eda6bc,0.9,Picking up food,"Fort Street, Victoria, British Columbia",21:46
business,,2026-08-29,"Fort Street, Victoria, British Columbia",21:46,5b56d051-5bcf-4266-afe4-47a612d93e37,0.5,Going to hot zone,"652, Fisgard Street, Victoria, British Columbia",21:43
business,skip,2026-08-29,"Government Street, Victoria, British Columbia",21:42,55e9c112-1b7c-461a-b0c9-5c1f36acabbd,1.1,Dropping off delivery,"Yates Street, Victoria, British Columbia",21:36
business,skip,2026-08-29,"Yates Street, Victoria, British Columbia",21:34,07f070c9-ddfd-49b0-802a-f50a1c69a186,0.9,Picking up food,"701, Fort Street, Victoria, British Columbia",21:22
business,,2026-08-29,"Fort Street, Victoria, British Columbia",21:22,c19ffc73-006a-48d0-8e1e-4864d9b8c243,0.9,Going to hot zone,"933, Collinson Street, Victoria, British Columbia",21:15
business,skip,2026-08-29,"933, Collinson Street, Victoria, British Columbia",21:14,03be6495-6a98-4ebd-9e1a-be4ed85599a4,0.8,Dropping off delivery,"783, Fort Street, Victoria, British Columbia",21:03
business,,2026-08-29,"706, Fort Street, Victoria, British Columbia",21:02,8253b8fe-c28e-4c4b-b371-09a1c3c14344,1.4,Going to hot zone,"1138, View Street, Victoria, British Columbia",20:44
business,skip,2026-08-29,"1147, View Street, Victoria, British Columbia",20:44,bc7ffb73-68b3-48fe-886a-c9e2069e2c4a,3.1,Dropping off delivery,"716, View Street, Victoria, British Columbia",20:34
business,skip,2026-08-29,"1200, Douglas Street, Victoria, British Columbia",20:34,2d85cc69-420e-46ea-a3fc-8de5c0503bde,0.4,Picking up food,"Fort Street, Victoria, British Columbia",20:26
business,,2026-08-29,"706, Fort Street, Victoria, British Columbia",20:26,e5e4e43b-6b98-41e7-8806-072af1589c13,3.5,Going to hot zone,"486, South Joffre Street, Esquimalt, British Columbia",20:15
business,skip,2026-08-29,"486, South Joffre Street, Esquimalt, British Columbia",20:13,1da902c5-4f20-48e0-b938-53de472a18be,5.5,Dropping off delivery,"Douglas Street, Saanich, British Columbia",19:53
business,skip,2026-08-29,"Douglas Street, Saanich, British Columbia",19:53,1a916cb6-b600-4132-888e-1d2d3acacfe6,0.3,Picking up food,"Saanich Road, Saanich, British Columbia",19:43
business,,2026-08-29,"Saanich Road, Saanich, British Columbia",19:43,f6569866-6706-4d53-b5e8-329087184176,14.7,Going to hot zone,"West Saanich Road, Central Saanich, British Columbia",19:26
business,skip,2026-08-29,"West Saanich Road, Central Saanich, British Columbia",19:23,b7571f33-bb30-4f8e-a284-59e0a4649f7c,9.4,Dropping off delivery,"McDonald's, McDonald's, 2473 Mt Newton Cross Rd, Central Saanich, BC V8M 2B7, Canada",19:13
business,skip,2026-08-29,"McDonald's, McDonald's, 2473 Mt Newton Cross Rd, Central Saanich, BC V8M 2B7, Canada",19:12,92fec346-5bd1-45bc-a3d1-2da73863641b,4.5,Picking up food,"6506, Rodolph Road, Central Saanich, British Columbia",19:05
business,skip,2026-08-29,"6536, Rodolph Road, Central Saanich, British Columbia",19:03,a372207a-272e-4c3b-9c15-eb160ee20b4d,4,Dropping off delivery,"Wallace Drive, Central Saanich, British Columbia",18:56
business,skip,2026-08-29,"Wallace Drive, Central Saanich, British Columbia",18:11,fab5b7a4-89c6-4eb6-bc4d-1bed6d913b39,11.4,Picking up food,"4550, Viewmont Avenue, Saanich, British Columbia",17:55
business,skip,2026-08-29,"4548, Viewmont Avenue, Saanich, British Columbia",17:50,de6e0a19-ff9d-4840-98e9-bcbe73d658a7,5,Dropping off delivery,"Oak Street, Saanich, British Columbia",17:15
business,,2026-08-29,"Oak Street, Saanich, British Columbia",17:14,e28d03bd-f384-4c5d-a9b3-d7f8be5d8681,3.1,Going to hot zone,"2831, Blackwood Street, Victoria, British Columbia",17:04
business,uber,2026-08-29,"2831, Blackwood Street, Victoria, British Columbia",17:03,449f501d-c78a-41c8-af92-1a59736ed607,1.8,Dropping off delivery,"Oakmount Road, Saanich, British Columbia",16:58
business,uber,2026-08-29,"Oakmount Road, Saanich, British Columbia",16:54,e821da37-c129-4c4a-98ec-5e823010fcda,3.3,Dropping off delivery,"3521, Blanshard Street, Saanich, British Columbia",16:48
business,uber,2026-08-29,"Blanshard Street, Saanich, British Columbia",16:48,4466c250-76e9-419f-aead-888c349dd1f5,4.1,Picking up food,"971, Finlayson Street, Victoria, British Columbia",16:33
business,skip,2026-09-09,"205, Burnside Road East, Victoria, British Columbia",22:04,41d8baed-42e8-48f6-b38d-39e38dbfb80e,2.3,Dropping off delivery,"705, Johnson Street, Victoria, British Columbia",21:56
business,,2026-09-09,"705, Johnson Street, Victoria, British Columbia",21:56,7ffc895e-7165-42f7-9c52-34195f61144f,0.1,,"48.42721, -123.36430",21:43
business,skip,2026-09-09,"48.42721, -123.36430",21:43,5ab39413-6a47-4038-8de1-4e2edc6a2189,0.5,Picking up food,"Fort Street, Victoria, British Columbia",20:44
business,,2026-09-09,"Fort Street, Victoria, British Columbia",20:44,71abb98d-3eb8-47b7-bffb-466566dc4ae9,2.1,Going to hot zone,"2501, Shelbourne Street, Victoria, British Columbia",20:37
business,skip,2026-09-09,"2514, Shelbourne Street, Victoria, British Columbia",20:34,ca6921a6-68c6-4044-8d22-9d156c6437fd,1.8,Dropping off delivery,"Gorge Road East, Victoria, British Columbia",20:26
business,skip,2026-09-09,"Gorge Road East, Victoria, British Columbia",20:25,b4b61f73-52ab-4f2f-8aa6-99e9607d7dfb,0.8,Picking up food,"3375, Oak Street, Saanich, British Columbia",20:20
business,,2026-09-09,"3375, Oak Street, Saanich, British Columbia",20:20,4ec34721-0104-4f2e-8c72-b69d2660ad63,0.1,,"820, Short Street, Saanich, British Columbia",20:14
business,skip,2026-09-09,"820, Short Street, Saanich, British Columbia",20:14,a7e68b50-2579-4d4b-ad14-2ed76d552a4d,1,Dropping off delivery,"Gorge Road East, Victoria, British Columbia",20:08
business,skip,2026-09-09,"Gorge Road East, Victoria, British Columbia",20:07,60aac3bd-8dd5-4e9e-a34a-5e66c691da77,1,Picking up food,"Fort Street, Victoria, British Columbia",19:41
business,,2026-09-09,"Fort Street, Victoria, British Columbia",19:36,71ba9cbc-f686-45f7-836d-378fd101ae3d,0.1,Going to hot zone,"707, Fort Street, Victoria, British Columbia",19:34
business,,2026-09-09,"707, Fort Street, Victoria, British Columbia",19:02,f600bd2a-f3c7-45a8-9bdd-6816cc8ce6ce,0.1,Going to hot zone,"110, Ladysmith Street, Victoria, British Columbia",18:55
business,skip,2026-09-09,"110, Ladysmith Street, Victoria, British Columbia",18:52,d3b63e9e-6159-42f2-8b83-a17fb4a5cebd,0.2,Dropping off delivery,"Fort Street, Victoria, British Columbia",18:45
business,,2026-09-09,"Fort Street, Victoria, British Columbia",18:33,3d2a8839-79f8-49e6-818f-e14bbb804fd1,0.1,Going to hot zone,"Fort Street, Victoria, British Columbia",18:32
business,,2026-09-09,"Fort Street, Victoria, British Columbia",18:32,6aec035b-8e00-439f-9c95-0594f400c649,0.1,Going to hot zone,"976, Humboldt Street, Victoria, British Columbia",18:27
business,skip,2026-09-09,"976, Humboldt Street, Victoria, British Columbia",18:24,51350888-10e2-423e-9cdb-501db7ac3bfe,2.6,Dropping off delivery,"2001, Carrick Street, Oak Bay, British Columbia",18:21
business,skip,2026-09-09,"911, Yates Street, Victoria, British Columbia",18:16,944a5bff-5e69-4d01-aad5-0cd8092a6625,5.7,Picking up food,"2646, Foul Bay Road, Oak Bay, British Columbia",18:02
business,skip,2026-09-09,"2001, Carrick Street, Oak Bay, British Columbia",18:02,a94488d9-44d2-4449-95c6-3c8d8fe5c98c,2.6,Dropping off delivery,"911, Yates Street, Victoria, British Columbia",18:02
business,skip,2026-09-09,"2646, Foul Bay Road, Oak Bay, British Columbia",18:00,b5ab1dfc-52e5-4950-9d5f-df13720dc7a7,2.7,Dropping off delivery,"1964, Fort Street, Victoria, British Columbia",17:56
business,skip,2026-09-09,"1964, Fort Street, Victoria, British Columbia",17:55,f5a12eeb-2ada-4245-99ad-d330a94e235a,7.1,Picking up food,"3507 Cadboro Bay Road, Oak Bay, BC, V8P 5B8, Oak Bay, British Columbia, V8P 5B8",17:41
business,skip,2026-09-09,"3507, Cadboro Bay Road, Oak Bay, British Columbia",17:41,30b2a41a-fd4d-4cf3-9fce-3ce2dc7ffa23,15.8,Dropping off delivery,"3435, Midland Road, Oak Bay, British Columbia",17:39
business,skip,2026-09-09,"3435, Midland Road, Oak Bay, British Columbia",17:37,4278473c-6e66-41d5-8c00-205f1ffb9c5b,8.2,Dropping off delivery,"Tolmie Avenue, Saanich, British Columbia",17:18
business,skip,2026-09-09,"Tolmie Avenue, Saanich, British Columbia",17:16,a945800b-0695-47c2-b03e-dfd3343cd370,4.5,Picking up food,"Oakview Manor, 3420 Quadra Street, Saanich, BC, V8X 1G4, 3420 Quadra Street, Saanich, British Columbia, V8X 1G4",17:12
business,skip,2026-09-07,"533, West Bay Terrace, Esquimalt, British Columbia",21:55,ac34c7ed-4b4b-47a5-8d0b-0a4cfe927bc3,1,Dropping off delivery,"1149, Esquimalt Road, Esquimalt, British Columbia",21:52
business,skip,2026-09-07,"1149, Esquimalt Road, Esquimalt, British Columbia",21:49,cef93951-ffd3-4a0c-9708-1f4eb4343849,2.8,Picking up food,"Gorge Road West, Saanich, British Columbia",21:44
business,skip,2026-09-07,"Gorge Road West, Saanich, British Columbia",21:44,3c63b944-c96c-465f-8ece-709fcef7b4d0,2,Dropping off delivery,"Saanich Road, Saanich, British Columbia",21:27
business,,2026-09-07,"Oak Street, Saanich, British Columbia",21:26,76fdb08a-5fa2-4c26-98ba-077d75d34cd0,2.4,Going to hot zone,"3012, Cedar Hill Road, Victoria, British Columbia",21:17
business,skip,2026-09-07,"3012, Cedar Hill Road, Victoria, British Columbia",21:17,aaca451a-7647-47d0-8367-7cad8dd2043e,3.3,Dropping off delivery,"Yates Street, Victoria",21:14
business,skip,2026-09-07,"Yates Street, Victoria, British Columbia",21:05,4968fab3-a16e-4949-9f2e-0452856f8854,0.9,Picking up food,"710, Fort Street, Victoria, British Columbia",20:51
business,,2026-09-07,"710, Fort Street, Victoria, British Columbia",20:51,c2860a2a-4952-4e02-937f-fba881b6b7a3,2.6,Going to hot zone,"1295, Haultain Street, Victoria, British Columbia",20:44
business,skip,2026-09-07,"1295, Haultain Street, Victoria, British Columbia",20:42,bc7cec45-571b-4484-a1da-bafc2c2f8d9b,2.7,Dropping off delivery,"1012, Douglas Street, Victoria, British Columbia",20:34
business,skip,2026-09-07,"1012, Douglas Street, Victoria, British Columbia",20:30,6bf1e8fd-17e2-45e3-90c4-149291d6d8a9,0.5,Picking up food,"710, Fort Street, Victoria, British Columbia",20:21
business,,2026-09-07,"710, Fort Street, Victoria, British Columbia",20:21,aeebd121-b1f0-4866-81b2-f8ba8e97dc46,1.3,Going to hot zone,"1120, Burdett Avenue, Victoria, British Columbia",20:20
business,skip,2026-09-07,"1120, Burdett Avenue, Victoria, British Columbia",20:14,31a49709-1c12-47fe-9455-eec225c186bb,0.8,Dropping off delivery,"Mason Street, Victoria, British Columbia",20:09
business,skip,2026-09-07,"Mason Street, Victoria, British Columbia",20:01,10386c60-6899-48a1-ac4b-b6b112e5214d,2.9,Picking up food,"1319, Pembroke Street, Victoria, British Columbia",19:52
business,skip,2026-09-07,"1319, Pembroke Street, Victoria, British Columbia",19:52,252beff3-40e4-4437-82eb-0c11f4b6ba3c,7,Dropping off delivery,"Uptown Boulevard, Saanich, British Columbia",19:11
business,skip,2026-09-07,"Saanich Road, Saanich, British Columbia",19:10,5b20dc41-adcf-4e24-b301-d49aa55072d7,0.6,Picking up food,"Oak Street, Saanich, British Columbia",19:02
business,,2026-09-07,"Oak Street, Saanich, British Columbia",19:02,d949d979-4023-4ff9-b5a6-716e7cdac06b,1.2,Going to hot zone,"3420, Quadra Street, Saanich, British Columbia",18:55
personal,,2026-09-05,"3420, Quadra Street, Saanich, British Columbia",22:10,b244ff1b-4abd-4570-8712-06337d73379c,1.4,Home,"Saanich Road, Saanich, British Columbia",21:52
business,,2026-09-05,"Oak Street, Saanich, British Columbia",21:52,877c1884-637e-4847-855a-378aac6d8b6a,3.4,Going to hot zone,"3861, Grange Road, Saanich, British Columbia",21:44
business,skip,2026-09-05,"3905, Grange Road, Saanich, British Columbia",21:42,a753e459-4ec3-47d9-afc2-88c08e0c0817,3.6,Dropping off delivery,"Oak Street, Saanich, British Columbia",21:29
business,,2026-09-05,"Saanich Road, Saanich, British Columbia",21:28,0926044a-da54-4cf3-8160-eabb21220192,1.9,Going to hot zone,"3022, Harriet Road, Saanich, British Columbia",21:23
business,skip,2026-09-05,"3022, Harriet Road, Saanich, British Columbia",21:20,8c0d22dd-6d15-441f-877a-077179838514,1.2,Dropping off delivery,"Oak Street, Saanich, British Columbia",21:16
business,skip,2026-09-05,"Saanich Road, Saanich, British Columbia",21:11,a7bd8cd5-38f0-4969-ad21-0c1822421c55,2.1,Picking up food,"2926, Qu'Appelle Street, Saanich, British Columbia",20:54
business,skip,2026-09-05,"2926, Qu'Appelle Street, Saanich, British Columbia",20:51,0b3283fb-1893-4955-8a02-7af2fbf2f71c,1.5,Dropping off delivery,"2852, Douglas Street, Victoria, British Columbia",20:46
business,skip,2026-09-05,"Gorge Road East, Victoria, British Columbia",20:43,25005fa2-e5c9-46c6-b1bb-36548cf6178c,1.1,Picking up food,"1002, North Park Street, Victoria, British Columbia",20:37
business,skip,2026-09-05,"1002, North Park Street, Victoria, British Columbia",20:35,c89616f5-0f79-4f28-a78f-8fae516862f1,0.6,Dropping off delivery,"Yates Street, Victoria, British Columbia",20:34
business,skip,2026-09-05,"Yates Street, Victoria, British Columbia",20:31,0e6cfd2b-d88f-4770-97cc-35321e367f64,0.7,Picking up food,"705, Johnson Street, Victoria, British Columbia",20:29
business,skip,2026-09-05,"705, Johnson Street, Victoria, British Columbia",20:15,3444984f-af6c-42a7-94be-ca87069c785a,0.6,Picking up food,"710, Fort Street, Victoria, British Columbia",20:10
business,,2026-09-05,"706, Fort Street, Victoria, British Columbia",20:10,96440f83-b338-49d9-9be3-f241a4b6b123,1.8,Going to hot zone,"1117, Faithful Street, Victoria, British Columbia",20:02
business,skip,2026-09-05,"1117, Faithful Street, Victoria, British Columbia",20:00,428925a0-325f-4744-9684-167a3c385152,0.7,Dropping off delivery,"1039, Pakington Street, Victoria, British Columbia",19:57
business,skip,2026-09-05,"1039, Pakington Street, Victoria, British Columbia",19:56,64d947f7-a812-4ccf-a8f8-5cb236e550cb,1.1,Dropping off delivery,"920, Gordon Street, Victoria, British Columbia",19:49
business,skip,2026-09-05,"920, Gordon Street, Victoria, British Columbia",19:46,d54960b8-07f5-4ad3-b270-1a3f15f001b6,0.3,Picking up food,"710, Fort Street, Victoria, British Columbia",19:20
business,,2026-09-05,"Fort Street, Victoria, British Columbia",19:02,854afb41-f833-4f69-810e-9290e94957c8,1.6,Going to hot zone,"350, Douglas Street, Victoria, British Columbia",18:56
business,skip,2026-09-05,"350, Douglas Street, Victoria, British Columbia",18:55,50f81d0f-5829-4fe7-9b17-27883836393c,2.2,Dropping off delivery,"605, Yates Street, Victoria, British Columbia",18:47
business,skip,2026-09-05,"605, Yates Street, Victoria, British Columbia",18:41,e5b08e50-57ec-48a5-9b68-9e334397e4c0,2.6,Picking up food,"1407, Fort Street, Victoria, British Columbia",18:34
business,skip,2026-09-05,"1401, Fort Street, Victoria, British Columbia",18:30,53451397-797e-4afc-b7e0-4342d852c12c,1.9,Dropping off delivery,"48.42581, -123.36251",18:25
business,skip,2026-09-05,"Yates Street, Victoria, British Columbia",18:24,2414c209-cb39-47db-bc15-20d73827e38c,2.7,Picking up food,"48.42715, -123.33728",18:14
business,skip,2026-09-05,"1527, Coldharbour Road, Victoria, British Columbia",18:12,a7ffb6fe-e327-49e5-9ce2-d3f0b4bb7da9,2.6,Dropping off delivery,"Douglas Street, Victoria, British Columbia",18:06
business,skip,2026-09-05,"709, Douglas Street, Victoria, British Columbia",18:02,fbe07d3d-c40d-4d85-8968-0a23b9785f75,1.3,Picking up food,"702, Fort Street, Victoria, British Columbia",17:54
business,,2026-09-05,"702, Fort Street, Victoria, British Columbia",17:54,5d8245fb-dffc-46ae-bbeb-a924d0b790dd,2.2,Going to hot zone,"313, Lillooet Heights, Victoria, British Columbia",17:44
business,skip,2026-09-05,"313, Lillooet Heights, Victoria, British Columbia",17:43,8b3d1865-9ac3-44f6-9fb4-984e42402c31,2.2,Dropping off delivery,"775, Fort Street, Victoria, British Columbia",17:36
business,skip,2026-09-05,"775, Fort Street, Victoria, British Columbia",17:35,649e079a-4866-434c-88fd-953350327053,1.2,Picking up food,"1138, View Street, Victoria, British Columbia",17:28
business,skip,2026-09-05,"1119, View Street, Victoria, British Columbia",17:23,c6d5ff34-2bc4-4682-aa44-5e9c194a4e5b,3.1,Dropping off delivery,"Tolmie Avenue, Saanich, British Columbia",17:12
business,skip,2026-09-05,"Tolmie Avenue, Saanich, British Columbia",17:06,8b735c45-1185-4fca-8223-befb61fbfe18,1,Picking up food,"Oak Street, Saanich, British Columbia",16:57
business,,2026-09-05,"Oak Street, Saanich, British Columbia",16:57,d2cbf429-b386-45c4-9b50-81e583beb65e,4.1,Going to hot zone,"620, Baker Street, Saanich, British Columbia",16:50
business,skip,2026-09-05,"620, Baker Street, Saanich, British Columbia",16:48,33920304-5b54-47bc-aaea-7062f8efe89c,1.8,Dropping off delivery,"4144, Wilkinson Road, Saanich, British Columbia",16:41
business,skip,2026-09-05,"4144, Wilkinson Road, Saanich, British Columbia",16:39,2b9b00ec-93d6-4b23-bdb8-122997d71818,1,Picking up food,"4041, Grange Road, Saanich, British Columbia",16:37
business,skip,2026-09-05,"912, Burnside Road West, Saanich, British Columbia",16:34,e5e99fb4-273d-41f9-972b-3dd3e2b28223,2.9,Dropping off delivery,"400, Boleskine Road, Saanich, British Columbia",16:26
business,skip,2026-09-05,"Harriet Road, Saanich, British Columbia",16:24,1590c423-c0e3-407c-9d9c-08be3a0cf913,1.5,Picking up food,"Oak Street, Saanich, British Columbia",16:09
business,,2026-09-05,"Oak Street, Saanich, British Columbia",16:08,b3295c54-bf86-4e1d-a020-abbdb6252605,3.7,Going to hot zone,"246, Gorge Road East, Victoria, British Columbia",16:01
business,skip,2026-09-05,"246, Gorge Road East, Victoria, British Columbia",16:01,afbb8acc-c823-41ad-9163-e8f472c0e9a8,3.3,Dropping off delivery,"Saanich Road, Saanich, British Columbia",15:54
business,skip,2026-09-05,"Saanich Road, Saanich, British Columbia",15:48,493b18b1-89eb-439d-9e36-7de74166c5f8,9.4,Picking up food,"752, Ralph Street, Saanich, British Columbia",15:41
business,skip,2026-09-05,"736, Ralph Street, Saanich, British Columbia",15:39,6fde67ed-1bef-451b-8c55-22fd21a44bb0,6.6,Dropping off delivery,"1803, Douglas Street, Victoria, British Columbia",15:27
business,skip,2026-09-05,"1803, Douglas Street, Victoria, British Columbia",14:31,d69de04b-ac13-460f-b354-6388d087ebff,1.6,Picking up food,"Fort Street, Victoria, British Columbia",14:24
business,,2026-09-05,"706, Fort Street, Victoria, British Columbia",14:19,5bb9bdd2-c4f7-4e5a-8b79-0f01cc2e2f11,1.8,Going to hot zone,"412, Powell Street, Victoria, British Columbia",14:13
business,skip,2026-09-05,"412, Powell Street, Victoria, British Columbia",14:11,acac322b-405a-40d1-b39b-4aeb8cad6379,1.8,Dropping off delivery,"1225, Douglas Street, Victoria, British Columbia",14:03
business,skip,2026-09-05,"1225, Douglas Street, Victoria, British Columbia",13:41,bc81831e-7d3b-440d-aab9-5e62bcaece04,0.9,Picking up food,"852, Yates Street, Victoria, British Columbia",13:40
business,skip,2026-09-05,"852, Yates Street, Victoria, British Columbia",13:35,eb8fdc58-9d87-4404-974b-2de3c37542ab,3.1,Dropping off delivery,"Tolmie Avenue, Saanich, British Columbia",13:27
business,skip,2026-09-05,"Tolmie Avenue, Saanich, British Columbia",13:20,f8e5bed4-c2d9-4890-830a-9a6120ff1aeb,1.1,Picking up food,"Oak Street, Saanich, British Columbia",13:16
business,,2026-09-05,"Saanich Road, Saanich, British Columbia",13:15,7f1874ec-4ab2-4d48-8399-782eb7a371bb,1.6,Going to hot zone,"1169, Tattersall Drive, Saanich, British Columbia",13:11
business,skip,2026-09-05,"1169, Tattersall Drive, Saanich, British Columbia",13:09,8b1b2011-ef1d-4a1e-a3e3-6417f368f827,1.7,Dropping off delivery,"Galloping Goose Regional Trail, Saanich, British Columbia",13:02
business,skip,2026-09-05,"Galloping Goose Regional Trail, Saanich, British Columbia",13:01,6485afad-3f4a-4559-9312-7edc656dcec8,1.3,Picking up food,"Saanich Road, Saanich, British Columbia",12:42
business,,2026-09-05,"Saanich Road, Saanich, British Columbia",12:41,8e97625c-a602-4e43-8a45-74715e5dea70,2.6,Going to hot zone,"3008, Washington Avenue, Victoria, British Columbia",12:35
business,skip,2026-09-05,"3008, Washington Avenue, Victoria, British Columbia",12:31,6eab4bcd-77f6-499f-bacb-60eeb25a924c,3.8,Dropping off delivery,"Douglas Street, Saanich, British Columbia",12:22
business,skip,2026-09-05,"Douglas Street, Saanich, British Columbia",12:21,ee72c90b-dc6f-485a-905d-270cac969c1e,0.5,Picking up food,"Oak Street, Saanich, British Columbia",11:59
business,,2026-09-05,"Oak Street, Saanich, British Columbia",11:59,9b57b1cc-3bff-4c77-b308-1b1c27da24f8,1.7,Going to hot zone,"3420, Quadra Street, Saanich, British Columbia",11:52
personal,,2026-09-04,"991, Cloverdale Avenue, Saanich, British Columbia",22:03,32be5ebb-f79c-4196-8541-104537af8010,1,Home,"853, Reed Street, Victoria, British Columbia",22:00
business,skip,2026-09-04,"823, Reed Street, Victoria, British Columbia",21:59,9f9d9c62-db5d-4517-87d4-0018d7f729c4,0.1,Dropping off delivery,"Oak Street, Saanich, British Columbia",21:46
business,,2026-09-04,"Saanich Road, Saanich, British Columbia",21:45,550b1c3d-63c1-4249-ac81-6b35b2311d52,0.8,Going to hot zone,"3576, Elliston Avenue, Saanich, British Columbia",21:41
business,skip,2026-09-04,"3572, Elliston Avenue, Saanich, British Columbia",21:39,dd05a520-82ae-4630-986a-c9c6c1985c7d,1.2,Dropping off delivery,"Blanshard Street, Saanich, British Columbia",21:35
business,skip,2026-09-04,"982, Lovat Avenue, Saanich, British Columbia",21:32,0af1e5d9-529c-408e-a88f-e10bf0c64f8d,0.7,Dropping off delivery,"Oak Street, Saanich, British Columbia",21:29
business,skip,2026-09-04,"Oak Street, Saanich, British Columbia",21:26,b98f0c20-0c65-43c9-8b35-9c2668b40bf3,0,Picking up food,"Oak Street, Saanich, British Columbia",20:17
business,,2026-09-04,"Oak Street, Saanich, British Columbia",20:17,bd6c9c30-da43-4835-b61e-2e1fb87fc8ca,0.1,Going to hot zone,"717, Newbury Street, Saanich, British Columbia",20:08
business,skip,2026-09-04,"717, Newbury Street, Saanich, British Columbia",20:07,d1171ce2-de50-416c-86a1-d7c6d848cd80,2.8,Dropping off delivery,"Saanich Road, Saanich, British Columbia",19:47
business,,2026-09-04,"Oak Street, Saanich, British Columbia",19:47,2867b24a-553c-48b7-a484-21c307479c4f,0.4,Going to hot zone,"3264, Linwood Avenue, Saanich, British Columbia",19:43
business,skip,2026-09-04,"3265, Linwood Avenue, Saanich, British Columbia",19:42,73bfec89-262b-47cf-9087-1940117a2319,0.8,Dropping off delivery,"Uptown Boulevard, Saanich, British Columbia",19:36
business,,2026-09-04,"Uptown Boulevard, Saanich, British Columbia",19:36,f1007c79-ed50-49cf-b262-6364dd4e2890,0.1,,"Saanich Road, Saanich, British Columbia",19:29
business,,2026-09-04,"Saanich Road, Saanich, British Columbia",19:29,decf52c3-d71a-4289-9129-8b1e09b3707b,0.5,Going to hot zone,"3875, Seaton Street, Saanich, British Columbia",19:25
business,skip,2026-09-04,"3875, Seaton Street, Saanich, British Columbia",19:24,d7de713d-f295-4510-8998-c09a1409f079,1,Dropping off delivery,"Saanich Road, Saanich, British Columbia",19:20
business,skip,2026-09-04,"Oak Street, Saanich, British Columbia",19:18,a5bfc6f7-b80e-49d7-a310-b2ab0a8693b7,1,Picking up food,"3436, Whittier Avenue, Saanich, British Columbia",19:15
business,skip,2026-09-04,"3436, Whittier Avenue, Saanich, British Columbia",19:14,5a8fc72c-f9e9-470b-aabe-6f5dcb2aa93d,0.9,Dropping off delivery,"306, Burnside Road West, Saanich, British Columbia",19:09
business,skip,2026-09-04,"3268, Millgrove Street, Saanich, British Columbia",19:05,44747340-0f3d-42eb-8071-1cd805068c88,16.4,Picking up food,"Helmcken Road, View Royal, British Columbia",18:58
business,skip,2026-09-04,"Helmcken Road, View Royal, British Columbia",18:54,bd1946ea-ba93-4058-a258-a2f722c004af,6.8,Picking up food,"3110, Admirals Road, Saanich, British Columbia",18:48
business,skip,2026-09-04,"3110, Admirals Road, Saanich, British Columbia",18:47,41c40bca-f726-4a48-beb6-9395e14f68af,5,Dropping off delivery,"638, Johnson Street, Victoria, British Columbia",18:33
business,skip,2026-09-04,"638, Johnson Street, Victoria, British Columbia",18:32,206e95c4-5082-41bb-9857-525ee7d4e5b8,1,Picking up food,"1080, Douglas Street, Victoria, British Columbia",18:29
business,,2026-09-04,"1080, Douglas Street, Victoria, British Columbia",18:29,a39a56b3-5a5d-4695-9de6-b11e67e8b429,2.1,Going to hot zone,"510, Dalton Street, Victoria, British Columbia",18:20
business,skip,2026-09-04,"510, Dalton Street, Victoria, British Columbia",18:19,966784db-9e4a-4e8d-a88a-cad299af83e0,3.4,Dropping off delivery,"Tillicum Road, Saanich, British Columbia",18:11
business,skip,2026-09-04,"Tillicum Road, Saanich, British Columbia",18:02,c0bd84d7-6e04-4711-be8f-b961f3f728a0,1.2,Picking up food,"2909, Harriet Road, Victoria, British Columbia",18:00
business,skip,2026-09-04,"2909, Harriet Road, Victoria, British Columbia",17:57,11202529-c9a3-4275-af13-b5a678979556,0.5,Dropping off delivery,"Gorge Road East, Victoria, British Columbia",17:54
business,skip,2026-09-04,"Gorge Road East, Victoria, British Columbia",17:52,8f55d614-f2de-4d14-887b-e92f9695fc3d,1.1,Picking up food,"Gorge Road East, Victoria, British Columbia",17:50
business,skip,2026-09-04,"Gorge Road East, Victoria, British Columbia",17:46,84ec761e-9f4a-4d4f-8db1-7b0be89afd28,5.9,Dropping off delivery,"Saanich Road, Saanich, British Columbia",17:39
business,skip,2026-09-04,"48.45499, -123.37453",17:34,f343da8b-0463-4683-80e8-c04f7b9ef727,6.7,Picking up food,"Royal Oak Drive, Saanich, British Columbia",17:26
personal,,2026-09-03,"3420, Quadra Street, Saanich, British Columbia",21:54,791d9fda-94ea-45a1-8296-5845141eb025,2.3,Home,"1547, McRae Avenue, Saanich, British Columbia",21:47
business,skip,2026-09-03,"1547, McRae Avenue, Saanich, British Columbia",21:44,656e9db6-d91a-4c4c-91fc-302651beacc8,0.6,Dropping off delivery,"Shelbourne Street, Saanich, British Columbia",21:41
business,skip,2026-09-03,"Shelbourne Street, Saanich, British Columbia",21:36,73e904a6-c679-44f8-b878-f501d6ae84eb,1.4,Picking up food,"Church Avenue, Saanich, British Columbia",21:26
business,,2026-09-03,"Church Avenue, Saanich, British Columbia",21:26,45f522c3-4a79-43c8-a3ca-c8d94a8c3fc2,0.3,Going to hot zone,"3685, Ophir Street, Saanich, British Columbia",21:24
business,skip,2026-09-03,"3685, Ophir Street, Saanich, British Columbia",21:19,2ed2edf3-ade7-496e-a877-f179884d95b5,4.2,Dropping off delivery,"Saanich Road, Saanich Road, Quadra, Saanich, BC, V8X 4A3, Quadra, Saanich, Capital Regional District, British Columbia, V8X 4A3, Canada",21:09
business,skip,2026-09-03,"Saanich Road, Saanich, British Columbia",20:48,86c8abb6-4601-4df0-8850-cd2fd25f8895,0.8,Picking up food,"Oak Street, Saanich, British Columbia",20:00
business,,2026-09-03,"Oak Street, Saanich, British Columbia",19:59,f6e54041-1f66-4199-84cb-0269305df100,6.9,Going to hot zone,"740, Travino Lane, Saanich, British Columbia",19:52
business,,2026-09-03,"740, Travino Lane, Saanich, British Columbia",19:52,baeb0fc8-d050-46b5-b62f-c310a1f744a8,1.6,,"4291, Glanford Avenue, Saanich, British Columbia",19:39
business,skip,2026-09-03,"4291, Glanford Avenue, Saanich, British Columbia",19:39,ad141a30-15ad-43dd-a217-5c482966880c,5.2,Picking up food,"Oak Street, Saanich, British Columbia",19:12
business,,2026-09-03,"Oak Street, Saanich, British Columbia",19:11,f9adb180-e712-442e-a3aa-80042579d520,3.1,Going to hot zone,"1010, McKenzie Avenue, Saanich, British Columbia",19:05
business,skip,2026-09-03,"1010, McKenzie Avenue, Saanich, British Columbia",18:59,0673836a-4a56-42a7-bedc-6cb4bc9cdd1a,0.9,Dropping off delivery,"Cedar Hill Cross Road, Saanich, British Columbia",18:57
business,skip,2026-09-03,"Cedar Hill Cross Road, Saanich, British Columbia",18:56,36ed9687-3c7d-48f8-8885-a0689b87a72b,3.2,Picking up food,"Oak Street, Saanich, British Columbia",18:43
business,,2026-09-03,"Saanich Road, Saanich, British Columbia",18:43,aa06cd60-248c-43c6-8888-214c12fc89ac,1.6,Going to hot zone,"126, Crease Avenue, Saanich, British Columbia",18:38
business,skip,2026-09-03,"126, Crease Avenue, Saanich, British Columbia",18:38,e8ff09d3-4613-44e2-99d0-eeff188c9106,1.9,Dropping off delivery,"Saanich Road, Saanich, British Columbia",18:32
business,skip,2026-09-03,"Saanich Road, Saanich, British Columbia",18:27,bea1402a-4c90-4696-82bd-70cede80bae2,0.1,Picking up food,"Saanich Road, Saanich, British Columbia",18:15
business,,2026-09-03,"Oak Street, Saanich, British Columbia",18:15,e42671d5-a594-405c-99d3-2f4465fedfe1,1.1,Going to hot zone,"3420, Quadra Street, Saanich, British Columbia",18:09
business,skip,2026-09-16,"4186, Bremerton Street, Saanich, British Columbia",22:04,0bc988e3-aa1c-41cc-be8d-50dee9fe0c7a,0.2,Dropping off delivery,"567, Hurst Avenue, Saanich, British Columbia",22:01
business,skip,2026-09-16,"585, Kay Street, Saanich, British Columbia",22:00,49bb1e18-754c-4b85-ba8f-637e9ac8752d,4,Dropping off delivery,"Burnside Road West, Saanich, British Columbia",21:52
business,skip,2026-09-16,"Burnside Road West, Saanich, British Columbia",21:51,0afc2180-0a66-4cc5-92f4-6ca73fa8dc95,1.1,Picking up food,"Gorge Road East, Victoria, British Columbia",21:48
business,skip,2026-09-16,"Gorge Road East, Victoria, British Columbia",21:46,e0df2fab-2101-459d-b930-0b2cb4aa98ce,3.7,Picking up food,"507, William Street, Victoria, British Columbia",21:36
business,skip,2026-09-16,"507, William Street, Victoria, British Columbia",21:33,d9a254e1-ee53-4cb3-b3eb-a407a275b8e1,3.3,Dropping off delivery,"Yates Street, Victoria, British Columbia",21:25
business,skip,2026-09-16,"Yates Street, Victoria, British Columbia",21:24,5461c7d0-6aa5-4d9b-a556-ee3e9352a655,4.1,Picking up food,"3318, Oak Street, Saanich, British Columbia",21:18
business,,2026-09-16,"3375, Oak Street, Saanich, British Columbia",21:17,2c94befa-e5c1-436f-8b72-09b679fd691f,6.1,Going to hot zone,"3, Cooper Road, View Royal, British Columbia",20:59
business,skip,2026-09-16,"3, Cooper Road, View Royal, British Columbia",20:58,2448d72d-f341-454d-93c4-8778c0795bd0,5.7,Dropping off delivery,"Uptown Boulevard, Saanich, British Columbia",20:49
business,skip,2026-09-16,"Uptown Boulevard, Saanich, British Columbia",20:43,062ded07-288d-430e-adc9-cdb8eef62810,0.8,Picking up food,"Oak Street, Saanich, British Columbia",20:41
business,,2026-09-16,"Saanich Road, Saanich, British Columbia",20:31,61905bdb-92d8-43e3-bf4c-a3b187321fba,2.2,Going to hot zone,"252, Gorge Road East, Victoria, British Columbia",20:24
business,skip,2026-09-16,"252, Gorge Road East, Victoria, British Columbia",20:23,db722507-e873-4d2a-a0a2-54c835b1f35d,2.7,Dropping off delivery,"Uptown Boulevard, Saanich, British Columbia",20:14
business,skip,2026-09-16,"Saanich Road, Saanich, British Columbia",20:10,e8e5da11-07c0-4700-a2d5-76468e79aa86,1.6,Picking up food,"Oak Street, Saanich, British Columbia",19:54
business,,2026-09-16,"Saanich Road, Saanich, British Columbia",19:54,55cf3354-385a-4403-8b87-530890151177,32.5,Going to hot zone,"15, Stillwater Road, View Royal, British Columbia",19:45
business,skip,2026-09-16,"15, Stillwater Road, View Royal, British Columbia",19:44,1a6dcfad-934d-4675-8cf9-48c0a23d7344,15.5,Dropping off delivery,"Douglas Street, Victoria, British Columbia",19:34
business,skip,2026-09-16,"Douglas Street, Victoria, British Columbia",19:30,ae222960-a218-4d57-84be-b0f13353381f,2.5,Picking up food,"Oak Street, Saanich, British Columbia",19:26
business,,2026-09-16,"Oak Street, Saanich, British Columbia",19:25,89666703-9ee9-4295-a458-b0c8ea64b1e8,2.7,Going to hot zone,"3420, Quadra Street, Saanich, British Columbia",19:20
business,,2026-09-15,"Oak Street, Saanich, British Columbia",21:14,3a49be3f-0eea-40f8-986f-b41b2f29ecbc,1,Going to hot zone,"75, Regina Avenue, Saanich, British Columbia",21:10
business,skip,2026-09-15,"75, Regina Avenue, Saanich, British Columbia",21:09,8acc2829-4d4b-471b-b62e-98b98778c917,1.5,Dropping off delivery,"Uptown Boulevard, Saanich, British Columbia",21:06
business,skip,2026-09-15,"Uptown Boulevard, Saanich, British Columbia",21:06,36afeb61-fc64-4e99-a9d5-15d5d714b015,0.7,Picking up food,"Oak Street, Saanich, British Columbia",20:52
business,,2026-09-15,"Saanich Road, Saanich, British Columbia",20:51,83d477f2-4e93-4530-bc83-8326e4ddd56d,3.8,Going to hot zone,"2701, Gosworth Road, Victoria, British Columbia",20:49
business,skip,2026-09-15,"2701, Gosworth Road, Victoria, British Columbia",20:30,eddcecc8-66a3-41b8-8aab-187fa951d62e,0.6,Dropping off delivery,"Hillside Avenue, Victoria, British Columbia",20:29
business,skip,2026-09-15,"Hillside Avenue, Victoria, British Columbia",20:24,e2da680f-cb60-4ec6-bcde-5968e4d628f2,2.6,Picking up food,"1030, Bay Street, Victoria, British Columbia",20:20
business,skip,2026-09-15,"1060, Empress Avenue, Victoria, British Columbia",20:16,dd1353a7-11e0-43a8-aaa4-d3e3a2bd02b4,2.4,Dropping off delivery,"650, View Street, Victoria, British Columbia",20:11
business,skip,2026-09-15,"658, View Street, Victoria, British Columbia",20:06,c4a078e6-c542-4fad-a7c0-db219a4c1f4f,0.5,Picking up food,"Fort Street, Victoria, British Columbia",20:03
business,skip,2026-09-15,"710, Fort Street, Victoria, British Columbia",20:01,6609d342-1cac-4a3d-a9d9-9df2cffa1421,2.3,Dropping off delivery,"2670, Fifth Street, Victoria, British Columbia",19:54
business,skip,2026-09-15,"2670, Fifth Street, Victoria, British Columbia",19:52,c7df3c61-638c-49ee-9f7e-4684b28c7ab4,1,Picking up food,"2540, Quadra Street, Victoria, British Columbia",19:51
business,skip,2026-09-15,"2540, Quadra Street, Victoria, British Columbia",19:50,66fc2e2b-fe47-4ad5-a0dd-186770b34981,2.3,Dropping off delivery,"Gorge Road East, Victoria, British Columbia",19:45
business,skip,2026-09-15,"Gorge Road East, Victoria, British Columbia",19:44,358861c9-4be7-4121-b9da-1ee5de1c7e1e,3,Picking up food,"710, Fort Street, Victoria, British Columbia",19:31
business,,2026-09-15,"706, Fort Street, Victoria, British Columbia",19:31,51ab3594-81ee-46bd-916b-35852017fc29,3.1,Going to hot zone,"1619, Denman Street, Victoria, British Columbia",19:22
business,skip,2026-09-15,"1619, Denman Street, Victoria, British Columbia",19:20,24f023a6-0edb-4344-938c-70ceb2a87db8,2.8,Dropping off delivery,"2670, Fifth Street, Victoria, British Columbia",19:14
business,skip,2026-09-15,"2670, Fifth Street, Victoria, British Columbia",19:13,fa13ba4a-d428-4803-9bdf-29e86d7c91ab,3.7,Picking up food,"3420, Quadra Street, Saanich, British Columbia",19:07
business,,2026-09-14,"Saanich Road, Saanich, British Columbia",21:02,364cffd5-b772-4237-9041-7eb16ae8aa25,1.5,Going to hot zone,"3366, Douglas Street, Saanich, British Columbia",21:00
business,skip,2026-09-14,"3366, Douglas Street, Saanich, British Columbia",20:57,dc1dce0b-105e-4a32-bc51-f0a0e29fbcd2,1.4,Dropping off delivery,"3500, Uptown Boulevard, Saanich, British Columbia",20:50
business,skip,2026-09-14,"3500, Uptown Boulevard, Saanich, British Columbia",20:50,46d9b2b0-fab3-40e1-a6dc-d78d65e71af2,0.4,Picking up food,"Saanich Road, Saanich, British Columbia",20:22
business,,2026-09-14,"Saanich Road, Saanich, British Columbia",20:22,8fea702c-bc03-4e89-bc2e-5d6e6572ae2c,5.1,Going to hot zone,"Chatterton Way, Saanich, British Columbia",20:10
business,skip,2026-09-14,"4514, Chatterton Way, Saanich, British Columbia",20:09,dd451bc6-ad68-4a46-85ab-4b5af456f505,3.1,Dropping off delivery,"Patricia Bay Highway, Saanich, British Columbia",20:02
business,skip,2026-09-14,"West Saanich Road, Saanich, British Columbia",20:01,a980eea0-923b-4570-97f5-ae5d7560a436,0.6,Picking up food,"740, Travino Lane, Saanich, British Columbia",19:58
business,skip,2026-09-14,"740, Travino Lane, Saanich, British Columbia",19:53,941762db-106e-4253-b966-93ab954136f3,1.6,Dropping off delivery,"4291, Glanford Avenue, Saanich, British Columbia",19:49
business,skip,2026-09-14,"4291, Glanford Avenue, Saanich, British Columbia",19:47,5e28ea1b-a871-413c-9255-52b05e647f69,5.1,Picking up food,"Oak Street, Saanich, British Columbia",19:33
business,,2026-09-14,"Oak Street, Saanich, British Columbia",19:33,8e042022-8473-4ab6-9ba7-7ed64ba748c8,6.2,Going to hot zone,"1803, Forest Road, Saanich, British Columbia",19:20
business,skip,2026-09-14,"3987, Bear Street, Saanich, British Columbia",19:19,59df2434-5061-4e91-a707-2255ab0aad81,0.1,Dropping off delivery,"3987, Bear Street, Saanich, British Columbia",19:19
business,skip,2026-09-14,"3987, Bear Street, Saanich, British Columbia",19:17,82a2365e-0ca8-4798-a31e-3158308fedde,4.1,Dropping off delivery,"North Dairy Road, Saanich, British Columbia",19:08
business,skip,2026-09-14,"North Dairy Road, Saanich, British Columbia",18:31,eee02345-689c-40a3-a0ee-0e20183e8766,1.7,Picking up food,"3420, Quadra Street, Saanich, British Columbia",18:25
personal,,2026-09-13,"Cloverdale Avenue, Saanich, British Columbia",21:45,10c7392c-bdd1-4db7-82d6-312645832ab8,1.9,Home,"Quadra Street, Saanich, British Columbia",21:43
business,skip,2026-09-13,"Quadra Street, Saanich, British Columbia",21:41,184f247c-77e5-4874-ba94-61fc67f4cb7a,3.5,Dropping off delivery,"1207, Douglas Street, Victoria, British Columbia",21:32
business,skip,2026-09-13,"1207, Douglas Street, Victoria, British Columbia",21:26,9098b8d7-8207-48e3-9eaf-1743928d5ac8,1.8,Picking up food,"Fort Street, Victoria, British Columbia",21:14
business,,2026-09-13,"Fort Street, Victoria, British Columbia",21:14,e7be389d-bfa6-4d8c-9ed1-5ee84e1dd7e9,3.1,Going to hot zone,"175, Robertson Street, Victoria, British Columbia",21:04
business,skip,2026-09-13,"175, Robertson Street, Victoria, British Columbia",21:02,fc6ea9c8-9153-495a-b233-7306aa56d3bd,2.4,Dropping off delivery,"2187, Oak Bay Avenue, Oak Bay, British Columbia",20:57
business,skip,2026-09-13,"2187, Oak Bay Avenue, Oak Bay, British Columbia",20:55,adbf59c0-a9d1-4829-8cdd-698546e47e0d,2.4,Picking up food,"1573, Begbie Street, Victoria, British Columbia",20:51
business,skip,2026-09-13,"1575, Begbie Street, Victoria, British Columbia",20:50,116c96a3-24bd-439b-b84b-f02331f6c05a,2.9,Dropping off delivery,"Government Street, Victoria, British Columbia",20:44
business,skip,2026-09-13,"662, View Street, Victoria, British Columbia",20:41,2d56c3a2-ce5b-4542-8548-43484a535657,1.1,Picking up food,"450, Quebec Street, Victoria, British Columbia",20:35
business,uber,2026-09-13,"450, Quebec Street, Victoria, British Columbia",20:29,38d0951d-c16e-4611-afac-8367fd2f4aa5,0.7,Dropping off delivery,"720, Broughton Street, Victoria, British Columbia",20:25
business,skip,2026-09-13,"711, Broughton Street, Victoria, British Columbia",20:22,8c89dd87-83b0-4dab-b3a2-af3d3d5742c6,0.4,Picking up food,"710, Fort Street, Victoria, British Columbia",20:13
business,,2026-09-13,"710, Fort Street, Victoria, British Columbia",20:13,15fe34a3-57c5-4509-b2df-f41b5ff9f670,1.8,Going to hot zone,"48, San Jose Avenue, Victoria, British Columbia",20:06
business,skip,2026-09-13,"48, San Jose Avenue, Victoria, British Columbia",20:04,104f815e-d417-48c9-82e2-2ee04b9120a2,2,Dropping off delivery,"716, Burdett Avenue, Victoria, British Columbia",19:59
business,skip,2026-09-13,"716, Burdett Avenue, Victoria, British Columbia",19:56,e944f940-e247-49e9-a8c0-1e4f1366f09c,1.3,Picking up food,"702, Fort Street, Victoria, British Columbia",19:49
business,,2026-09-13,"Fort Street, Victoria, British Columbia",19:49,a83866f4-c0b4-4493-b26a-4ec9b6674fdd,4,Going to hot zone,"2260, Cadboro Bay Road, Oak Bay, British Columbia",19:39
business,skip,2026-09-13,"2260, Cadboro Bay Road, Oak Bay, British Columbia",19:35,125420cb-5d8b-4fb5-a00b-6048016f2dbf,4.9,Dropping off delivery,"Douglas Street, Victoria, British Columbia",19:24
business,skip,2026-09-13,"Douglas Street, Victoria, British Columbia",19:20,2e2a78b6-6127-4c3e-85fa-0f7ec292d42b,1.2,Picking up food,"710, Fort Street, Victoria, British Columbia",19:08
business,,2026-09-13,"710, Fort Street, Victoria, British Columbia",19:08,ed3831ce-a44b-4068-b593-7f24b0572e20,1,Going to hot zone,"1029, View Street, Victoria, British Columbia",19:05
business,skip,2026-09-13,"1097, View Street, Victoria, British Columbia",19:01,9e5e3cd6-f477-4f75-9b56-8b3a3cb64bf8,0.8,Dropping off delivery,"765, Broughton Street, Victoria, British Columbia",18:58
business,skip,2026-09-13,"765, Broughton Street, Victoria, British Columbia",18:51,831cb4b2-8d93-4ae1-908a-810317fe4c93,0.8,Picking up food,"701, Fort Street, Victoria, British Columbia",18:44
business,,2026-09-13,"702, Fort Street, Victoria, British Columbia",18:44,30e73584-c215-4035-b8c7-a26992e87f04,1.2,Going to hot zone,"1026, Johnson Street, Victoria, British Columbia",18:38
business,skip,2026-09-13,"1026, Johnson Street, Victoria, British Columbia",18:33,5d8f42a2-0953-48bb-8f0a-400d4abe75d0,1.4,Dropping off delivery,"716, Burdett Avenue, Victoria, British Columbia",18:24
business,skip,2026-09-13,"716, Burdett Avenue, Victoria, British Columbia",18:18,84b0f228-dde3-42a8-b5a1-ee28b30aa721,0.2,Picking up food,"Fort Street, Victoria, British Columbia",18:10
business,,2026-09-13,"702, Fort Street, Victoria, British Columbia",18:09,984a06d4-08ee-4ad5-917c-79c0e8a48479,1.4,Going to hot zone,"525, Superior Street, Victoria, British Columbia",18:05
business,skip,2026-09-13,"525, Superior Street, Victoria, British Columbia",18:02,20528297-196c-4d44-b9cd-76e9f76de27b,2,Dropping off delivery,"347, Cook Street, Victoria, British Columbia",17:58
business,skip,2026-09-13,"347, Cook Street, Victoria, British Columbia",17:56,30fe9f2e-dc13-428a-8eda-29d66413eb18,1.5,Picking up food,"10, Eberts Street, Victoria, British Columbia",17:52
business,skip,2026-09-13,"10, Eberts Street, Victoria, British Columbia",17:50,c70d3b9e-56b7-4c2b-84b8-5db1ae416bd8,2.3,Dropping off delivery,"1146, View Street, Victoria, British Columbia",17:45
business,skip,2026-09-13,"1147, View Street, Victoria, British Columbia",17:41,ccb9aa06-4a14-4091-b106-46469661b40a,0.9,Dropping off delivery,"Yates Street, Victoria, British Columbia",17:35
business,skip,2026-09-13,"Yates Street, Victoria, British Columbia",17:19,43cf8bc0-bffd-486b-b216-32a61d32ea46,1.2,Picking up food,"1125, Douglas Street, Victoria, British Columbia",17:15
business,,2026-09-13,"1125, Douglas Street, Victoria, British Columbia",17:15,7d64812c-f4bb-48ae-9d6d-7cec147748f5,2.4,Going to hot zone,"1035, McGregor Avenue, Victoria, British Columbia",17:09
business,skip,2026-09-13,"1028, McGregor Avenue, Victoria, British Columbia",17:06,2a284e15-d776-474f-98f4-79ab92221286,2.6,Dropping off delivery,"777, Herald Street, Victoria, British Columbia",16:58
business,skip,2026-09-13,"777, Herald Street, Victoria, British Columbia",16:33,2a147a41-a92a-491a-b5fd-60c3f887f826,2.9,Picking up food,"1116, McClure Street, Victoria, British Columbia",16:24
business,skip,2026-09-13,"1116, McClure Street, Victoria, British Columbia",16:21,f2607344-6749-43d1-ba1b-a6052f3a366e,6.5,Dropping off delivery,"3965, Quadra Street, Saanich, British Columbia",16:08
business,skip,2026-09-13,"Lochside Regional Trail, Saanich, British Columbia",16:06,c9e963ea-7f01-4058-8be5-f8bfe91d6b9d,3.7,Picking up food,"1496, Edgeware Road, Victoria, British Columbia",15:57
business,skip,2026-09-13,"1496, Edgeware Road, Victoria, British Columbia",15:55,b277162b-8302-4539-a17d-2978fa9da344,3,Dropping off delivery,"Blanshard Street, Saanich, British Columbia",15:47
business,skip,2026-09-13,"Blanshard Street, Saanich, British Columbia",15:46,bafd5515-bc28-4471-b8fd-bc0199a90b9f,0.6,Picking up food,"Oak Street, Saanich, British Columbia",15:31
business,,2026-09-13,"Oak Street, Saanich, British Columbia",15:31,e2284b56-6569-480e-aa66-40f3cdc18fa5,6.1,Going to hot zone,"Admirals Road, Esquimalt, BC, V9A 4R2, Esquimalt, British Columbia, V9A 4R2",15:20
business,skip,2026-09-13,"Admirals Road, Esquimalt, British Columbia",15:07,c12c4125-4954-4c96-a0ba-c149fcf08698,12.4,Picking up food,"Karen Crescent, Saanich, British Columbia",14:54
business,skip,2026-09-13,"Karen Crescent, Saanich, British Columbia",14:50,8f63857d-a13b-431f-975d-d29796aceb9c,3.2,Dropping off delivery,"Oak Street, Saanich, British Columbia",14:21
business,,2026-09-13,"Oak Street, Saanich, British Columbia",14:21,d109d642-2274-468e-ab6e-ea69f13851db,4.9,Going to hot zone,"4132, Wilkinson Road, Saanich, British Columbia",14:12
business,skip,2026-09-13,"4132, Wilkinson Road, Saanich, British Columbia",14:11,e812701e-3520-4def-a0c0-2e816989a2d9,4.6,Dropping off delivery,"Oak Street, Saanich, British Columbia",13:13
business,,2026-09-13,"Oak Street, Saanich, British Columbia",13:13,b6cabaed-35ae-462f-996c-7cfc5816ed31,1.7,Going to hot zone,"Douglas Street, Victoria, British Columbia",13:08
business,skip,2026-09-13,"Douglas Street, Victoria, British Columbia",13:06,b135856b-fd81-42f0-9936-72517a863dd7,2.7,Dropping off delivery,"1218, Langley Street, Victoria, British Columbia",12:57
business,skip,2026-09-13,"1218, Langley Street, Victoria, British Columbia",12:53,5daa128b-ab2a-4870-b0f6-b48146cefa3f,4.3,Picking up food,"Esquimalt Road, Esquimalt, British Columbia",12:40
business,,2026-09-13,"Esquimalt Road, Esquimalt, British Columbia",12:40,2d8730eb-dbef-4cfd-9ffb-98bb0999328d,3.4,,"Blanshard Street, Saanich, British Columbia",12:17
business,skip,2026-09-13,"Blanshard Street, Saanich, British Columbia",12:17,d4dd7fe3-d63c-494c-8952-762d9c5a5ab5,0.6,Picking up food,"Saanich Road, Saanich, British Columbia",11:56
business,,2026-09-13,"Oak Street, Saanich, British Columbia",11:55,e2c9dba0-ae44-46d2-93b2-919cae44da53,2.1,Going to hot zone,"540, Manchester Road, Victoria, British Columbia",11:49
business,skip,2026-09-13,"540, Manchester Road, Victoria, British Columbia",11:48,c5fad04c-faf1-4873-93ff-ae3aed718c53,2.3,Dropping off delivery,"Saanich Road, Saanich, British Columbia",11:41
business,skip,2026-09-13,"Oak Street, Saanich, British Columbia",11:40,82a15005-328d-40a7-8181-54632f476d92,3.3,Picking up food,"3420, Quadra Street, Saanich, British Columbia",11:33
business,,2026-09-12,"3501, Saanich Road, Saanich, British Columbia",22:07,963b931d-8521-43a8-8913-e5740c9be2ea,4.2,Going to hot zone,"3034, Austin Avenue, Saanich, British Columbia",22:00
business,skip,2026-09-12,"3041, Austin Avenue, Saanich, British Columbia",21:55,bb32289f-7f50-4bd8-b2bc-2179f5faf7e8,4.7,Dropping off delivery,"Oak Street, Saanich, British Columbia",21:43
business,,2026-09-12,"Oak Street, Saanich, British Columbia",21:14,47416649-b7fa-493a-b827-f5229ad76481,4.2,Going to hot zone,"837, Ellery Street, Esquimalt, British Columbia",21:05
business,skip,2026-09-12,"837, Ellery Street, Esquimalt, British Columbia",21:02,9f9c23c6-3b15-4be5-a1a2-f220b9c6b09b,3.6,Dropping off delivery,"Walmart, 3460 Saanich Road, Saanich, BC, V8Z 3L0, 3460 Saanich Road, Saanich, British Columbia, V8Z 3L0",20:55
business,,2026-09-12,"Walmart, 3460 Saanich Road, Saanich, BC, V8Z 3L0, 3460 Saanich Road, Saanich, British Columbia, V8Z 3L0",20:25,c0ce5d01-ef32-48e0-a024-04d9f74444a8,0.1,,"McDonald's, 3465 Saanich Road, Saanich, BC, V8Z 3L0, 3465 Saanich Road, Saanich, British Columbia, V8Z 3L0",20:15
business,,2026-09-12,"McDonald's, 3465 Saanich Road, Saanich, BC, V8Z 3L0, 3465 Saanich Road, Saanich, British Columbia, V8Z 3L0",20:15,e287fa0a-1165-4cbf-8144-c52fe0f7cdcd,1.2,,"Oakview Manor, 3420 Quadra Street, Saanich, BC, V8X 1G4, 3420 Quadra Street, Saanich, British Columbia, V8X 1G4",20:11
personal,,2026-09-11,"3420, Quadra Street, Saanich, British Columbia",21:34,ccd3e082-53e5-411c-bafb-3cba97d34896,1.8,Home,"Saanich Road, Saanich, British Columbia",21:07
business,,2026-09-11,"Saanich Road, Saanich, British Columbia",21:02,f0829c37-691f-4360-bfe4-bbcc563942c9,1.4,Going to hot zone,"3235, Quadra Street, Saanich, British Columbia",20:59
business,skip,2026-09-11,"3235, Quadra Street, Saanich, British Columbia",20:56,c0c0d16b-37a9-49b4-b234-73758036350f,1.8,Dropping off delivery,"Uptown Boulevard, Saanich, British Columbia",20:51
business,skip,2026-09-11,"Uptown Boulevard, Saanich, British Columbia",20:47,b6777f93-c20c-4fec-8988-63d76360716d,1,Picking up food,"Oak Street, Saanich, British Columbia",20:30
business,,2026-09-11,"Oak Street, Saanich, British Columbia",20:30,b1b2c49b-4aef-4b4a-9a71-911e535772c7,1.5,Going to hot zone,"3562, Elliston Avenue, Saanich, British Columbia",20:25
business,skip,2026-09-11,"3562, Elliston Avenue, Saanich, British Columbia",20:25,d80a35e9-c83d-440e-807c-601431cae44c,1,Dropping off delivery,"3497, Saanich Road, Saanich, British Columbia",20:22
business,skip,2026-09-11,"Saanich Road, Saanich, British Columbia",19:41,ed789289-ee46-4d0a-9c72-d462414b6613,0.1,Picking up food,"Saanich Road, Saanich, British Columbia",19:39
business,,2026-09-11,"Saanich Road, Saanich, British Columbia",19:39,5259c666-304a-4918-85d8-e2988fa74e3d,3.6,Going to hot zone,"Hyacinth Avenue, Saanich, British Columbia",19:31
business,skip,2026-09-11,"Hyacinth Avenue, Saanich, British Columbia",19:29,9a544528-7a7e-45a9-9b97-2f7e54346e69,6.9,Dropping off delivery,"705, Johnson Street, Victoria, British Columbia",19:14
business,skip,2026-09-11,"705, Johnson Street, Victoria, British Columbia",19:09,e77e22ee-da7d-4902-b495-e0297a248874,2,Picking up food,"821, Tyee Road, Victoria, British Columbia",18:57
business,skip,2026-09-11,"821, Tyee Road, Victoria, British Columbia",18:52,b136aed3-7a01-4a23-bcaa-bb83200d1741,1.6,Dropping off delivery,"1627, Store Street, Victoria, British Columbia",18:47
business,skip,2026-09-11,"1627, Store Street, Victoria, British Columbia",18:38,0cd98e70-1693-41e9-9f3c-722047e9947e,1.4,Dropping off delivery,"1804, Cook Street, Victoria, British Columbia",18:32
business,skip,2026-09-11,"1804, Cook Street, Victoria, British Columbia",18:22,2c3d5593-c0f0-4705-a009-7e0737772b9a,0.3,Picking up food,"1020, Balmoral Road, Victoria, British Columbia",18:20
business,skip,2026-09-11,"1020, Balmoral Road, Victoria, British Columbia",18:16,3c2e8104-4d6b-4bfc-9074-6c28b0685fd2,0.8,Dropping off delivery,"1116, Meares Street, Victoria, British Columbia",18:13
business,skip,2026-09-11,"1116, Meares Street, Victoria, British Columbia",18:03,f67fec94-b792-4f45-baf8-9241bd27e72c,1.6,Picking up food,"1307, Pembroke Street, Victoria, British Columbia",17:59
business,skip,2026-09-11,"1307, Pembroke Street, Victoria, British Columbia",17:59,63fd4425-e5f1-4e71-91b4-5ac7b8ecd56e,5.1,Dropping off delivery,"Blanshard Street, Saanich, British Columbia",17:49
business,skip,2026-09-11,"Blanshard Street, Saanich, British Columbia",17:32,4a000cc1-8c92-4bf5-afd7-0be5e4eee89b,1.1,Picking up food,"Oak Street, Saanich, British Columbia",17:29
business,,2026-09-11,"Saanich Road, Saanich, British Columbia",17:29,435daab0-69d0-4e92-a9c5-c6514516fe83,5.5,Going to hot zone,"Royal Oak Drive, Saanich, British Columbia",17:23
business,,2026-09-10,"Oak Street, Saanich, British Columbia",20:56,ecd397cb-96c9-490e-9b38-5edb7ae46dc6,0.8,Going to hot zone,"3252, Glasgow Avenue, Saanich, British Columbia",20:53
business,skip,2026-09-10,"3252, Glasgow Avenue, Saanich, British Columbia",20:48,363eb750-7ec0-4d01-9bbd-634ea04a9af2,1.8,Dropping off delivery,"Uptown Boulevard, Saanich, British Columbia",20:37
business,skip,2026-09-10,"Uptown Boulevard, Saanich, British Columbia",20:37,ebcc38ea-f14a-4feb-89ac-91246ec0762f,0.8,Picking up food,"Oak Street, Saanich, British Columbia",20:20
business,,2026-09-10,"Saanich Road, Saanich, British Columbia",20:20,8bf54004-33d5-45e6-b9ba-a5b61b28757c,4.2,Going to hot zone,"2825, Adelaide Avenue, Saanich, British Columbia",20:13
business,skip,2026-09-10,"2825, Adelaide Avenue, Saanich, British Columbia",20:11,72aba4e7-ea76-4d31-9b17-bd8ae820532d,2.9,Dropping off delivery,"50, Burnside Road West, Saanich, British Columbia",20:04
business,skip,2026-09-10,"50, Burnside Road West, Saanich, British Columbia",20:02,ed6b532d-17ac-4dd6-a75d-9951b4e7beb9,0.1,Picking up food,"21, Burnside Road West, Saanich, British Columbia",20:01
business,skip,2026-09-10,"21, Burnside Road West, Saanich, British Columbia",19:58,7ac9e7f8-f92b-430c-bbbb-252a9c00098a,2.5,Dropping off delivery,"3500, Uptown Boulevard, Saanich, British Columbia",19:54
business,skip,2026-09-10,"Douglas Street, Saanich, British Columbia",19:49,a092b540-cc96-4cdd-826b-f1c14c740eba,0.5,Picking up food,"Oak Street, Saanich, British Columbia",19:44
business,,2026-09-10,"Oak Street, Saanich, British Columbia",19:43,e65395c6-8fa4-42a1-b34a-a9026aeea3cd,1.5,Going to hot zone,"735, Market Street, Victoria, British Columbia",19:39
business,skip,2026-09-10,"765, Market Street, Victoria, British Columbia",19:34,96cf9d08-fa85-4299-bae8-510e1465a155,1.1,Dropping off delivery,"Dunedin Street, Victoria, British Columbia",19:31
business,skip,2026-09-10,"Dunedin Street, Victoria, British Columbia",19:29,54329f48-3d8a-4f95-a7d9-6e604f266bfc,0.4,Picking up food,"538, Sumas Street, Victoria, British Columbia",19:27
business,skip,2026-09-10,"538, Sumas Street, Victoria, British Columbia",19:26,563f6d89-1ea1-413d-81cc-9f5da2844f63,1.3,Dropping off delivery,"3366, Douglas Street, Saanich, British Columbia",19:23
business,,2026-09-10,"3366, Douglas Street, Saanich, British Columbia",19:23,dcda315c-0922-4599-b88c-cc5aacfbf617,0.8,,"Oak Street, Saanich, British Columbia",19:13
business,,2026-09-10,"Oak Street, Saanich, British Columbia",19:13,a45f69b3-e4fe-430b-99e7-a9f79c98d8bf,1.3,Going to hot zone,"3420, Quadra Street, Saanich, British Columbia",19:09
personal,,2026-09-19,"3420, Quadra Street, Saanich, British Columbia",22:18,b5cd6e65-2839-4a54-9cc2-da0d879019ca,4.2,Home,"922, View Street, Victoria, British Columbia",21:53
business,skip,2026-09-19,"922, View Street, Victoria, British Columbia",21:53,9ffb6845-fc7d-4892-9a11-ca34966c816b,4.1,Picking up food,"175, Robertson Street, Victoria, British Columbia",21:42
business,skip,2026-09-19,"175, Robertson Street, Victoria, British Columbia",21:42,0b7993f5-74f4-4743-8e35-3b4f593fbcc2,4,Dropping off delivery,"915, Douglas Street, Victoria, British Columbia",21:29
business,skip,2026-09-19,"913, Douglas Street, Victoria, British Columbia",21:29,a6d7cf59-3763-4caa-b30c-c5d0d98f762b,1.9,Picking up food,"127, Menzies Street, Victoria, British Columbia",21:22
business,skip,2026-09-19,"127, Menzies Street, Victoria, British Columbia",21:21,8812cf15-6fad-4759-a5b3-77ff25b6446b,2.2,Dropping off delivery,"710, Fort Street, Victoria, British Columbia",21:09
business,,2026-09-19,"710, Fort Street, Victoria, British Columbia",21:09,48071269-62cf-42ed-bfc7-fb0cd71da152,2.2,Going to hot zone,"118, Superior Street, Victoria, British Columbia",20:45
business,skip,2026-09-19,"118, Superior Street, Victoria, British Columbia",20:40,47433de7-5ecd-4aa9-9459-6aef3ce13793,2.3,Dropping off delivery,"727, Courtney Street, Victoria, British Columbia",20:29
business,skip,2026-09-19,"727, Courtney Street, Victoria, British Columbia",20:26,d62956c6-f914-4322-8ffa-2bd7886b6471,0.7,Picking up food,"710, Fort Street, Victoria, British Columbia",20:16
business,,2026-09-19,"710, Fort Street, Victoria, British Columbia",20:16,0d8bc3c5-41d5-445b-a0c1-5e24e3e7bd20,1.8,Going to hot zone,"937, Pembroke Street, Victoria, British Columbia",20:11
business,skip,2026-09-19,"949, Pembroke Street, Victoria, British Columbia",20:09,f584e79c-156b-44b2-82ca-0a60c81e6550,2.6,Dropping off delivery,"Dunedin Street, Victoria, British Columbia",20:02
business,skip,2026-09-19,"Dunedin Street, Victoria, British Columbia",20:00,12788fac-9d09-4215-89e5-188d3a0e5ec9,0.1,Picking up food,"Dunedin Street, Victoria, British Columbia",19:58
business,skip,2026-09-19,"Dunedin Street, Victoria, British Columbia",19:56,db0de9b6-5771-4989-a5e4-6393de1cb321,1.7,Dropping off delivery,"Blanshard Street, Victoria, British Columbia",19:52
business,,2026-09-19,"Blanshard Street, Victoria, British Columbia",19:52,099c9ddf-9c04-43f9-b7db-3b16f1c34bca,1.2,,"Oak Street, Saanich, British Columbia",19:12
business,,2026-09-19,"Oak Street, Saanich, British Columbia",19:12,92d270c7-13c8-4d10-bbfd-3c11a18063d4,1.6,Going to hot zone,"48.45685, -123.37559",19:10
business,skip,2026-09-18,"675, Superior Street, Victoria, British Columbia",22:26,cdcb189d-6572-45a5-9761-a7be5c3f3858,1,Dropping off delivery,"662, View Street, Victoria, British Columbia",22:12
business,,2026-09-18,"658, View Street, Victoria, British Columbia",22:12,bae9975b-be9d-4b6a-8194-46cff42a2d99,4.3,Going to hot zone,"2340, Douglas Street, Victoria, British Columbia",21:54
business,skip,2026-09-18,"2350, Douglas Street, Victoria, British Columbia",21:53,cdcc559c-5ce3-40ed-93fd-deaa01540b79,1.3,Picking up food,"689, Bay Street, Victoria, British Columbia",21:38
business,skip,2026-09-18,"689, Bay Street, Victoria, British Columbia",21:38,4b5a607a-c436-4d45-88c3-ddb8ecb0b229,1,Dropping off delivery,"2507, Wark Street, Victoria, British Columbia",21:31
business,skip,2026-09-18,"2507, Wark Street, Victoria, British Columbia",21:30,6337b883-8e19-43f1-b419-c9fe0d1c492d,3.4,Dropping off delivery,"2000, Cadboro Bay Road, Oak Bay, British Columbia",21:13
business,skip,2026-09-18,"2000, Cadboro Bay Road, Oak Bay, British Columbia",21:13,dda60429-d3a0-41e9-bfe9-b78634db1ae3,1.6,Picking up food,"1527, Coldharbour Road, Victoria, British Columbia",20:55
business,skip,2026-09-18,"1527, Coldharbour Road, Victoria, British Columbia",20:55,a22fb881-2aab-4433-af02-6ef3133e4222,2.6,Dropping off delivery,"716, Burdett Avenue, Victoria, British Columbia",20:45
business,skip,2026-09-18,"716, Burdett Avenue, Victoria, British Columbia",20:44,48cd06fe-3075-4b33-b7a7-70031ba2bc80,0.6,Picking up food,"706, Fort Street, Victoria, British Columbia",20:25
business,,2026-09-18,"Fort Street, Victoria, British Columbia",20:24,015a4875-dbea-4112-8eaf-680f23dab7f0,3.7,Going to hot zone,"917, Shearwater Street, Esquimalt, British Columbia",20:14
business,skip,2026-09-18,"917, Shearwater Street, Esquimalt, British Columbia",20:11,f86b015c-b655-4535-9e5b-3c47f91007ce,6.3,Dropping off delivery,"Uptown Boulevard, Saanich, British Columbia",19:59
business,skip,2026-09-18,"Uptown Boulevard, Saanich, British Columbia",19:52,1df053d0-74aa-4906-b348-ee6fd9f803bc,0.7,Picking up food,"Oak Street, Saanich, British Columbia",19:19
business,,2026-09-18,"Oak Street, Saanich, British Columbia",19:19,cc23567b-1874-4fc9-80e6-4c1d7caf6570,11.1,Going to hot zone,"424, Goward Road, Saanich, British Columbia",19:08
business,skip,2026-09-18,"424, Goward Road, Saanich, British Columbia",19:08,e2130707-1020-4f47-a115-4f50418a900c,7.2,Dropping off delivery,"Royal Oak Drive, Saanich, British Columbia",18:59
business,skip,2026-09-18,"Royal Oak Drive, Saanich, British Columbia",18:51,9ca7971c-c1aa-497f-bf14-3d13cf695273,2.2,Picking up food,"Caselton Place, Saanich, British Columbia",18:47
business,skip,2026-09-18,"Caselton Place, Saanich, British Columbia",18:46,963d55c1-0e9e-47df-b1e6-109457bcf7eb,6.8,Dropping off delivery,"Uptown Boulevard, Saanich, British Columbia",18:35
business,skip,2026-09-18,"Uptown Boulevard, Saanich, British Columbia",18:31,c90a189b-fe21-4029-ad4e-abd4f159579f,0.4,Picking up food,"Saanich Road, Saanich, British Columbia",18:28
business,uber,2026-05-28,"952, Johnson Street, Victoria, British Columbia",21:51,355fb986-fe87-4d7c-8271-5f007bab42d5,2.1,Dropping off delivery,"1423, Denman Street, Victoria, British Columbia",21:50
business,uber,2026-05-28,"946, Johnson Street, Victoria, British Columbia",21:48,86786910-3df5-45d5-bd92-2edd5bdcfac2,0.7,Dropping off delivery,"954, Mason Street, Victoria, British Columbia",21:44
business,uber,2026-05-28,"954, Mason Street, Victoria, British Columbia",21:44,97b7e330-2fdd-453e-b093-004198ae39c4,0.1,Picking up food,"1043, Mason Street, Victoria, British Columbia",21:38
business,uber,2026-05-28,"1046, Mason Street, Victoria, British Columbia",21:37,6995730a-b5ac-45e3-870c-77a8c58d60d2,0.7,Dropping off delivery,"1105, Pandora Avenue, Victoria, British Columbia",21:30
business,uber,2026-05-28,"Pandora Avenue, Victoria, British Columbia",21:29,e017cfdd-dc3d-4723-887c-c65866816b88,1.3,Dropping off delivery,"48.42539, -123.36445",21:20
business,uber,2026-05-28,"48.42541, -123.36455",21:20,6c137550-c47b-4a3e-a41c-386965d3ae30,0.1,Picking up food,"Cactus Club Cafe, 1125 Douglas Street, Victoria",21:13
business,uber,2026-05-28,"Cactus Club Cafe, 1125 Douglas Street, Victoria",21:13,a682ca0f-33c7-4c27-8f50-dbd02e37e7fc,1.4,Picking up food,"48.42069, -123.35908",21:08
business,uber,2026-05-28,"48.42070, -123.35910",21:07,4df57b3f-6632-4b6c-9328-d105435900ba,1.4,Dropping off delivery,"1635, Cook Street, Victoria, British Columbia",20:59
business,uber,2026-05-28,"1635, Cook Street, Victoria, British Columbia",20:59,e454e0ba-2f40-4548-a8a0-9b68d7f9c765,4.1,Picking up food,"Newport Avenue, Oak Bay, British Columbia",20:47
business,uber,2026-05-28,"1063, Newport Avenue, Oak Bay, British Columbia",20:46,5048cf74-e762-4491-b405-23471cd3c06a,1,Dropping off delivery,"1066, Oliver Street, Oak Bay, British Columbia",20:41
business,uber,2026-05-28,"1051, Oliver Street, Oak Bay, British Columbia",20:40,1902fe76-957c-41e5-b305-0db42d32d947,5.6,Dropping off delivery,"566, Yates Street, Victoria, British Columbia",20:23
business,uber,2026-05-28,"564, Yates Street, Victoria, British Columbia",20:23,ff5132ef-08a0-4bce-8b9f-82fb5790af24,2.7,Picking up food,"533, West Bay Terrace, Esquimalt, British Columbia",20:08
business,uber,2026-05-28,"Westsong Walkway, Esquimalt, British Columbia",20:07,ff5d06b3-f795-41af-b9fa-b350730558b9,3.6,Dropping off delivery,"911, Yates Street, Victoria, British Columbia",19:57
business,uber,2026-05-28,"911, Yates Street, Victoria, British Columbia",19:56,6b24ac4e-62d5-4719-a283-d25c2069c394,1.9,Picking up food,"1270, Johnson Street, Victoria, British Columbia",19:49
business,uber,2026-05-28,"48.42561, -123.34825",19:48,1f89e9dd-0ebf-4974-9952-fa18fd45d193,2.8,Dropping off delivery,"776, Bay Street, Victoria, British Columbia",19:36
business,uber,2026-05-28,"Wendy's Drive-Though, Victoria, British Columbia",19:35,d0f1f6e3-4474-4e27-ab3e-db6b5a82b9eb,3.4,Picking up food,"3096, Washington Avenue, Victoria, British Columbia",19:29
business,uber,2026-05-28,"3094, Washington Avenue, Victoria, British Columbia",19:25,87a292df-4f0c-41f3-80fe-fd511db129d2,5.3,Dropping off delivery,"775, Market Street, Victoria, British Columbia",19:06
business,uber,2026-05-28,"785, Market Street, Victoria, British Columbia",19:02,9d3b2deb-e67a-4ce1-81a0-644b068de19e,1.7,Dropping off delivery,"Tolmie Avenue, Saanich, British Columbia",18:55
business,uber,2026-05-28,"Tolmie Avenue, Saanich, British Columbia",18:54,913f4107-0d24-4997-b982-2ffebd7583ed,2.8,Picking up food,"48.45407, -123.36089",18:50
business,uber,2026-05-29,"1026, Topaz Avenue, Victoria, British Columbia",22:01,1f3ec471-1cab-48fa-9138-a598a4b08b26,2.9,Dropping off delivery,"2904 Ilene Terrace, Saanich, BC, V8R 2R2, Saanich, British Columbia, V8R 2R2",21:52
business,uber,2026-05-29,"2904, Ilene Terrace, Saanich, British Columbia",21:43,dcfaf1e0-0c5c-4f65-89c3-0f36d062f55c,0.3,Dropping off delivery,"1605, Hillside Avenue, Victoria, British Columbia",21:38
business,uber,2026-05-29,"1627, Hillside Avenue, Victoria, British Columbia",21:37,238ee152-5562-4793-b8e5-092e6ecb6bba,3,Picking up food,"Uptown Boulevard, Saanich, British Columbia",21:25
business,uber,2026-05-29,"48.45413, -123.37577",21:25,9214d18b-785f-48e0-a326-04d25642de51,0.8,Picking up food,"Oak Street, Saanich, British Columbia",21:18
business,,2026-05-29,"Oak Street, Saanich, British Columbia",21:17,f48ddd80-9f2c-4b09-93a6-158309a09949,0.8,Going to hot zone,"3420, Quadra Street, Saanich, British Columbia",21:09
business,uber,2026-05-29,"3420, Quadra Street, Saanich, British Columbia",21:09,f70c3a1f-7ce1-4d73-96e0-28614bd8e19f,1.4,Dropping off delivery,"2637, Quadra Street, Victoria, British Columbia",21:00
business,uber,2026-05-29,"2637, Quadra Street, Victoria, British Columbia",21:00,f25944b9-fae2-48dc-ab9e-e38651bd7929,1.2,Picking up food,"1486, Finlayson Place, Victoria, British Columbia",20:53
business,uber,2026-05-29,"1486, Finlayson Place, Victoria, British Columbia",20:51,ca8e9f95-b4ff-4f95-a97c-87e9b95792b0,2.8,Dropping off delivery,"McKenzie Avenue, Saanich, British Columbia",20:44
business,uber,2026-05-29,"McKenzie Avenue, Saanich, British Columbia",20:44,bd7c04b0-b731-49a2-a5c5-04389d6c1728,3.2,Picking up food,"4128, Cabot Place, Saanich, British Columbia",20:40
business,uber,2026-05-29,"48.47717, -123.32446",20:39,47b5490c-003b-48cc-b76f-ca8ea44d44c4,1.3,Dropping off delivery,"1714, McKenzie Avenue, Saanich, British Columbia",20:33
business,uber,2026-05-29,"1714, McKenzie Avenue, Saanich, British Columbia",20:33,52e83e9b-74eb-43c6-a90e-250e6c986228,4.8,Dropping off delivery,"Big Wheel Burger, Lochside Regional Trail, Saanich",20:23
business,uber,2026-05-29,"Big Wheel Burger, Lochside Regional Trail, Saanich",20:23,18efa687-d9a8-4d87-b727-6e65c046ab14,0.7,Picking up food,"3388, Douglas Street, Saanich, British Columbia",20:10
business,uber,2026-05-29,"3388, Douglas Street, Saanich, British Columbia",20:10,4284f127-f7cf-4acd-b007-81fcfdd9cb26,1.1,Picking up food,"3225, Eldon Place, Saanich, British Columbia",20:07
business,uber,2026-05-29,"3225, Eldon Place, Saanich, British Columbia",20:06,3cfad65b-e2d4-4a52-9e37-3d92419199be,2.2,Dropping off delivery,"48.45500, -123.37568",20:00
business,uber,2026-05-29,"Uptown Boulevard, Saanich, British Columbia",19:59,10284725-7350-4ed7-88bc-9ed5f43f943f,1.7,Picking up food,"3180, Albina Street, Saanich, British Columbia",19:54
business,skip,2026-05-29,"3180, Albina Street, Saanich, British Columbia",19:49,fc051849-6844-4d36-910c-23c981e563ac,2.9,Dropping off delivery,"Inverness Road, Saanich, BC, V8X 1G4, Saanich, British Columbia, V8X 1G4",19:39
business,uber,2026-05-29,"Inverness Road, Saanich, British Columbia",19:32,a661bca1-f81a-428c-b777-a80b10b032db,4.8,Dropping off delivery,"48.45003, -123.42625",19:19
business,uber,2026-05-29,"1517, Admirals Road, View Royal, British Columbia",19:18,6736ad78-bfe9-44bf-9e46-1ac5d75bbd06,4.6,Picking up food,"2852, Douglas Street, Victoria, British Columbia",19:06
business,uber,2026-05-29,"2852, Douglas Street, Victoria, British Columbia",19:06,9aff1202-e950-4cd7-9edb-c73429ca896c,2.3,Picking up food,"3098, Washington Avenue, Victoria, British Columbia",18:59
business,uber,2026-05-29,"3098, Washington Avenue, Victoria, British Columbia",18:58,49791417-aa75-459b-977f-3deb6a8f3c56,4.1,Dropping off delivery,"350, Ker Avenue, Saanich, British Columbia",18:49
business,uber,2026-05-29,"48.45212, -123.39775",18:48,53980844-d01c-47d3-8f85-6e1681cdabfd,1.8,Dropping off delivery,"Craigflower Road, Esquimalt, British Columbia",18:40
business,uber,2026-05-29,"48.44136, -123.40171",18:40,a65455b7-776c-4493-aacc-63a30bd234d6,2.2,Picking up food,"48.43947, -123.39356",18:35
business,uber,2026-05-29,"Craigflower Road, Esquimalt, British Columbia",18:33,be6a63e7-5257-4566-b449-48dd94c85e45,2.1,Picking up food,"1280, Craigflower Road, Esquimalt, British Columbia",18:27
business,uber,2026-05-29,"1280, Craigflower Road, Esquimalt, British Columbia",18:27,75dcff84-c580-48fe-97dc-d6359871b4b2,2.8,Dropping off delivery,"123, Gorge Road East, Victoria, British Columbia",18:09
business,uber,2026-05-29,"Gorge Road East, Victoria, British Columbia",18:08,5c3f2ffa-9672-49ec-bdf8-b7574ea208c5,2.6,Dropping off delivery,"Tolmie Avenue, Saanich, British Columbia",17:55
business,uber,2026-05-29,"Tolmie Avenue, Saanich, British Columbia",17:54,f30fa038-04f2-4820-b9e6-2671d80720dd,7,Picking up food,"Royal Oak Drive, Saanich, British Columbia",17:43
business,uber,2026-05-30,"48.43125, -123.34098",13:56,c283f01c-2561-485d-a7ff-c53d42d0f856,2.6,Dropping off delivery,"48.43639, -123.35365",13:50
business,uber,2026-05-30,"48.43650, -123.35361",13:50,56c4e72f-2203-48e1-b74c-87ccc48b8dea,5.8,Dropping off delivery,"McKenzie Avenue, Saanich, British Columbia",13:33
business,uber,2026-05-30,"McKenzie Avenue, Saanich, British Columbia",13:33,238df967-8dc8-4707-b050-dd7de8cbc84a,1.4,Picking up food,"McKenzie Avenue, Saanich, British Columbia",13:25
business,uber,2026-05-30,"1840, McKenzie Avenue, Saanich, British Columbia",13:25,7ce5ada3-937f-4880-b005-cd874e23e647,0.6,Dropping off delivery,"3999, Gordon Head Road, Saanich, British Columbia",13:22
business,uber,2026-05-30,"3999, Gordon Head Road, Saanich, British Columbia",13:21,3c8e71b2-3633-4408-827a-e284bdad1068,6.3,Dropping off delivery,"1053, Balmoral Road, Victoria, British Columbia",13:04
business,uber,2026-05-30,"1053, Balmoral Road, Victoria, British Columbia",13:03,5e2c475a-7d0a-4451-951c-10bd895fe573,0.3,Picking up food,"1545, Vancouver Street, Victoria, British Columbia",12:59
business,uber,2026-05-30,"Vancouver Street, Victoria, British Columbia",12:58,5c2e0a91-e5c4-4ac2-aed7-0ed7e1059085,1.2,Picking up food,"Meares Street, Victoria, British Columbia",12:50
business,uber,2026-05-30,"1016, Cook Street, Victoria, British Columbia",12:49,6a2b5c0e-8b0b-4399-a2d6-1cc6564aa610,0.9,Dropping off delivery,"1080, Douglas Street, Victoria, British Columbia",12:43
business,uber,2026-05-30,"48.42432, -123.36560",12:43,82981bae-d892-420d-abf1-2d2b86f55508,4.5,Picking up food,"1731, Kings Road, Victoria, British Columbia",12:25
business,uber,2026-05-30,"1731, Kings Road, Victoria, British Columbia",12:25,abe31c0a-0535-4f7d-8dc2-1eb937430121,4.4,Dropping off delivery,"48.46953, -123.33337",12:02
business,uber,2026-05-30,"Shelbourne Street, Saanich, British Columbia",12:02,122b1db5-7e30-4fcd-8f1b-ab3b4280ac31,1.8,Picking up food,"4047, Cavallin Court, Saanich, British Columbia",11:57
business,uber,2026-05-30,"4047, Cavallin Court, Saanich, British Columbia",11:57,386afdb7-9078-471c-a8ed-f92f30b03764,3.4,Dropping off delivery,"4545, Gordon Point Drive, Saanich, British Columbia",11:51
business,uber,2026-05-30,"4561, Gordon Point Drive, Saanich, British Columbia",11:50,88a274bc-c400-476a-8e73-8e140b6da59a,5.7,Dropping off delivery,"Cedar Hill Cross Road, Saanich, British Columbia",11:16
business,uber,2026-05-30,"3667B, Shelbourne Street, Saanich, British Columbia",11:15,19056051-2eff-4f45-bc01-8666c78a0e6d,4.1,Picking up food,"4026, Quadra Street, Saanich, British Columbia",11:05
business,uber,2026-05-30,"4026, Quadra Street, Saanich, British Columbia",11:04,e69d62a7-2849-42fa-b1d0-50e4ff78310e,3.5,Dropping off delivery,"A&W, 3335 Douglas Street, Saanich",10:54
business,uber,2026-05-30,"A&W, 3335 Douglas Street, Saanich",10:54,76197c37-4b2e-4098-84d7-6ea1f0378f55,1.9,Picking up food,"267, Tolcross Avenue, Saanich, British Columbia",10:48
business,uber,2026-05-30,"260, Tolcross Avenue, Saanich, British Columbia",10:47,d0eb4671-0579-4789-8a72-15b2284578d4,1.1,Dropping off delivery,"3172, Douglas Street, Victoria, British Columbia",10:36
business,uber,2026-05-30,"Alpha Street, Victoria, British Columbia",10:35,b5a125e4-c26e-4379-b3a7-7344258fdffb,1.4,Picking up food,"3375, Oak Street, Saanich, British Columbia",10:32
business,,2026-05-30,"Erito Sushi, Uptown Boulevard, Saanich",10:32,51ec2b04-dcde-4bd7-b4db-19582e5c70ff,0.9,Going to hot zone,"3541, Blanshard Street, Saanich, British Columbia",10:27
